2026-08-01 13:33:26 | INFO     | app.main | Frontend mounted from C:\Users\MKPOUTO IDIBEKE\Documents\GitHub\Jummikville-Management-System\frontend
INFO:     Started server process [19416]
INFO:     Waiting for application startup.
2026-08-01 13:33:26 | INFO     | app.main | Creating database tables...
2026-08-01 13:33:26,794 INFO sqlalchemy.engine.Engine BEGIN (implicit)
2026-08-01 13:33:26 | INFO     | sqlalchemy.engine.Engine | BEGIN (implicit)
2026-08-01 13:33:26,795 INFO sqlalchemy.engine.Engine PRAGMA main.table_info("schools")
2026-08-01 13:33:26 | INFO     | sqlalchemy.engine.Engine | PRAGMA main.table_info("schools")
2026-08-01 13:33:26,795 INFO sqlalchemy.engine.Engine [raw sql] ()
2026-08-01 13:33:26 | INFO     | sqlalchemy.engine.Engine | [raw sql] ()
2026-08-01 13:33:26,796 INFO sqlalchemy.engine.Engine PRAGMA temp.table_info("schools")
2026-08-01 13:33:26 | INFO     | sqlalchemy.engine.Engine | PRAGMA temp.table_info("schools")
2026-08-01 13:33:26,796 INFO sqlalchemy.engine.Engine [raw sql] ()
2026-08-01 13:33:26 | INFO     | sqlalchemy.engine.Engine | [raw sql] ()
2026-08-01 13:33:26,796 INFO sqlalchemy.engine.Engine PRAGMA main.table_info("students")
2026-08-01 13:33:26 | INFO     | sqlalchemy.engine.Engine | PRAGMA main.table_info("students")
2026-08-01 13:33:26,796 INFO sqlalchemy.engine.Engine [raw sql] ()
2026-08-01 13:33:26 | INFO     | sqlalchemy.engine.Engine | [raw sql] ()
2026-08-01 13:33:26,797 INFO sqlalchemy.engine.Engine PRAGMA temp.table_info("students")
2026-08-01 13:33:26 | INFO     | sqlalchemy.engine.Engine | PRAGMA temp.table_info("students")
2026-08-01 13:33:26,797 INFO sqlalchemy.engine.Engine [raw sql] ()
2026-08-01 13:33:26 | INFO     | sqlalchemy.engine.Engine | [raw sql] ()
2026-08-01 13:33:26,797 INFO sqlalchemy.engine.Engine PRAGMA main.table_info("fee_types")
2026-08-01 13:33:26 | INFO     | sqlalchemy.engine.Engine | PRAGMA main.table_info("fee_types")
2026-08-01 13:33:26,797 INFO sqlalchemy.engine.Engine [raw sql] ()
2026-08-01 13:33:26 | INFO     | sqlalchemy.engine.Engine | [raw sql] ()
2026-08-01 13:33:26,798 INFO sqlalchemy.engine.Engine PRAGMA temp.table_info("fee_types")
2026-08-01 13:33:26 | INFO     | sqlalchemy.engine.Engine | PRAGMA temp.table_info("fee_types")
2026-08-01 13:33:26,799 INFO sqlalchemy.engine.Engine [raw sql] ()
2026-08-01 13:33:26 | INFO     | sqlalchemy.engine.Engine | [raw sql] ()
2026-08-01 13:33:26,799 INFO sqlalchemy.engine.Engine PRAGMA main.table_info("fee_records")
2026-08-01 13:33:26 | INFO     | sqlalchemy.engine.Engine | PRAGMA main.table_info("fee_records")
2026-08-01 13:33:26,799 INFO sqlalchemy.engine.Engine [raw sql] ()
2026-08-01 13:33:26 | INFO     | sqlalchemy.engine.Engine | [raw sql] ()
2026-08-01 13:33:26,800 INFO sqlalchemy.engine.Engine PRAGMA temp.table_info("fee_records")
2026-08-01 13:33:26 | INFO     | sqlalchemy.engine.Engine | PRAGMA temp.table_info("fee_records")
2026-08-01 13:33:26,800 INFO sqlalchemy.engine.Engine [raw sql] ()
2026-08-01 13:33:26 | INFO     | sqlalchemy.engine.Engine | [raw sql] ()
2026-08-01 13:33:26,800 INFO sqlalchemy.engine.Engine PRAGMA main.table_info("payments")
2026-08-01 13:33:26 | INFO     | sqlalchemy.engine.Engine | PRAGMA main.table_info("payments")
2026-08-01 13:33:26,801 INFO sqlalchemy.engine.Engine [raw sql] ()
2026-08-01 13:33:26 | INFO     | sqlalchemy.engine.Engine | [raw sql] ()
2026-08-01 13:33:26,802 INFO sqlalchemy.engine.Engine PRAGMA temp.table_info("payments")
2026-08-01 13:33:26 | INFO     | sqlalchemy.engine.Engine | PRAGMA temp.table_info("payments")
2026-08-01 13:33:26,802 INFO sqlalchemy.engine.Engine [raw sql] ()
2026-08-01 13:33:26 | INFO     | sqlalchemy.engine.Engine | [raw sql] ()
2026-08-01 13:33:26,802 INFO sqlalchemy.engine.Engine PRAGMA main.table_info("activity_logs")
2026-08-01 13:33:26 | INFO     | sqlalchemy.engine.Engine | PRAGMA main.table_info("activity_logs")
2026-08-01 13:33:26,802 INFO sqlalchemy.engine.Engine [raw sql] ()
2026-08-01 13:33:26 | INFO     | sqlalchemy.engine.Engine | [raw sql] ()
2026-08-01 13:33:26,803 INFO sqlalchemy.engine.Engine PRAGMA temp.table_info("activity_logs")
2026-08-01 13:33:26 | INFO     | sqlalchemy.engine.Engine | PRAGMA temp.table_info("activity_logs")
2026-08-01 13:33:26,803 INFO sqlalchemy.engine.Engine [raw sql] ()
2026-08-01 13:33:26 | INFO     | sqlalchemy.engine.Engine | [raw sql] ()
2026-08-01 13:33:26,804 INFO sqlalchemy.engine.Engine PRAGMA main.table_info("users")
2026-08-01 13:33:26 | INFO     | sqlalchemy.engine.Engine | PRAGMA main.table_info("users")
2026-08-01 13:33:26,804 INFO sqlalchemy.engine.Engine [raw sql] ()
2026-08-01 13:33:26 | INFO     | sqlalchemy.engine.Engine | [raw sql] ()
2026-08-01 13:33:26,804 INFO sqlalchemy.engine.Engine PRAGMA temp.table_info("users")
2026-08-01 13:33:26 | INFO     | sqlalchemy.engine.Engine | PRAGMA temp.table_info("users")
2026-08-01 13:33:26,804 INFO sqlalchemy.engine.Engine [raw sql] ()
2026-08-01 13:33:26 | INFO     | sqlalchemy.engine.Engine | [raw sql] ()
2026-08-01 13:33:26,806 INFO sqlalchemy.engine.Engine 
CREATE TABLE schools (
	id INTEGER NOT NULL, 
	name VARCHAR(200) NOT NULL, 
	slug VARCHAR(50) NOT NULL, 
	phone VARCHAR(20), 
	email VARCHAR(200), 
	address VARCHAR(500), 
	is_active BOOLEAN NOT NULL, 
	created_at DATETIME NOT NULL, 
	PRIMARY KEY (id), 
	UNIQUE (slug)
)


2026-08-01 13:33:26 | INFO     | sqlalchemy.engine.Engine | 
CREATE TABLE schools (
	id INTEGER NOT NULL, 
	name VARCHAR(200) NOT NULL, 
	slug VARCHAR(50) NOT NULL, 
	phone VARCHAR(20), 
	email VARCHAR(200), 
	address VARCHAR(500), 
	is_active BOOLEAN NOT NULL, 
	created_at DATETIME NOT NULL, 
	PRIMARY KEY (id), 
	UNIQUE (slug)
)


2026-08-01 13:33:26,806 INFO sqlalchemy.engine.Engine [no key 0.00028s] ()
2026-08-01 13:33:26 | INFO     | sqlalchemy.engine.Engine | [no key 0.00028s] ()
2026-08-01 13:33:26,951 INFO sqlalchemy.engine.Engine 
CREATE TABLE students (
	id INTEGER NOT NULL, 
	school_id INTEGER NOT NULL, 
	student_name VARCHAR(200) NOT NULL, 
	class_name VARCHAR(50), 
	parent_name VARCHAR(200) NOT NULL, 
	parent_phone VARCHAR(20) NOT NULL, 
	parent_email VARCHAR(200), 
	is_active BOOLEAN NOT NULL, 
	created_at DATETIME NOT NULL, 
	PRIMARY KEY (id), 
	FOREIGN KEY(school_id) REFERENCES schools (id)
)


2026-08-01 13:33:26 | INFO     | sqlalchemy.engine.Engine | 
CREATE TABLE students (
	id INTEGER NOT NULL, 
	school_id INTEGER NOT NULL, 
	student_name VARCHAR(200) NOT NULL, 
	class_name VARCHAR(50), 
	parent_name VARCHAR(200) NOT NULL, 
	parent_phone VARCHAR(20) NOT NULL, 
	parent_email VARCHAR(200), 
	is_active BOOLEAN NOT NULL, 
	created_at DATETIME NOT NULL, 
	PRIMARY KEY (id), 
	FOREIGN KEY(school_id) REFERENCES schools (id)
)


2026-08-01 13:33:26,952 INFO sqlalchemy.engine.Engine [no key 0.00078s] ()
2026-08-01 13:33:26 | INFO     | sqlalchemy.engine.Engine | [no key 0.00078s] ()
2026-08-01 13:33:26,976 INFO sqlalchemy.engine.Engine 
CREATE TABLE fee_types (
	id INTEGER NOT NULL, 
	school_id INTEGER NOT NULL, 
	name VARCHAR(200) NOT NULL, 
	term VARCHAR(100) NOT NULL, 
	amount_kobo INTEGER NOT NULL, 
	created_at DATETIME NOT NULL, 
	PRIMARY KEY (id), 
	FOREIGN KEY(school_id) REFERENCES schools (id)
)


2026-08-01 13:33:26 | INFO     | sqlalchemy.engine.Engine | 
CREATE TABLE fee_types (
	id INTEGER NOT NULL, 
	school_id INTEGER NOT NULL, 
	name VARCHAR(200) NOT NULL, 
	term VARCHAR(100) NOT NULL, 
	amount_kobo INTEGER NOT NULL, 
	created_at DATETIME NOT NULL, 
	PRIMARY KEY (id), 
	FOREIGN KEY(school_id) REFERENCES schools (id)
)


2026-08-01 13:33:26,977 INFO sqlalchemy.engine.Engine [no key 0.00082s] ()
2026-08-01 13:33:26 | INFO     | sqlalchemy.engine.Engine | [no key 0.00082s] ()
2026-08-01 13:33:27,207 INFO sqlalchemy.engine.Engine 
CREATE TABLE users (
	id INTEGER NOT NULL, 
	school_id INTEGER NOT NULL, 
	email VARCHAR(200) NOT NULL, 
	hashed_password VARCHAR(200) NOT NULL, 
	role VARCHAR(50) NOT NULL, 
	is_active BOOLEAN NOT NULL, 
	created_at DATETIME NOT NULL, 
	last_login DATETIME, 
	PRIMARY KEY (id), 
	FOREIGN KEY(school_id) REFERENCES schools (id), 
	UNIQUE (email)
)


2026-08-01 13:33:27 | INFO     | sqlalchemy.engine.Engine | 
CREATE TABLE users (
	id INTEGER NOT NULL, 
	school_id INTEGER NOT NULL, 
	email VARCHAR(200) NOT NULL, 
	hashed_password VARCHAR(200) NOT NULL, 
	role VARCHAR(50) NOT NULL, 
	is_active BOOLEAN NOT NULL, 
	created_at DATETIME NOT NULL, 
	last_login DATETIME, 
	PRIMARY KEY (id), 
	FOREIGN KEY(school_id) REFERENCES schools (id), 
	UNIQUE (email)
)


2026-08-01 13:33:27,209 INFO sqlalchemy.engine.Engine [no key 0.00127s] ()
2026-08-01 13:33:27 | INFO     | sqlalchemy.engine.Engine | [no key 0.00127s] ()
2026-08-01 13:33:27,436 INFO sqlalchemy.engine.Engine 
CREATE TABLE fee_records (
	id INTEGER NOT NULL, 
	student_id INTEGER NOT NULL, 
	fee_type_id INTEGER NOT NULL, 
	total_fees_kobo INTEGER NOT NULL, 
	amount_paid_kobo INTEGER NOT NULL, 
	status VARCHAR(20) NOT NULL, 
	created_at DATETIME NOT NULL, 
	updated_at DATETIME NOT NULL, 
	PRIMARY KEY (id), 
	FOREIGN KEY(student_id) REFERENCES students (id), 
	FOREIGN KEY(fee_type_id) REFERENCES fee_types (id)
)


2026-08-01 13:33:27 | INFO     | sqlalchemy.engine.Engine | 
CREATE TABLE fee_records (
	id INTEGER NOT NULL, 
	student_id INTEGER NOT NULL, 
	fee_type_id INTEGER NOT NULL, 
	total_fees_kobo INTEGER NOT NULL, 
	amount_paid_kobo INTEGER NOT NULL, 
	status VARCHAR(20) NOT NULL, 
	created_at DATETIME NOT NULL, 
	updated_at DATETIME NOT NULL, 
	PRIMARY KEY (id), 
	FOREIGN KEY(student_id) REFERENCES students (id), 
	FOREIGN KEY(fee_type_id) REFERENCES fee_types (id)
)


2026-08-01 13:33:27,436 INFO sqlalchemy.engine.Engine [no key 0.00068s] ()
2026-08-01 13:33:27 | INFO     | sqlalchemy.engine.Engine | [no key 0.00068s] ()
2026-08-01 13:33:27,465 INFO sqlalchemy.engine.Engine 
CREATE TABLE activity_logs (
	id INTEGER NOT NULL, 
	school_id INTEGER NOT NULL, 
	student_id INTEGER, 
	action VARCHAR(50) NOT NULL, 
	description VARCHAR(500) NOT NULL, 
	created_at DATETIME NOT NULL, 
	PRIMARY KEY (id), 
	FOREIGN KEY(school_id) REFERENCES schools (id), 
	FOREIGN KEY(student_id) REFERENCES students (id)
)


2026-08-01 13:33:27 | INFO     | sqlalchemy.engine.Engine | 
CREATE TABLE activity_logs (
	id INTEGER NOT NULL, 
	school_id INTEGER NOT NULL, 
	student_id INTEGER, 
	action VARCHAR(50) NOT NULL, 
	description VARCHAR(500) NOT NULL, 
	created_at DATETIME NOT NULL, 
	PRIMARY KEY (id), 
	FOREIGN KEY(school_id) REFERENCES schools (id), 
	FOREIGN KEY(student_id) REFERENCES students (id)
)


2026-08-01 13:33:27,465 INFO sqlalchemy.engine.Engine [no key 0.00058s] ()
2026-08-01 13:33:27 | INFO     | sqlalchemy.engine.Engine | [no key 0.00058s] ()
2026-08-01 13:33:27,481 INFO sqlalchemy.engine.Engine 
CREATE TABLE payments (
	id INTEGER NOT NULL, 
	fee_record_id INTEGER NOT NULL, 
	amount_kobo INTEGER NOT NULL, 
	method VARCHAR(20) NOT NULL, 
	paystack_reference VARCHAR(200), 
	recorded_by VARCHAR(200), 
	note TEXT, 
	paid_at DATETIME NOT NULL, 
	created_at DATETIME NOT NULL, 
	PRIMARY KEY (id), 
	FOREIGN KEY(fee_record_id) REFERENCES fee_records (id), 
	UNIQUE (paystack_reference)
)


2026-08-01 13:33:27 | INFO     | sqlalchemy.engine.Engine | 
CREATE TABLE payments (
	id INTEGER NOT NULL, 
	fee_record_id INTEGER NOT NULL, 
	amount_kobo INTEGER NOT NULL, 
	method VARCHAR(20) NOT NULL, 
	paystack_reference VARCHAR(200), 
	recorded_by VARCHAR(200), 
	note TEXT, 
	paid_at DATETIME NOT NULL, 
	created_at DATETIME NOT NULL, 
	PRIMARY KEY (id), 
	FOREIGN KEY(fee_record_id) REFERENCES fee_records (id), 
	UNIQUE (paystack_reference)
)


2026-08-01 13:33:27,481 INFO sqlalchemy.engine.Engine [no key 0.00078s] ()
2026-08-01 13:33:27 | INFO     | sqlalchemy.engine.Engine | [no key 0.00078s] ()
2026-08-01 13:33:27,694 INFO sqlalchemy.engine.Engine COMMIT
2026-08-01 13:33:27 | INFO     | sqlalchemy.engine.Engine | COMMIT
2026-08-01 13:33:27 | INFO     | app.main | Database tables ready.
2026-08-01 13:33:27,759 INFO sqlalchemy.engine.Engine BEGIN (implicit)
2026-08-01 13:33:27 | INFO     | sqlalchemy.engine.Engine | BEGIN (implicit)
2026-08-01 13:33:27,765 INFO sqlalchemy.engine.Engine SELECT users.id AS users_id, users.school_id AS users_school_id, users.email AS users_email, users.hashed_password AS users_hashed_password, users.role AS users_role, users.is_active AS users_is_active, users.created_at AS users_created_at, users.last_login AS users_last_login 
FROM users 
WHERE users.email = ?
 LIMIT ? OFFSET ?
2026-08-01 13:33:27 | INFO     | sqlalchemy.engine.Engine | SELECT users.id AS users_id, users.school_id AS users_school_id, users.email AS users_email, users.hashed_password AS users_hashed_password, users.role AS users_role, users.is_active AS users_is_active, users.created_at AS users_created_at, users.last_login AS users_last_login 
FROM users 
WHERE users.email = ?
 LIMIT ? OFFSET ?
2026-08-01 13:33:27,766 INFO sqlalchemy.engine.Engine [generated in 0.00098s] ('admin@jummikville.sch', 1, 0)
2026-08-01 13:33:27 | INFO     | sqlalchemy.engine.Engine | [generated in 0.00098s] ('admin@jummikville.sch', 1, 0)
2026-08-01 13:33:27,771 INFO sqlalchemy.engine.Engine SELECT schools.id AS schools_id, schools.name AS schools_name, schools.slug AS schools_slug, schools.phone AS schools_phone, schools.email AS schools_email, schools.address AS schools_address, schools.is_active AS schools_is_active, schools.created_at AS schools_created_at 
FROM schools 
WHERE schools.slug = ?
 LIMIT ? OFFSET ?
2026-08-01 13:33:27 | INFO     | sqlalchemy.engine.Engine | SELECT schools.id AS schools_id, schools.name AS schools_name, schools.slug AS schools_slug, schools.phone AS schools_phone, schools.email AS schools_email, schools.address AS schools_address, schools.is_active AS schools_is_active, schools.created_at AS schools_created_at 
FROM schools 
WHERE schools.slug = ?
 LIMIT ? OFFSET ?
2026-08-01 13:33:27,771 INFO sqlalchemy.engine.Engine [generated in 0.00032s] ('jummikville', 1, 0)
2026-08-01 13:33:27 | INFO     | sqlalchemy.engine.Engine | [generated in 0.00032s] ('jummikville', 1, 0)
2026-08-01 13:33:27,774 INFO sqlalchemy.engine.Engine INSERT INTO schools (name, slug, phone, email, address, is_active, created_at) VALUES (?, ?, ?, ?, ?, ?, ?)
2026-08-01 13:33:27 | INFO     | sqlalchemy.engine.Engine | INSERT INTO schools (name, slug, phone, email, address, is_active, created_at) VALUES (?, ?, ?, ?, ?, ?, ?)
2026-08-01 13:33:27,774 INFO sqlalchemy.engine.Engine [generated in 0.00043s] ('Jummikville Academy', 'jummikville', None, 'admin@jummikville.sch', None, 1, '2026-08-01 12:33:27.774344')
2026-08-01 13:33:27 | INFO     | sqlalchemy.engine.Engine | [generated in 0.00043s] ('Jummikville Academy', 'jummikville', None, 'admin@jummikville.sch', None, 1, '2026-08-01 12:33:27.774344')
2026-08-01 13:33:27 | INFO     | app.main | Created default school: Jummikville Academy (id=1)
2026-08-01 13:33:28,006 INFO sqlalchemy.engine.Engine INSERT INTO users (school_id, email, hashed_password, role, is_active, created_at, last_login) VALUES (?, ?, ?, ?, ?, ?, ?)
2026-08-01 13:33:28 | INFO     | sqlalchemy.engine.Engine | INSERT INTO users (school_id, email, hashed_password, role, is_active, created_at, last_login) VALUES (?, ?, ?, ?, ?, ?, ?)
2026-08-01 13:33:28,007 INFO sqlalchemy.engine.Engine [generated in 0.00073s] (1, 'admin@jummikville.sch', 'pbkdf2_sha256$200000$67880a371089bddb10a71109fb368834$e7a62893a99e9802d6bd7acfbebe95df13e77820eb86e866fc876d123b4b6a05', 'admin', 1, '2026-08-01 12:33:28.006428', None)
2026-08-01 13:33:28 | INFO     | sqlalchemy.engine.Engine | [generated in 0.00073s] (1, 'admin@jummikville.sch', 'pbkdf2_sha256$200000$67880a371089bddb10a71109fb368834$e7a62893a99e9802d6bd7acfbebe95df13e77820eb86e866fc876d123b4b6a05', 'admin', 1, '2026-08-01 12:33:28.006428', None)
2026-08-01 13:33:28,008 INFO sqlalchemy.engine.Engine COMMIT
2026-08-01 13:33:28 | INFO     | sqlalchemy.engine.Engine | COMMIT
2026-08-01 13:33:28,061 INFO sqlalchemy.engine.Engine BEGIN (implicit)
2026-08-01 13:33:28 | INFO     | sqlalchemy.engine.Engine | BEGIN (implicit)
2026-08-01 13:33:28,062 INFO sqlalchemy.engine.Engine SELECT users.id AS users_id, users.school_id AS users_school_id, users.email AS users_email, users.hashed_password AS users_hashed_password, users.role AS users_role, users.is_active AS users_is_active, users.created_at AS users_created_at, users.last_login AS users_last_login 
FROM users 
WHERE users.id = ?
2026-08-01 13:33:28 | INFO     | sqlalchemy.engine.Engine | SELECT users.id AS users_id, users.school_id AS users_school_id, users.email AS users_email, users.hashed_password AS users_hashed_password, users.role AS users_role, users.is_active AS users_is_active, users.created_at AS users_created_at, users.last_login AS users_last_login 
FROM users 
WHERE users.id = ?
2026-08-01 13:33:28,063 INFO sqlalchemy.engine.Engine [generated in 0.00032s] (1,)
2026-08-01 13:33:28 | INFO     | sqlalchemy.engine.Engine | [generated in 0.00032s] (1,)
2026-08-01 13:33:28 | INFO     | app.main | Seeded admin account: admin@jummikville.sch
2026-08-01 13:33:28,063 INFO sqlalchemy.engine.Engine ROLLBACK
2026-08-01 13:33:28 | INFO     | sqlalchemy.engine.Engine | ROLLBACK
INFO:     Application startup complete.
INFO:     Uvicorn running on http://127.0.0.1:8000 (Press CTRL+C to quit)
2026-08-01 13:33:59,071 INFO sqlalchemy.engine.Engine BEGIN (implicit)
2026-08-01 13:33:59 | INFO     | sqlalchemy.engine.Engine | BEGIN (implicit)
2026-08-01 13:33:59,071 INFO sqlalchemy.engine.Engine SELECT users.id AS users_id, users.school_id AS users_school_id, users.email AS users_email, users.hashed_password AS users_hashed_password, users.role AS users_role, users.is_active AS users_is_active, users.created_at AS users_created_at, users.last_login AS users_last_login 
FROM users 
WHERE users.email = ?
 LIMIT ? OFFSET ?
2026-08-01 13:33:59 | INFO     | sqlalchemy.engine.Engine | SELECT users.id AS users_id, users.school_id AS users_school_id, users.email AS users_email, users.hashed_password AS users_hashed_password, users.role AS users_role, users.is_active AS users_is_active, users.created_at AS users_created_at, users.last_login AS users_last_login 
FROM users 
WHERE users.email = ?
 LIMIT ? OFFSET ?
2026-08-01 13:33:59,072 INFO sqlalchemy.engine.Engine [cached since 31.31s ago] ('admin@jummikville.sch', 1, 0)
2026-08-01 13:33:59 | INFO     | sqlalchemy.engine.Engine | [cached since 31.31s ago] ('admin@jummikville.sch', 1, 0)
2026-08-01 13:33:59,267 INFO sqlalchemy.engine.Engine UPDATE users SET last_login=? WHERE users.id = ?
2026-08-01 13:33:59 | INFO     | sqlalchemy.engine.Engine | UPDATE users SET last_login=? WHERE users.id = ?
2026-08-01 13:33:59,267 INFO sqlalchemy.engine.Engine [generated in 0.00028s] ('2026-08-01 12:33:59.266161', 1)
2026-08-01 13:33:59 | INFO     | sqlalchemy.engine.Engine | [generated in 0.00028s] ('2026-08-01 12:33:59.266161', 1)
2026-08-01 13:33:59,270 INFO sqlalchemy.engine.Engine COMMIT
2026-08-01 13:33:59 | INFO     | sqlalchemy.engine.Engine | COMMIT
2026-08-01 13:33:59,289 INFO sqlalchemy.engine.Engine BEGIN (implicit)
2026-08-01 13:33:59 | INFO     | sqlalchemy.engine.Engine | BEGIN (implicit)
2026-08-01 13:33:59,291 INFO sqlalchemy.engine.Engine SELECT users.id, users.school_id, users.email, users.hashed_password, users.role, users.is_active, users.created_at, users.last_login 
FROM users 
WHERE users.id = ?
2026-08-01 13:33:59 | INFO     | sqlalchemy.engine.Engine | SELECT users.id, users.school_id, users.email, users.hashed_password, users.role, users.is_active, users.created_at, users.last_login 
FROM users 
WHERE users.id = ?
2026-08-01 13:33:59,291 INFO sqlalchemy.engine.Engine [generated in 0.00031s] (1,)
2026-08-01 13:33:59 | INFO     | sqlalchemy.engine.Engine | [generated in 0.00031s] (1,)
2026-08-01 13:33:59 | INFO     | app.routers.auth | Login successful: admin@jummikville.sch (id=1)
INFO:     127.0.0.1:52992 - "POST /api/v1/auth/login HTTP/1.1" 200 OK
2026-08-01 13:33:59,421 INFO sqlalchemy.engine.Engine ROLLBACK
2026-08-01 13:33:59 | INFO     | sqlalchemy.engine.Engine | ROLLBACK
2026-08-01 13:33:59,996 INFO sqlalchemy.engine.Engine BEGIN (implicit)
2026-08-01 13:33:59 | INFO     | sqlalchemy.engine.Engine | BEGIN (implicit)
2026-08-01 13:33:59,998 INFO sqlalchemy.engine.Engine SELECT users.id AS users_id, users.school_id AS users_school_id, users.email AS users_email, users.hashed_password AS users_hashed_password, users.role AS users_role, users.is_active AS users_is_active, users.created_at AS users_created_at, users.last_login AS users_last_login 
FROM users 
WHERE users.id = ?
 LIMIT ? OFFSET ?
2026-08-01 13:33:59 | INFO     | sqlalchemy.engine.Engine | SELECT users.id AS users_id, users.school_id AS users_school_id, users.email AS users_email, users.hashed_password AS users_hashed_password, users.role AS users_role, users.is_active AS users_is_active, users.created_at AS users_created_at, users.last_login AS users_last_login 
FROM users 
WHERE users.id = ?
 LIMIT ? OFFSET ?
2026-08-01 13:33:59,998 INFO sqlalchemy.engine.Engine [generated in 0.00036s] (1, 1, 0)
2026-08-01 13:33:59 | INFO     | sqlalchemy.engine.Engine | [generated in 0.00036s] (1, 1, 0)
2026-08-01 13:34:00,001 INFO sqlalchemy.engine.Engine SELECT schools.id AS schools_id, schools.name AS schools_name, schools.slug AS schools_slug, schools.phone AS schools_phone, schools.email AS schools_email, schools.address AS schools_address, schools.is_active AS schools_is_active, schools.created_at AS schools_created_at 
FROM schools 
WHERE schools.id = ?
 LIMIT ? OFFSET ?
2026-08-01 13:34:00 | INFO     | sqlalchemy.engine.Engine | SELECT schools.id AS schools_id, schools.name AS schools_name, schools.slug AS schools_slug, schools.phone AS schools_phone, schools.email AS schools_email, schools.address AS schools_address, schools.is_active AS schools_is_active, schools.created_at AS schools_created_at 
FROM schools 
WHERE schools.id = ?
 LIMIT ? OFFSET ?
2026-08-01 13:34:00,002 INFO sqlalchemy.engine.Engine [generated in 0.00032s] (1, 1, 0)
2026-08-01 13:34:00 | INFO     | sqlalchemy.engine.Engine | [generated in 0.00032s] (1, 1, 0)
2026-08-01 13:34:00,009 INFO sqlalchemy.engine.Engine SELECT students.id AS students_id, students.school_id AS students_school_id, students.student_name AS students_student_name, students.class_name AS students_class_name, students.parent_name AS students_parent_name, students.parent_phone AS students_parent_phone, students.parent_email AS students_parent_email, students.is_active AS students_is_active, students.created_at AS students_created_at, fee_records_1.id AS fee_records_1_id, fee_records_1.student_id AS fee_records_1_student_id, fee_records_1.fee_type_id AS fee_records_1_fee_type_id, fee_records_1.total_fees_kobo AS fee_records_1_total_fees_kobo, fee_records_1.amount_paid_kobo AS fee_records_1_amount_paid_kobo, fee_records_1.status AS fee_records_1_status, fee_records_1.created_at AS fee_records_1_created_at, fee_records_1.updated_at AS fee_records_1_updated_at 
FROM students LEFT OUTER JOIN fee_records AS fee_records_1 ON students.id = fee_records_1.student_id 
WHERE students.school_id = ? AND students.is_active = 1
2026-08-01 13:34:00 | INFO     | sqlalchemy.engine.Engine | SELECT students.id AS students_id, students.school_id AS students_school_id, students.student_name AS students_student_name, students.class_name AS students_class_name, students.parent_name AS students_parent_name, students.parent_phone AS students_parent_phone, students.parent_email AS students_parent_email, students.is_active AS students_is_active, students.created_at AS students_created_at, fee_records_1.id AS fee_records_1_id, fee_records_1.student_id AS fee_records_1_student_id, fee_records_1.fee_type_id AS fee_records_1_fee_type_id, fee_records_1.total_fees_kobo AS fee_records_1_total_fees_kobo, fee_records_1.amount_paid_kobo AS fee_records_1_amount_paid_kobo, fee_records_1.status AS fee_records_1_status, fee_records_1.created_at AS fee_records_1_created_at, fee_records_1.updated_at AS fee_records_1_updated_at 
FROM students LEFT OUTER JOIN fee_records AS fee_records_1 ON students.id = fee_records_1.student_id 
WHERE students.school_id = ? AND students.is_active = 1
2026-08-01 13:34:00,009 INFO sqlalchemy.engine.Engine [generated in 0.00047s] (1,)
2026-08-01 13:34:00 | INFO     | sqlalchemy.engine.Engine | [generated in 0.00047s] (1,)
INFO:     127.0.0.1:52994 - "GET /api/v1/dashboard/summary?school_id=1 HTTP/1.1" 200 OK
2026-08-01 13:34:00,106 INFO sqlalchemy.engine.Engine ROLLBACK
2026-08-01 13:34:00 | INFO     | sqlalchemy.engine.Engine | ROLLBACK
INFO:     127.0.0.1:53031 - "GET / HTTP/1.1" 304 Not Modified
INFO:     127.0.0.1:53031 - "GET /app.js HTTP/1.1" 304 Not Modified
INFO:     127.0.0.1:53031 - "GET /api/v1/auth/me HTTP/1.1" 401 Unauthorized
INFO:     127.0.0.1:53031 - "GET /api/v1/auth/me HTTP/1.1" 401 Unauthorized
2026-08-01 13:34:53,212 INFO sqlalchemy.engine.Engine BEGIN (implicit)
2026-08-01 13:34:53 | INFO     | sqlalchemy.engine.Engine | BEGIN (implicit)
2026-08-01 13:34:53,213 INFO sqlalchemy.engine.Engine SELECT users.id AS users_id, users.school_id AS users_school_id, users.email AS users_email, users.hashed_password AS users_hashed_password, users.role AS users_role, users.is_active AS users_is_active, users.created_at AS users_created_at, users.last_login AS users_last_login 
FROM users 
WHERE users.email = ?
 LIMIT ? OFFSET ?
2026-08-01 13:34:53 | INFO     | sqlalchemy.engine.Engine | SELECT users.id AS users_id, users.school_id AS users_school_id, users.email AS users_email, users.hashed_password AS users_hashed_password, users.role AS users_role, users.is_active AS users_is_active, users.created_at AS users_created_at, users.last_login AS users_last_login 
FROM users 
WHERE users.email = ?
 LIMIT ? OFFSET ?
2026-08-01 13:34:53,213 INFO sqlalchemy.engine.Engine [cached since 85.45s ago] ('admin@jummikville.sch', 1, 0)
2026-08-01 13:34:53 | INFO     | sqlalchemy.engine.Engine | [cached since 85.45s ago] ('admin@jummikville.sch', 1, 0)
2026-08-01 13:34:53,379 INFO sqlalchemy.engine.Engine UPDATE users SET last_login=? WHERE users.id = ?
2026-08-01 13:34:53 | INFO     | sqlalchemy.engine.Engine | UPDATE users SET last_login=? WHERE users.id = ?
2026-08-01 13:34:53,379 INFO sqlalchemy.engine.Engine [cached since 54.11s ago] ('2026-08-01 12:34:53.379095', 1)
2026-08-01 13:34:53 | INFO     | sqlalchemy.engine.Engine | [cached since 54.11s ago] ('2026-08-01 12:34:53.379095', 1)
2026-08-01 13:34:53,456 INFO sqlalchemy.engine.Engine COMMIT
2026-08-01 13:34:53 | INFO     | sqlalchemy.engine.Engine | COMMIT
2026-08-01 13:34:53,473 INFO sqlalchemy.engine.Engine BEGIN (implicit)
2026-08-01 13:34:53 | INFO     | sqlalchemy.engine.Engine | BEGIN (implicit)
2026-08-01 13:34:53,474 INFO sqlalchemy.engine.Engine SELECT users.id, users.school_id, users.email, users.hashed_password, users.role, users.is_active, users.created_at, users.last_login 
FROM users 
WHERE users.id = ?
2026-08-01 13:34:53 | INFO     | sqlalchemy.engine.Engine | SELECT users.id, users.school_id, users.email, users.hashed_password, users.role, users.is_active, users.created_at, users.last_login 
FROM users 
WHERE users.id = ?
2026-08-01 13:34:53,474 INFO sqlalchemy.engine.Engine [cached since 54.18s ago] (1,)
2026-08-01 13:34:53 | INFO     | sqlalchemy.engine.Engine | [cached since 54.18s ago] (1,)
2026-08-01 13:34:53 | INFO     | app.routers.auth | Login successful: admin@jummikville.sch (id=1)
INFO:     127.0.0.1:53030 - "POST /api/v1/auth/login HTTP/1.1" 200 OK
2026-08-01 13:34:53,477 INFO sqlalchemy.engine.Engine ROLLBACK
2026-08-01 13:34:53 | INFO     | sqlalchemy.engine.Engine | ROLLBACK
2026-08-01 13:34:53,651 INFO sqlalchemy.engine.Engine BEGIN (implicit)
2026-08-01 13:34:53 | INFO     | sqlalchemy.engine.Engine | BEGIN (implicit)
2026-08-01 13:34:53,656 INFO sqlalchemy.engine.Engine SELECT users.id AS users_id, users.school_id AS users_school_id, users.email AS users_email, users.hashed_password AS users_hashed_password, users.role AS users_role, users.is_active AS users_is_active, users.created_at AS users_created_at, users.last_login AS users_last_login 
FROM users 
WHERE users.id = ?
 LIMIT ? OFFSET ?
2026-08-01 13:34:53 | INFO     | sqlalchemy.engine.Engine | SELECT users.id AS users_id, users.school_id AS users_school_id, users.email AS users_email, users.hashed_password AS users_hashed_password, users.role AS users_role, users.is_active AS users_is_active, users.created_at AS users_created_at, users.last_login AS users_last_login 
FROM users 
WHERE users.id = ?
 LIMIT ? OFFSET ?
2026-08-01 13:34:53,657 INFO sqlalchemy.engine.Engine [cached since 53.66s ago] (1, 1, 0)
2026-08-01 13:34:53 | INFO     | sqlalchemy.engine.Engine | [cached since 53.66s ago] (1, 1, 0)
2026-08-01 13:34:53,662 INFO sqlalchemy.engine.Engine SELECT schools.id AS schools_id, schools.name AS schools_name, schools.slug AS schools_slug, schools.phone AS schools_phone, schools.email AS schools_email, schools.address AS schools_address, schools.is_active AS schools_is_active, schools.created_at AS schools_created_at 
FROM schools 
WHERE schools.id = ?
 LIMIT ? OFFSET ?
2026-08-01 13:34:53 | INFO     | sqlalchemy.engine.Engine | SELECT schools.id AS schools_id, schools.name AS schools_name, schools.slug AS schools_slug, schools.phone AS schools_phone, schools.email AS schools_email, schools.address AS schools_address, schools.is_active AS schools_is_active, schools.created_at AS schools_created_at 
FROM schools 
WHERE schools.id = ?
 LIMIT ? OFFSET ?
2026-08-01 13:34:53,663 INFO sqlalchemy.engine.Engine [cached since 53.66s ago] (1, 1, 0)
2026-08-01 13:34:53 | INFO     | sqlalchemy.engine.Engine | [cached since 53.66s ago] (1, 1, 0)
2026-08-01 13:34:53,665 INFO sqlalchemy.engine.Engine SELECT students.id AS students_id, students.school_id AS students_school_id, students.student_name AS students_student_name, students.class_name AS students_class_name, students.parent_name AS students_parent_name, students.parent_phone AS students_parent_phone, students.parent_email AS students_parent_email, students.is_active AS students_is_active, students.created_at AS students_created_at, fee_records_1.id AS fee_records_1_id, fee_records_1.student_id AS fee_records_1_student_id, fee_records_1.fee_type_id AS fee_records_1_fee_type_id, fee_records_1.total_fees_kobo AS fee_records_1_total_fees_kobo, fee_records_1.amount_paid_kobo AS fee_records_1_amount_paid_kobo, fee_records_1.status AS fee_records_1_status, fee_records_1.created_at AS fee_records_1_created_at, fee_records_1.updated_at AS fee_records_1_updated_at 
FROM students LEFT OUTER JOIN fee_records AS fee_records_1 ON students.id = fee_records_1.student_id 
WHERE students.school_id = ? AND students.is_active = 1
2026-08-01 13:34:53 | INFO     | sqlalchemy.engine.Engine | SELECT students.id AS students_id, students.school_id AS students_school_id, students.student_name AS students_student_name, students.class_name AS students_class_name, students.parent_name AS students_parent_name, students.parent_phone AS students_parent_phone, students.parent_email AS students_parent_email, students.is_active AS students_is_active, students.created_at AS students_created_at, fee_records_1.id AS fee_records_1_id, fee_records_1.student_id AS fee_records_1_student_id, fee_records_1.fee_type_id AS fee_records_1_fee_type_id, fee_records_1.total_fees_kobo AS fee_records_1_total_fees_kobo, fee_records_1.amount_paid_kobo AS fee_records_1_amount_paid_kobo, fee_records_1.status AS fee_records_1_status, fee_records_1.created_at AS fee_records_1_created_at, fee_records_1.updated_at AS fee_records_1_updated_at 
FROM students LEFT OUTER JOIN fee_records AS fee_records_1 ON students.id = fee_records_1.student_id 
WHERE students.school_id = ? AND students.is_active = 1
2026-08-01 13:34:53,665 INFO sqlalchemy.engine.Engine [cached since 53.66s ago] (1,)
2026-08-01 13:34:53 | INFO     | sqlalchemy.engine.Engine | [cached since 53.66s ago] (1,)
INFO:     127.0.0.1:53030 - "GET /api/v1/dashboard/summary?school_id=1 HTTP/1.1" 200 OK
2026-08-01 13:34:53,669 INFO sqlalchemy.engine.Engine ROLLBACK
2026-08-01 13:34:53 | INFO     | sqlalchemy.engine.Engine | ROLLBACK
2026-08-01 13:34:53,672 INFO sqlalchemy.engine.Engine BEGIN (implicit)
2026-08-01 13:34:53 | INFO     | sqlalchemy.engine.Engine | BEGIN (implicit)
2026-08-01 13:34:53,673 INFO sqlalchemy.engine.Engine SELECT users.id AS users_id, users.school_id AS users_school_id, users.email AS users_email, users.hashed_password AS users_hashed_password, users.role AS users_role, users.is_active AS users_is_active, users.created_at AS users_created_at, users.last_login AS users_last_login 
FROM users 
WHERE users.id = ?
 LIMIT ? OFFSET ?
2026-08-01 13:34:53 | INFO     | sqlalchemy.engine.Engine | SELECT users.id AS users_id, users.school_id AS users_school_id, users.email AS users_email, users.hashed_password AS users_hashed_password, users.role AS users_role, users.is_active AS users_is_active, users.created_at AS users_created_at, users.last_login AS users_last_login 
FROM users 
WHERE users.id = ?
 LIMIT ? OFFSET ?
2026-08-01 13:34:53,674 INFO sqlalchemy.engine.Engine [cached since 53.68s ago] (1, 1, 0)
2026-08-01 13:34:53 | INFO     | sqlalchemy.engine.Engine | [cached since 53.68s ago] (1, 1, 0)
2026-08-01 13:34:53,690 INFO sqlalchemy.engine.Engine SELECT activity_logs.id AS activity_logs_id, activity_logs.school_id AS activity_logs_school_id, activity_logs.student_id AS activity_logs_student_id, activity_logs.action AS activity_logs_action, activity_logs.description AS activity_logs_description, activity_logs.created_at AS activity_logs_created_at 
FROM activity_logs 
WHERE activity_logs.school_id = ? ORDER BY activity_logs.created_at DESC
 LIMIT ? OFFSET ?
2026-08-01 13:34:53 | INFO     | sqlalchemy.engine.Engine | SELECT activity_logs.id AS activity_logs_id, activity_logs.school_id AS activity_logs_school_id, activity_logs.student_id AS activity_logs_student_id, activity_logs.action AS activity_logs_action, activity_logs.description AS activity_logs_description, activity_logs.created_at AS activity_logs_created_at 
FROM activity_logs 
WHERE activity_logs.school_id = ? ORDER BY activity_logs.created_at DESC
 LIMIT ? OFFSET ?
2026-08-01 13:34:53,691 INFO sqlalchemy.engine.Engine [generated in 0.00108s] (1, 6, 0)
2026-08-01 13:34:53 | INFO     | sqlalchemy.engine.Engine | [generated in 0.00108s] (1, 6, 0)
2026-08-01 13:34:53,693 INFO sqlalchemy.engine.Engine BEGIN (implicit)
2026-08-01 13:34:53 | INFO     | sqlalchemy.engine.Engine | BEGIN (implicit)
2026-08-01 13:34:53,700 INFO sqlalchemy.engine.Engine SELECT users.id AS users_id, users.school_id AS users_school_id, users.email AS users_email, users.hashed_password AS users_hashed_password, users.role AS users_role, users.is_active AS users_is_active, users.created_at AS users_created_at, users.last_login AS users_last_login 
FROM users 
WHERE users.id = ?
 LIMIT ? OFFSET ?
2026-08-01 13:34:53 | INFO     | sqlalchemy.engine.Engine | SELECT users.id AS users_id, users.school_id AS users_school_id, users.email AS users_email, users.hashed_password AS users_hashed_password, users.role AS users_role, users.is_active AS users_is_active, users.created_at AS users_created_at, users.last_login AS users_last_login 
FROM users 
WHERE users.id = ?
 LIMIT ? OFFSET ?
2026-08-01 13:34:53,700 INFO sqlalchemy.engine.Engine [cached since 53.7s ago] (1, 1, 0)
2026-08-01 13:34:53 | INFO     | sqlalchemy.engine.Engine | [cached since 53.7s ago] (1, 1, 0)
INFO:     127.0.0.1:53032 - "GET /api/v1/activity/?school_id=1&limit=6 HTTP/1.1" 200 OK
2026-08-01 13:34:53,707 INFO sqlalchemy.engine.Engine ROLLBACK
2026-08-01 13:34:53 | INFO     | sqlalchemy.engine.Engine | ROLLBACK
2026-08-01 13:34:53,708 INFO sqlalchemy.engine.Engine SELECT schools.id AS schools_id, schools.name AS schools_name, schools.slug AS schools_slug, schools.phone AS schools_phone, schools.email AS schools_email, schools.address AS schools_address, schools.is_active AS schools_is_active, schools.created_at AS schools_created_at 
FROM schools 
WHERE schools.id = ?
 LIMIT ? OFFSET ?
2026-08-01 13:34:53 | INFO     | sqlalchemy.engine.Engine | SELECT schools.id AS schools_id, schools.name AS schools_name, schools.slug AS schools_slug, schools.phone AS schools_phone, schools.email AS schools_email, schools.address AS schools_address, schools.is_active AS schools_is_active, schools.created_at AS schools_created_at 
FROM schools 
WHERE schools.id = ?
 LIMIT ? OFFSET ?
2026-08-01 13:34:53,709 INFO sqlalchemy.engine.Engine [cached since 53.71s ago] (1, 1, 0)
2026-08-01 13:34:53 | INFO     | sqlalchemy.engine.Engine | [cached since 53.71s ago] (1, 1, 0)
2026-08-01 13:34:53,714 INFO sqlalchemy.engine.Engine SELECT students.id AS students_id, students.school_id AS students_school_id, students.student_name AS students_student_name, students.class_name AS students_class_name, students.parent_name AS students_parent_name, students.parent_phone AS students_parent_phone, students.parent_email AS students_parent_email, students.is_active AS students_is_active, students.created_at AS students_created_at, fee_records_1.id AS fee_records_1_id, fee_records_1.student_id AS fee_records_1_student_id, fee_records_1.fee_type_id AS fee_records_1_fee_type_id, fee_records_1.total_fees_kobo AS fee_records_1_total_fees_kobo, fee_records_1.amount_paid_kobo AS fee_records_1_amount_paid_kobo, fee_records_1.status AS fee_records_1_status, fee_records_1.created_at AS fee_records_1_created_at, fee_records_1.updated_at AS fee_records_1_updated_at 
FROM students LEFT OUTER JOIN fee_records AS fee_records_1 ON students.id = fee_records_1.student_id 
WHERE students.school_id = ? AND students.is_active = 1 ORDER BY students.student_name
2026-08-01 13:34:53 | INFO     | sqlalchemy.engine.Engine | SELECT students.id AS students_id, students.school_id AS students_school_id, students.student_name AS students_student_name, students.class_name AS students_class_name, students.parent_name AS students_parent_name, students.parent_phone AS students_parent_phone, students.parent_email AS students_parent_email, students.is_active AS students_is_active, students.created_at AS students_created_at, fee_records_1.id AS fee_records_1_id, fee_records_1.student_id AS fee_records_1_student_id, fee_records_1.fee_type_id AS fee_records_1_fee_type_id, fee_records_1.total_fees_kobo AS fee_records_1_total_fees_kobo, fee_records_1.amount_paid_kobo AS fee_records_1_amount_paid_kobo, fee_records_1.status AS fee_records_1_status, fee_records_1.created_at AS fee_records_1_created_at, fee_records_1.updated_at AS fee_records_1_updated_at 
FROM students LEFT OUTER JOIN fee_records AS fee_records_1 ON students.id = fee_records_1.student_id 
WHERE students.school_id = ? AND students.is_active = 1 ORDER BY students.student_name
2026-08-01 13:34:53,715 INFO sqlalchemy.engine.Engine [generated in 0.00112s] (1,)
2026-08-01 13:34:53 | INFO     | sqlalchemy.engine.Engine | [generated in 0.00112s] (1,)
2026-08-01 13:34:53,717 INFO sqlalchemy.engine.Engine BEGIN (implicit)
2026-08-01 13:34:53 | INFO     | sqlalchemy.engine.Engine | BEGIN (implicit)
2026-08-01 13:34:53,717 INFO sqlalchemy.engine.Engine SELECT users.id AS users_id, users.school_id AS users_school_id, users.email AS users_email, users.hashed_password AS users_hashed_password, users.role AS users_role, users.is_active AS users_is_active, users.created_at AS users_created_at, users.last_login AS users_last_login 
FROM users 
WHERE users.id = ?
 LIMIT ? OFFSET ?
2026-08-01 13:34:53 | INFO     | sqlalchemy.engine.Engine | SELECT users.id AS users_id, users.school_id AS users_school_id, users.email AS users_email, users.hashed_password AS users_hashed_password, users.role AS users_role, users.is_active AS users_is_active, users.created_at AS users_created_at, users.last_login AS users_last_login 
FROM users 
WHERE users.id = ?
 LIMIT ? OFFSET ?
2026-08-01 13:34:53,718 INFO sqlalchemy.engine.Engine [cached since 53.72s ago] (1, 1, 0)
2026-08-01 13:34:53 | INFO     | sqlalchemy.engine.Engine | [cached since 53.72s ago] (1, 1, 0)
2026-08-01 13:34:53,725 INFO sqlalchemy.engine.Engine SELECT fee_types.id AS fee_types_id, fee_types.school_id AS fee_types_school_id, fee_types.name AS fee_types_name, fee_types.term AS fee_types_term, fee_types.amount_kobo AS fee_types_amount_kobo, fee_types.created_at AS fee_types_created_at 
FROM fee_types 
WHERE fee_types.school_id = ? ORDER BY fee_types.term DESC, fee_types.name
2026-08-01 13:34:53 | INFO     | sqlalchemy.engine.Engine | SELECT fee_types.id AS fee_types_id, fee_types.school_id AS fee_types_school_id, fee_types.name AS fee_types_name, fee_types.term AS fee_types_term, fee_types.amount_kobo AS fee_types_amount_kobo, fee_types.created_at AS fee_types_created_at 
FROM fee_types 
WHERE fee_types.school_id = ? ORDER BY fee_types.term DESC, fee_types.name
2026-08-01 13:34:53,726 INFO sqlalchemy.engine.Engine [generated in 0.00044s] (1,)
2026-08-01 13:34:53 | INFO     | sqlalchemy.engine.Engine | [generated in 0.00044s] (1,)
INFO:     127.0.0.1:53030 - "GET /api/v1/dashboard/students?school_id=1 HTTP/1.1" 200 OK
2026-08-01 13:34:53,839 INFO sqlalchemy.engine.Engine ROLLBACK
2026-08-01 13:34:53 | INFO     | sqlalchemy.engine.Engine | ROLLBACK
INFO:     127.0.0.1:53032 - "GET /api/v1/fees/types?school_id=1 HTTP/1.1" 200 OK
2026-08-01 13:34:53,842 INFO sqlalchemy.engine.Engine ROLLBACK
2026-08-01 13:34:53 | INFO     | sqlalchemy.engine.Engine | ROLLBACK
2026-08-01 13:34:53,850 INFO sqlalchemy.engine.Engine BEGIN (implicit)
2026-08-01 13:34:53 | INFO     | sqlalchemy.engine.Engine | BEGIN (implicit)
2026-08-01 13:34:53,850 INFO sqlalchemy.engine.Engine SELECT users.id AS users_id, users.school_id AS users_school_id, users.email AS users_email, users.hashed_password AS users_hashed_password, users.role AS users_role, users.is_active AS users_is_active, users.created_at AS users_created_at, users.last_login AS users_last_login 
FROM users 
WHERE users.id = ?
 LIMIT ? OFFSET ?
2026-08-01 13:34:53 | INFO     | sqlalchemy.engine.Engine | SELECT users.id AS users_id, users.school_id AS users_school_id, users.email AS users_email, users.hashed_password AS users_hashed_password, users.role AS users_role, users.is_active AS users_is_active, users.created_at AS users_created_at, users.last_login AS users_last_login 
FROM users 
WHERE users.id = ?
 LIMIT ? OFFSET ?
2026-08-01 13:34:53,851 INFO sqlalchemy.engine.Engine [cached since 53.85s ago] (1, 1, 0)
2026-08-01 13:34:53 | INFO     | sqlalchemy.engine.Engine | [cached since 53.85s ago] (1, 1, 0)
2026-08-01 13:34:53,855 INFO sqlalchemy.engine.Engine SELECT activity_logs.id AS activity_logs_id, activity_logs.school_id AS activity_logs_school_id, activity_logs.student_id AS activity_logs_student_id, activity_logs.action AS activity_logs_action, activity_logs.description AS activity_logs_description, activity_logs.created_at AS activity_logs_created_at 
FROM activity_logs 
WHERE activity_logs.school_id = ? ORDER BY activity_logs.created_at DESC
 LIMIT ? OFFSET ?
2026-08-01 13:34:53 | INFO     | sqlalchemy.engine.Engine | SELECT activity_logs.id AS activity_logs_id, activity_logs.school_id AS activity_logs_school_id, activity_logs.student_id AS activity_logs_student_id, activity_logs.action AS activity_logs_action, activity_logs.description AS activity_logs_description, activity_logs.created_at AS activity_logs_created_at 
FROM activity_logs 
WHERE activity_logs.school_id = ? ORDER BY activity_logs.created_at DESC
 LIMIT ? OFFSET ?
2026-08-01 13:34:53,855 INFO sqlalchemy.engine.Engine [cached since 0.1649s ago] (1, 100, 0)
2026-08-01 13:34:53 | INFO     | sqlalchemy.engine.Engine | [cached since 0.1649s ago] (1, 100, 0)
INFO:     127.0.0.1:53030 - "GET /api/v1/activity/?school_id=1&limit=100 HTTP/1.1" 200 OK
2026-08-01 13:34:53,858 INFO sqlalchemy.engine.Engine ROLLBACK
2026-08-01 13:34:53 | INFO     | sqlalchemy.engine.Engine | ROLLBACK
INFO:     127.0.0.1:53231 - "GET / HTTP/1.1" 304 Not Modified
INFO:     127.0.0.1:53231 - "GET /app.js HTTP/1.1" 304 Not Modified
2026-08-01 13:36:32,366 INFO sqlalchemy.engine.Engine BEGIN (implicit)
2026-08-01 13:36:32 | INFO     | sqlalchemy.engine.Engine | BEGIN (implicit)
2026-08-01 13:36:32,367 INFO sqlalchemy.engine.Engine SELECT users.id AS users_id, users.school_id AS users_school_id, users.email AS users_email, users.hashed_password AS users_hashed_password, users.role AS users_role, users.is_active AS users_is_active, users.created_at AS users_created_at, users.last_login AS users_last_login 
FROM users 
WHERE users.id = ?
 LIMIT ? OFFSET ?
2026-08-01 13:36:32 | INFO     | sqlalchemy.engine.Engine | SELECT users.id AS users_id, users.school_id AS users_school_id, users.email AS users_email, users.hashed_password AS users_hashed_password, users.role AS users_role, users.is_active AS users_is_active, users.created_at AS users_created_at, users.last_login AS users_last_login 
FROM users 
WHERE users.id = ?
 LIMIT ? OFFSET ?
2026-08-01 13:36:32,367 INFO sqlalchemy.engine.Engine [cached since 152.4s ago] (1, 1, 0)
2026-08-01 13:36:32 | INFO     | sqlalchemy.engine.Engine | [cached since 152.4s ago] (1, 1, 0)
INFO:     127.0.0.1:53231 - "GET /api/v1/auth/me HTTP/1.1" 200 OK
2026-08-01 13:36:32,371 INFO sqlalchemy.engine.Engine ROLLBACK
2026-08-01 13:36:32 | INFO     | sqlalchemy.engine.Engine | ROLLBACK
2026-08-01 13:36:32,571 INFO sqlalchemy.engine.Engine BEGIN (implicit)
2026-08-01 13:36:32 | INFO     | sqlalchemy.engine.Engine | BEGIN (implicit)
2026-08-01 13:36:32,576 INFO sqlalchemy.engine.Engine SELECT users.id AS users_id, users.school_id AS users_school_id, users.email AS users_email, users.hashed_password AS users_hashed_password, users.role AS users_role, users.is_active AS users_is_active, users.created_at AS users_created_at, users.last_login AS users_last_login 
FROM users 
WHERE users.id = ?
 LIMIT ? OFFSET ?
2026-08-01 13:36:32 | INFO     | sqlalchemy.engine.Engine | SELECT users.id AS users_id, users.school_id AS users_school_id, users.email AS users_email, users.hashed_password AS users_hashed_password, users.role AS users_role, users.is_active AS users_is_active, users.created_at AS users_created_at, users.last_login AS users_last_login 
FROM users 
WHERE users.id = ?
 LIMIT ? OFFSET ?
2026-08-01 13:36:32,572 INFO sqlalchemy.engine.Engine BEGIN (implicit)
2026-08-01 13:36:32 | INFO     | sqlalchemy.engine.Engine | BEGIN (implicit)
2026-08-01 13:36:32,576 INFO sqlalchemy.engine.Engine [cached since 152.6s ago] (1, 1, 0)
2026-08-01 13:36:32,577 INFO sqlalchemy.engine.Engine SELECT users.id AS users_id, users.school_id AS users_school_id, users.email AS users_email, users.hashed_password AS users_hashed_password, users.role AS users_role, users.is_active AS users_is_active, users.created_at AS users_created_at, users.last_login AS users_last_login 
FROM users 
WHERE users.id = ?
 LIMIT ? OFFSET ?
2026-08-01 13:36:32 | INFO     | sqlalchemy.engine.Engine | [cached since 152.6s ago] (1, 1, 0)
2026-08-01 13:36:32 | INFO     | sqlalchemy.engine.Engine | SELECT users.id AS users_id, users.school_id AS users_school_id, users.email AS users_email, users.hashed_password AS users_hashed_password, users.role AS users_role, users.is_active AS users_is_active, users.created_at AS users_created_at, users.last_login AS users_last_login 
FROM users 
WHERE users.id = ?
 LIMIT ? OFFSET ?
2026-08-01 13:36:32,577 INFO sqlalchemy.engine.Engine [cached since 152.6s ago] (1, 1, 0)
2026-08-01 13:36:32 | INFO     | sqlalchemy.engine.Engine | [cached since 152.6s ago] (1, 1, 0)
2026-08-01 13:36:32,582 INFO sqlalchemy.engine.Engine SELECT activity_logs.id AS activity_logs_id, activity_logs.school_id AS activity_logs_school_id, activity_logs.student_id AS activity_logs_student_id, activity_logs.action AS activity_logs_action, activity_logs.description AS activity_logs_description, activity_logs.created_at AS activity_logs_created_at 
FROM activity_logs 
WHERE activity_logs.school_id = ? ORDER BY activity_logs.created_at DESC
 LIMIT ? OFFSET ?
2026-08-01 13:36:32 | INFO     | sqlalchemy.engine.Engine | SELECT activity_logs.id AS activity_logs_id, activity_logs.school_id AS activity_logs_school_id, activity_logs.student_id AS activity_logs_student_id, activity_logs.action AS activity_logs_action, activity_logs.description AS activity_logs_description, activity_logs.created_at AS activity_logs_created_at 
FROM activity_logs 
WHERE activity_logs.school_id = ? ORDER BY activity_logs.created_at DESC
 LIMIT ? OFFSET ?
2026-08-01 13:36:32,583 INFO sqlalchemy.engine.Engine SELECT schools.id AS schools_id, schools.name AS schools_name, schools.slug AS schools_slug, schools.phone AS schools_phone, schools.email AS schools_email, schools.address AS schools_address, schools.is_active AS schools_is_active, schools.created_at AS schools_created_at 
FROM schools 
WHERE schools.id = ?
 LIMIT ? OFFSET ?
2026-08-01 13:36:32 | INFO     | sqlalchemy.engine.Engine | SELECT schools.id AS schools_id, schools.name AS schools_name, schools.slug AS schools_slug, schools.phone AS schools_phone, schools.email AS schools_email, schools.address AS schools_address, schools.is_active AS schools_is_active, schools.created_at AS schools_created_at 
FROM schools 
WHERE schools.id = ?
 LIMIT ? OFFSET ?
2026-08-01 13:36:32,585 INFO sqlalchemy.engine.Engine [cached since 98.89s ago] (1, 6, 0)
2026-08-01 13:36:32 | INFO     | sqlalchemy.engine.Engine | [cached since 98.89s ago] (1, 6, 0)
2026-08-01 13:36:32,586 INFO sqlalchemy.engine.Engine BEGIN (implicit)
2026-08-01 13:36:32,585 INFO sqlalchemy.engine.Engine [cached since 152.6s ago] (1, 1, 0)
2026-08-01 13:36:32 | INFO     | sqlalchemy.engine.Engine | [cached since 152.6s ago] (1, 1, 0)
2026-08-01 13:36:32 | INFO     | sqlalchemy.engine.Engine | BEGIN (implicit)
2026-08-01 13:36:32,587 INFO sqlalchemy.engine.Engine SELECT users.id AS users_id, users.school_id AS users_school_id, users.email AS users_email, users.hashed_password AS users_hashed_password, users.role AS users_role, users.is_active AS users_is_active, users.created_at AS users_created_at, users.last_login AS users_last_login 
FROM users 
WHERE users.id = ?
 LIMIT ? OFFSET ?
2026-08-01 13:36:32 | INFO     | sqlalchemy.engine.Engine | SELECT users.id AS users_id, users.school_id AS users_school_id, users.email AS users_email, users.hashed_password AS users_hashed_password, users.role AS users_role, users.is_active AS users_is_active, users.created_at AS users_created_at, users.last_login AS users_last_login 
FROM users 
WHERE users.id = ?
 LIMIT ? OFFSET ?
2026-08-01 13:36:32,589 INFO sqlalchemy.engine.Engine SELECT students.id AS students_id, students.school_id AS students_school_id, students.student_name AS students_student_name, students.class_name AS students_class_name, students.parent_name AS students_parent_name, students.parent_phone AS students_parent_phone, students.parent_email AS students_parent_email, students.is_active AS students_is_active, students.created_at AS students_created_at, fee_records_1.id AS fee_records_1_id, fee_records_1.student_id AS fee_records_1_student_id, fee_records_1.fee_type_id AS fee_records_1_fee_type_id, fee_records_1.total_fees_kobo AS fee_records_1_total_fees_kobo, fee_records_1.amount_paid_kobo AS fee_records_1_amount_paid_kobo, fee_records_1.status AS fee_records_1_status, fee_records_1.created_at AS fee_records_1_created_at, fee_records_1.updated_at AS fee_records_1_updated_at 
FROM students LEFT OUTER JOIN fee_records AS fee_records_1 ON students.id = fee_records_1.student_id 
WHERE students.school_id = ? AND students.is_active = 1
2026-08-01 13:36:32 | INFO     | sqlalchemy.engine.Engine | SELECT students.id AS students_id, students.school_id AS students_school_id, students.student_name AS students_student_name, students.class_name AS students_class_name, students.parent_name AS students_parent_name, students.parent_phone AS students_parent_phone, students.parent_email AS students_parent_email, students.is_active AS students_is_active, students.created_at AS students_created_at, fee_records_1.id AS fee_records_1_id, fee_records_1.student_id AS fee_records_1_student_id, fee_records_1.fee_type_id AS fee_records_1_fee_type_id, fee_records_1.total_fees_kobo AS fee_records_1_total_fees_kobo, fee_records_1.amount_paid_kobo AS fee_records_1_amount_paid_kobo, fee_records_1.status AS fee_records_1_status, fee_records_1.created_at AS fee_records_1_created_at, fee_records_1.updated_at AS fee_records_1_updated_at 
FROM students LEFT OUTER JOIN fee_records AS fee_records_1 ON students.id = fee_records_1.student_id 
WHERE students.school_id = ? AND students.is_active = 1
2026-08-01 13:36:32,590 INFO sqlalchemy.engine.Engine [cached since 152.6s ago] (1,)
2026-08-01 13:36:32 | INFO     | sqlalchemy.engine.Engine | [cached since 152.6s ago] (1,)
2026-08-01 13:36:32,589 INFO sqlalchemy.engine.Engine [cached since 152.6s ago] (1, 1, 0)
2026-08-01 13:36:32 | INFO     | sqlalchemy.engine.Engine | [cached since 152.6s ago] (1, 1, 0)
INFO:     127.0.0.1:53232 - "GET /api/v1/activity/?school_id=1&limit=6 HTTP/1.1" 200 OK
2026-08-01 13:36:32,594 INFO sqlalchemy.engine.Engine ROLLBACK
2026-08-01 13:36:32 | INFO     | sqlalchemy.engine.Engine | ROLLBACK
2026-08-01 13:36:32,597 INFO sqlalchemy.engine.Engine SELECT schools.id AS schools_id, schools.name AS schools_name, schools.slug AS schools_slug, schools.phone AS schools_phone, schools.email AS schools_email, schools.address AS schools_address, schools.is_active AS schools_is_active, schools.created_at AS schools_created_at 
FROM schools 
WHERE schools.id = ?
 LIMIT ? OFFSET ?
2026-08-01 13:36:32 | INFO     | sqlalchemy.engine.Engine | SELECT schools.id AS schools_id, schools.name AS schools_name, schools.slug AS schools_slug, schools.phone AS schools_phone, schools.email AS schools_email, schools.address AS schools_address, schools.is_active AS schools_is_active, schools.created_at AS schools_created_at 
FROM schools 
WHERE schools.id = ?
 LIMIT ? OFFSET ?
2026-08-01 13:36:32,598 INFO sqlalchemy.engine.Engine [cached since 152.6s ago] (1, 1, 0)
2026-08-01 13:36:32 | INFO     | sqlalchemy.engine.Engine | [cached since 152.6s ago] (1, 1, 0)
2026-08-01 13:36:32,600 INFO sqlalchemy.engine.Engine SELECT students.id AS students_id, students.school_id AS students_school_id, students.student_name AS students_student_name, students.class_name AS students_class_name, students.parent_name AS students_parent_name, students.parent_phone AS students_parent_phone, students.parent_email AS students_parent_email, students.is_active AS students_is_active, students.created_at AS students_created_at, fee_records_1.id AS fee_records_1_id, fee_records_1.student_id AS fee_records_1_student_id, fee_records_1.fee_type_id AS fee_records_1_fee_type_id, fee_records_1.total_fees_kobo AS fee_records_1_total_fees_kobo, fee_records_1.amount_paid_kobo AS fee_records_1_amount_paid_kobo, fee_records_1.status AS fee_records_1_status, fee_records_1.created_at AS fee_records_1_created_at, fee_records_1.updated_at AS fee_records_1_updated_at 
FROM students LEFT OUTER JOIN fee_records AS fee_records_1 ON students.id = fee_records_1.student_id 
WHERE students.school_id = ? AND students.is_active = 1 ORDER BY students.student_name
2026-08-01 13:36:32 | INFO     | sqlalchemy.engine.Engine | SELECT students.id AS students_id, students.school_id AS students_school_id, students.student_name AS students_student_name, students.class_name AS students_class_name, students.parent_name AS students_parent_name, students.parent_phone AS students_parent_phone, students.parent_email AS students_parent_email, students.is_active AS students_is_active, students.created_at AS students_created_at, fee_records_1.id AS fee_records_1_id, fee_records_1.student_id AS fee_records_1_student_id, fee_records_1.fee_type_id AS fee_records_1_fee_type_id, fee_records_1.total_fees_kobo AS fee_records_1_total_fees_kobo, fee_records_1.amount_paid_kobo AS fee_records_1_amount_paid_kobo, fee_records_1.status AS fee_records_1_status, fee_records_1.created_at AS fee_records_1_created_at, fee_records_1.updated_at AS fee_records_1_updated_at 
FROM students LEFT OUTER JOIN fee_records AS fee_records_1 ON students.id = fee_records_1.student_id 
WHERE students.school_id = ? AND students.is_active = 1 ORDER BY students.student_name
2026-08-01 13:36:32,602 INFO sqlalchemy.engine.Engine [cached since 98.89s ago] (1,)
2026-08-01 13:36:32 | INFO     | sqlalchemy.engine.Engine | [cached since 98.89s ago] (1,)
2026-08-01 13:36:32,604 INFO sqlalchemy.engine.Engine BEGIN (implicit)
2026-08-01 13:36:32 | INFO     | sqlalchemy.engine.Engine | BEGIN (implicit)
2026-08-01 13:36:32,605 INFO sqlalchemy.engine.Engine SELECT users.id AS users_id, users.school_id AS users_school_id, users.email AS users_email, users.hashed_password AS users_hashed_password, users.role AS users_role, users.is_active AS users_is_active, users.created_at AS users_created_at, users.last_login AS users_last_login 
FROM users 
WHERE users.id = ?
 LIMIT ? OFFSET ?
2026-08-01 13:36:32 | INFO     | sqlalchemy.engine.Engine | SELECT users.id AS users_id, users.school_id AS users_school_id, users.email AS users_email, users.hashed_password AS users_hashed_password, users.role AS users_role, users.is_active AS users_is_active, users.created_at AS users_created_at, users.last_login AS users_last_login 
FROM users 
WHERE users.id = ?
 LIMIT ? OFFSET ?
2026-08-01 13:36:32,605 INFO sqlalchemy.engine.Engine [cached since 152.6s ago] (1, 1, 0)
2026-08-01 13:36:32 | INFO     | sqlalchemy.engine.Engine | [cached since 152.6s ago] (1, 1, 0)
2026-08-01 13:36:32,609 INFO sqlalchemy.engine.Engine SELECT fee_types.id AS fee_types_id, fee_types.school_id AS fee_types_school_id, fee_types.name AS fee_types_name, fee_types.term AS fee_types_term, fee_types.amount_kobo AS fee_types_amount_kobo, fee_types.created_at AS fee_types_created_at 
FROM fee_types 
WHERE fee_types.school_id = ? ORDER BY fee_types.term DESC, fee_types.name
2026-08-01 13:36:32 | INFO     | sqlalchemy.engine.Engine | SELECT fee_types.id AS fee_types_id, fee_types.school_id AS fee_types_school_id, fee_types.name AS fee_types_name, fee_types.term AS fee_types_term, fee_types.amount_kobo AS fee_types_amount_kobo, fee_types.created_at AS fee_types_created_at 
FROM fee_types 
WHERE fee_types.school_id = ? ORDER BY fee_types.term DESC, fee_types.name
2026-08-01 13:36:32,609 INFO sqlalchemy.engine.Engine [cached since 98.88s ago] (1,)
2026-08-01 13:36:32 | INFO     | sqlalchemy.engine.Engine | [cached since 98.88s ago] (1,)
INFO:     127.0.0.1:53232 - "GET /api/v1/fees/types?school_id=1 HTTP/1.1" 200 OK
2026-08-01 13:36:32,612 INFO sqlalchemy.engine.Engine ROLLBACK
2026-08-01 13:36:32 | INFO     | sqlalchemy.engine.Engine | ROLLBACK
2026-08-01 13:36:32,619 INFO sqlalchemy.engine.Engine BEGIN (implicit)
2026-08-01 13:36:32 | INFO     | sqlalchemy.engine.Engine | BEGIN (implicit)
2026-08-01 13:36:32,620 INFO sqlalchemy.engine.Engine SELECT users.id AS users_id, users.school_id AS users_school_id, users.email AS users_email, users.hashed_password AS users_hashed_password, users.role AS users_role, users.is_active AS users_is_active, users.created_at AS users_created_at, users.last_login AS users_last_login 
FROM users 
WHERE users.id = ?
 LIMIT ? OFFSET ?
2026-08-01 13:36:32 | INFO     | sqlalchemy.engine.Engine | SELECT users.id AS users_id, users.school_id AS users_school_id, users.email AS users_email, users.hashed_password AS users_hashed_password, users.role AS users_role, users.is_active AS users_is_active, users.created_at AS users_created_at, users.last_login AS users_last_login 
FROM users 
WHERE users.id = ?
 LIMIT ? OFFSET ?
2026-08-01 13:36:32,620 INFO sqlalchemy.engine.Engine [cached since 152.6s ago] (1, 1, 0)
2026-08-01 13:36:32 | INFO     | sqlalchemy.engine.Engine | [cached since 152.6s ago] (1, 1, 0)
2026-08-01 13:36:32,625 INFO sqlalchemy.engine.Engine SELECT activity_logs.id AS activity_logs_id, activity_logs.school_id AS activity_logs_school_id, activity_logs.student_id AS activity_logs_student_id, activity_logs.action AS activity_logs_action, activity_logs.description AS activity_logs_description, activity_logs.created_at AS activity_logs_created_at 
FROM activity_logs 
WHERE activity_logs.school_id = ? ORDER BY activity_logs.created_at DESC
 LIMIT ? OFFSET ?
2026-08-01 13:36:32 | INFO     | sqlalchemy.engine.Engine | SELECT activity_logs.id AS activity_logs_id, activity_logs.school_id AS activity_logs_school_id, activity_logs.student_id AS activity_logs_student_id, activity_logs.action AS activity_logs_action, activity_logs.description AS activity_logs_description, activity_logs.created_at AS activity_logs_created_at 
FROM activity_logs 
WHERE activity_logs.school_id = ? ORDER BY activity_logs.created_at DESC
 LIMIT ? OFFSET ?
2026-08-01 13:36:32,625 INFO sqlalchemy.engine.Engine [cached since 98.93s ago] (1, 100, 0)
2026-08-01 13:36:32 | INFO     | sqlalchemy.engine.Engine | [cached since 98.93s ago] (1, 100, 0)
INFO:     127.0.0.1:53232 - "GET /api/v1/activity/?school_id=1&limit=100 HTTP/1.1" 200 OK
2026-08-01 13:36:32,628 INFO sqlalchemy.engine.Engine ROLLBACK
2026-08-01 13:36:32 | INFO     | sqlalchemy.engine.Engine | ROLLBACK
INFO:     127.0.0.1:53233 - "GET /api/v1/dashboard/students?school_id=1 HTTP/1.1" 200 OK
INFO:     127.0.0.1:53231 - "GET /api/v1/dashboard/summary?school_id=1 HTTP/1.1" 200 OK
2026-08-01 13:36:32,677 INFO sqlalchemy.engine.Engine ROLLBACK
2026-08-01 13:36:32 | INFO     | sqlalchemy.engine.Engine | ROLLBACK
2026-08-01 13:36:32,677 INFO sqlalchemy.engine.Engine ROLLBACK
2026-08-01 13:36:32 | INFO     | sqlalchemy.engine.Engine | ROLLBACK
INFO:     127.0.0.1:53238 - "POST /api/v1/auth/logout HTTP/1.1" 200 OK
2026-08-01 13:37:35,324 INFO sqlalchemy.engine.Engine BEGIN (implicit)
2026-08-01 13:37:35 | INFO     | sqlalchemy.engine.Engine | BEGIN (implicit)
2026-08-01 13:37:35,325 INFO sqlalchemy.engine.Engine SELECT users.id AS users_id, users.school_id AS users_school_id, users.email AS users_email, users.hashed_password AS users_hashed_password, users.role AS users_role, users.is_active AS users_is_active, users.created_at AS users_created_at, users.last_login AS users_last_login 
FROM users 
WHERE users.email = ?
 LIMIT ? OFFSET ?
2026-08-01 13:37:35 | INFO     | sqlalchemy.engine.Engine | SELECT users.id AS users_id, users.school_id AS users_school_id, users.email AS users_email, users.hashed_password AS users_hashed_password, users.role AS users_role, users.is_active AS users_is_active, users.created_at AS users_created_at, users.last_login AS users_last_login 
FROM users 
WHERE users.email = ?
 LIMIT ? OFFSET ?
2026-08-01 13:37:35,326 INFO sqlalchemy.engine.Engine [cached since 247.6s ago] ('admin@jummikville.sch', 1, 0)
2026-08-01 13:37:35 | INFO     | sqlalchemy.engine.Engine | [cached since 247.6s ago] ('admin@jummikville.sch', 1, 0)
2026-08-01 13:37:35,553 INFO sqlalchemy.engine.Engine UPDATE users SET last_login=? WHERE users.id = ?
2026-08-01 13:37:35 | INFO     | sqlalchemy.engine.Engine | UPDATE users SET last_login=? WHERE users.id = ?
2026-08-01 13:37:35,553 INFO sqlalchemy.engine.Engine [cached since 216.3s ago] ('2026-08-01 12:37:35.552901', 1)
2026-08-01 13:37:35 | INFO     | sqlalchemy.engine.Engine | [cached since 216.3s ago] ('2026-08-01 12:37:35.552901', 1)
2026-08-01 13:37:35,555 INFO sqlalchemy.engine.Engine COMMIT
2026-08-01 13:37:35 | INFO     | sqlalchemy.engine.Engine | COMMIT
2026-08-01 13:37:35,663 INFO sqlalchemy.engine.Engine BEGIN (implicit)
2026-08-01 13:37:35 | INFO     | sqlalchemy.engine.Engine | BEGIN (implicit)
2026-08-01 13:37:35,664 INFO sqlalchemy.engine.Engine SELECT users.id, users.school_id, users.email, users.hashed_password, users.role, users.is_active, users.created_at, users.last_login 
FROM users 
WHERE users.id = ?
2026-08-01 13:37:35 | INFO     | sqlalchemy.engine.Engine | SELECT users.id, users.school_id, users.email, users.hashed_password, users.role, users.is_active, users.created_at, users.last_login 
FROM users 
WHERE users.id = ?
2026-08-01 13:37:35,664 INFO sqlalchemy.engine.Engine [cached since 216.4s ago] (1,)
2026-08-01 13:37:35 | INFO     | sqlalchemy.engine.Engine | [cached since 216.4s ago] (1,)
2026-08-01 13:37:35 | INFO     | app.routers.auth | Login successful: admin@jummikville.sch (id=1)
INFO:     127.0.0.1:53320 - "POST /api/v1/auth/login HTTP/1.1" 200 OK
2026-08-01 13:37:35,667 INFO sqlalchemy.engine.Engine ROLLBACK
2026-08-01 13:37:35 | INFO     | sqlalchemy.engine.Engine | ROLLBACK
2026-08-01 13:37:35,695 INFO sqlalchemy.engine.Engine BEGIN (implicit)
2026-08-01 13:37:35 | INFO     | sqlalchemy.engine.Engine | BEGIN (implicit)
2026-08-01 13:37:35,696 INFO sqlalchemy.engine.Engine BEGIN (implicit)
2026-08-01 13:37:35 | INFO     | sqlalchemy.engine.Engine | BEGIN (implicit)
2026-08-01 13:37:35,697 INFO sqlalchemy.engine.Engine SELECT users.id AS users_id, users.school_id AS users_school_id, users.email AS users_email, users.hashed_password AS users_hashed_password, users.role AS users_role, users.is_active AS users_is_active, users.created_at AS users_created_at, users.last_login AS users_last_login 
FROM users 
WHERE users.id = ?
 LIMIT ? OFFSET ?
2026-08-01 13:37:35,698 INFO sqlalchemy.engine.Engine SELECT users.id AS users_id, users.school_id AS users_school_id, users.email AS users_email, users.hashed_password AS users_hashed_password, users.role AS users_role, users.is_active AS users_is_active, users.created_at AS users_created_at, users.last_login AS users_last_login 
FROM users 
WHERE users.id = ?
 LIMIT ? OFFSET ?
2026-08-01 13:37:35 | INFO     | sqlalchemy.engine.Engine | SELECT users.id AS users_id, users.school_id AS users_school_id, users.email AS users_email, users.hashed_password AS users_hashed_password, users.role AS users_role, users.is_active AS users_is_active, users.created_at AS users_created_at, users.last_login AS users_last_login 
FROM users 
WHERE users.id = ?
 LIMIT ? OFFSET ?
2026-08-01 13:37:35 | INFO     | sqlalchemy.engine.Engine | SELECT users.id AS users_id, users.school_id AS users_school_id, users.email AS users_email, users.hashed_password AS users_hashed_password, users.role AS users_role, users.is_active AS users_is_active, users.created_at AS users_created_at, users.last_login AS users_last_login 
FROM users 
WHERE users.id = ?
 LIMIT ? OFFSET ?
2026-08-01 13:37:35,699 INFO sqlalchemy.engine.Engine [cached since 215.7s ago] (1, 1, 0)
2026-08-01 13:37:35 | INFO     | sqlalchemy.engine.Engine | [cached since 215.7s ago] (1, 1, 0)
2026-08-01 13:37:35,698 INFO sqlalchemy.engine.Engine [cached since 215.7s ago] (1, 1, 0)
2026-08-01 13:37:35 | INFO     | sqlalchemy.engine.Engine | [cached since 215.7s ago] (1, 1, 0)
2026-08-01 13:37:35,704 INFO sqlalchemy.engine.Engine SELECT activity_logs.id AS activity_logs_id, activity_logs.school_id AS activity_logs_school_id, activity_logs.student_id AS activity_logs_student_id, activity_logs.action AS activity_logs_action, activity_logs.description AS activity_logs_description, activity_logs.created_at AS activity_logs_created_at 
FROM activity_logs 
WHERE activity_logs.school_id = ? ORDER BY activity_logs.created_at DESC
 LIMIT ? OFFSET ?
2026-08-01 13:37:35 | INFO     | sqlalchemy.engine.Engine | SELECT activity_logs.id AS activity_logs_id, activity_logs.school_id AS activity_logs_school_id, activity_logs.student_id AS activity_logs_student_id, activity_logs.action AS activity_logs_action, activity_logs.description AS activity_logs_description, activity_logs.created_at AS activity_logs_created_at 
FROM activity_logs 
WHERE activity_logs.school_id = ? ORDER BY activity_logs.created_at DESC
 LIMIT ? OFFSET ?
2026-08-01 13:37:35,704 INFO sqlalchemy.engine.Engine [cached since 162s ago] (1, 6, 0)
2026-08-01 13:37:35 | INFO     | sqlalchemy.engine.Engine | [cached since 162s ago] (1, 6, 0)
2026-08-01 13:37:35,705 INFO sqlalchemy.engine.Engine SELECT schools.id AS schools_id, schools.name AS schools_name, schools.slug AS schools_slug, schools.phone AS schools_phone, schools.email AS schools_email, schools.address AS schools_address, schools.is_active AS schools_is_active, schools.created_at AS schools_created_at 
FROM schools 
WHERE schools.id = ?
 LIMIT ? OFFSET ?
2026-08-01 13:37:35 | INFO     | sqlalchemy.engine.Engine | SELECT schools.id AS schools_id, schools.name AS schools_name, schools.slug AS schools_slug, schools.phone AS schools_phone, schools.email AS schools_email, schools.address AS schools_address, schools.is_active AS schools_is_active, schools.created_at AS schools_created_at 
FROM schools 
WHERE schools.id = ?
 LIMIT ? OFFSET ?
2026-08-01 13:37:35,706 INFO sqlalchemy.engine.Engine [cached since 215.7s ago] (1, 1, 0)
2026-08-01 13:37:35 | INFO     | sqlalchemy.engine.Engine | [cached since 215.7s ago] (1, 1, 0)
INFO:     127.0.0.1:53322 - "GET /api/v1/activity/?school_id=1&limit=6 HTTP/1.1" 200 OK
2026-08-01 13:37:35,708 INFO sqlalchemy.engine.Engine ROLLBACK
2026-08-01 13:37:35 | INFO     | sqlalchemy.engine.Engine | ROLLBACK
2026-08-01 13:37:35,710 INFO sqlalchemy.engine.Engine SELECT students.id AS students_id, students.school_id AS students_school_id, students.student_name AS students_student_name, students.class_name AS students_class_name, students.parent_name AS students_parent_name, students.parent_phone AS students_parent_phone, students.parent_email AS students_parent_email, students.is_active AS students_is_active, students.created_at AS students_created_at, fee_records_1.id AS fee_records_1_id, fee_records_1.student_id AS fee_records_1_student_id, fee_records_1.fee_type_id AS fee_records_1_fee_type_id, fee_records_1.total_fees_kobo AS fee_records_1_total_fees_kobo, fee_records_1.amount_paid_kobo AS fee_records_1_amount_paid_kobo, fee_records_1.status AS fee_records_1_status, fee_records_1.created_at AS fee_records_1_created_at, fee_records_1.updated_at AS fee_records_1_updated_at 
FROM students LEFT OUTER JOIN fee_records AS fee_records_1 ON students.id = fee_records_1.student_id 
WHERE students.school_id = ? AND students.is_active = 1
2026-08-01 13:37:35 | INFO     | sqlalchemy.engine.Engine | SELECT students.id AS students_id, students.school_id AS students_school_id, students.student_name AS students_student_name, students.class_name AS students_class_name, students.parent_name AS students_parent_name, students.parent_phone AS students_parent_phone, students.parent_email AS students_parent_email, students.is_active AS students_is_active, students.created_at AS students_created_at, fee_records_1.id AS fee_records_1_id, fee_records_1.student_id AS fee_records_1_student_id, fee_records_1.fee_type_id AS fee_records_1_fee_type_id, fee_records_1.total_fees_kobo AS fee_records_1_total_fees_kobo, fee_records_1.amount_paid_kobo AS fee_records_1_amount_paid_kobo, fee_records_1.status AS fee_records_1_status, fee_records_1.created_at AS fee_records_1_created_at, fee_records_1.updated_at AS fee_records_1_updated_at 
FROM students LEFT OUTER JOIN fee_records AS fee_records_1 ON students.id = fee_records_1.student_id 
WHERE students.school_id = ? AND students.is_active = 1
2026-08-01 13:37:35,712 INFO sqlalchemy.engine.Engine [cached since 215.7s ago] (1,)
2026-08-01 13:37:35 | INFO     | sqlalchemy.engine.Engine | [cached since 215.7s ago] (1,)
2026-08-01 13:37:35,716 INFO sqlalchemy.engine.Engine BEGIN (implicit)
2026-08-01 13:37:35 | INFO     | sqlalchemy.engine.Engine | BEGIN (implicit)
2026-08-01 13:37:35,717 INFO sqlalchemy.engine.Engine SELECT users.id AS users_id, users.school_id AS users_school_id, users.email AS users_email, users.hashed_password AS users_hashed_password, users.role AS users_role, users.is_active AS users_is_active, users.created_at AS users_created_at, users.last_login AS users_last_login 
FROM users 
WHERE users.id = ?
 LIMIT ? OFFSET ?
2026-08-01 13:37:35 | INFO     | sqlalchemy.engine.Engine | SELECT users.id AS users_id, users.school_id AS users_school_id, users.email AS users_email, users.hashed_password AS users_hashed_password, users.role AS users_role, users.is_active AS users_is_active, users.created_at AS users_created_at, users.last_login AS users_last_login 
FROM users 
WHERE users.id = ?
 LIMIT ? OFFSET ?
INFO:     127.0.0.1:53320 - "GET /api/v1/dashboard/summary?school_id=1 HTTP/1.1" 200 OK
2026-08-01 13:37:35,718 INFO sqlalchemy.engine.Engine [cached since 215.7s ago] (1, 1, 0)
2026-08-01 13:37:35 | INFO     | sqlalchemy.engine.Engine | [cached since 215.7s ago] (1, 1, 0)
2026-08-01 13:37:35,719 INFO sqlalchemy.engine.Engine ROLLBACK
2026-08-01 13:37:35 | INFO     | sqlalchemy.engine.Engine | ROLLBACK
2026-08-01 13:37:35,722 INFO sqlalchemy.engine.Engine SELECT schools.id AS schools_id, schools.name AS schools_name, schools.slug AS schools_slug, schools.phone AS schools_phone, schools.email AS schools_email, schools.address AS schools_address, schools.is_active AS schools_is_active, schools.created_at AS schools_created_at 
FROM schools 
WHERE schools.id = ?
 LIMIT ? OFFSET ?
2026-08-01 13:37:35 | INFO     | sqlalchemy.engine.Engine | SELECT schools.id AS schools_id, schools.name AS schools_name, schools.slug AS schools_slug, schools.phone AS schools_phone, schools.email AS schools_email, schools.address AS schools_address, schools.is_active AS schools_is_active, schools.created_at AS schools_created_at 
FROM schools 
WHERE schools.id = ?
 LIMIT ? OFFSET ?
2026-08-01 13:37:35,722 INFO sqlalchemy.engine.Engine [cached since 215.7s ago] (1, 1, 0)
2026-08-01 13:37:35 | INFO     | sqlalchemy.engine.Engine | [cached since 215.7s ago] (1, 1, 0)
2026-08-01 13:37:35,723 INFO sqlalchemy.engine.Engine SELECT students.id AS students_id, students.school_id AS students_school_id, students.student_name AS students_student_name, students.class_name AS students_class_name, students.parent_name AS students_parent_name, students.parent_phone AS students_parent_phone, students.parent_email AS students_parent_email, students.is_active AS students_is_active, students.created_at AS students_created_at, fee_records_1.id AS fee_records_1_id, fee_records_1.student_id AS fee_records_1_student_id, fee_records_1.fee_type_id AS fee_records_1_fee_type_id, fee_records_1.total_fees_kobo AS fee_records_1_total_fees_kobo, fee_records_1.amount_paid_kobo AS fee_records_1_amount_paid_kobo, fee_records_1.status AS fee_records_1_status, fee_records_1.created_at AS fee_records_1_created_at, fee_records_1.updated_at AS fee_records_1_updated_at 
FROM students LEFT OUTER JOIN fee_records AS fee_records_1 ON students.id = fee_records_1.student_id 
WHERE students.school_id = ? AND students.is_active = 1 ORDER BY students.student_name
2026-08-01 13:37:35 | INFO     | sqlalchemy.engine.Engine | SELECT students.id AS students_id, students.school_id AS students_school_id, students.student_name AS students_student_name, students.class_name AS students_class_name, students.parent_name AS students_parent_name, students.parent_phone AS students_parent_phone, students.parent_email AS students_parent_email, students.is_active AS students_is_active, students.created_at AS students_created_at, fee_records_1.id AS fee_records_1_id, fee_records_1.student_id AS fee_records_1_student_id, fee_records_1.fee_type_id AS fee_records_1_fee_type_id, fee_records_1.total_fees_kobo AS fee_records_1_total_fees_kobo, fee_records_1.amount_paid_kobo AS fee_records_1_amount_paid_kobo, fee_records_1.status AS fee_records_1_status, fee_records_1.created_at AS fee_records_1_created_at, fee_records_1.updated_at AS fee_records_1_updated_at 
FROM students LEFT OUTER JOIN fee_records AS fee_records_1 ON students.id = fee_records_1.student_id 
WHERE students.school_id = ? AND students.is_active = 1 ORDER BY students.student_name
2026-08-01 13:37:35,724 INFO sqlalchemy.engine.Engine [cached since 162s ago] (1,)
2026-08-01 13:37:35 | INFO     | sqlalchemy.engine.Engine | [cached since 162s ago] (1,)
INFO:     127.0.0.1:53322 - "GET /api/v1/dashboard/students?school_id=1 HTTP/1.1" 200 OK
2026-08-01 13:37:35,726 INFO sqlalchemy.engine.Engine ROLLBACK
2026-08-01 13:37:35 | INFO     | sqlalchemy.engine.Engine | ROLLBACK
2026-08-01 13:37:35,783 INFO sqlalchemy.engine.Engine BEGIN (implicit)
2026-08-01 13:37:35 | INFO     | sqlalchemy.engine.Engine | BEGIN (implicit)
2026-08-01 13:37:35,786 INFO sqlalchemy.engine.Engine SELECT users.id AS users_id, users.school_id AS users_school_id, users.email AS users_email, users.hashed_password AS users_hashed_password, users.role AS users_role, users.is_active AS users_is_active, users.created_at AS users_created_at, users.last_login AS users_last_login 
FROM users 
WHERE users.id = ?
 LIMIT ? OFFSET ?
2026-08-01 13:37:35 | INFO     | sqlalchemy.engine.Engine | SELECT users.id AS users_id, users.school_id AS users_school_id, users.email AS users_email, users.hashed_password AS users_hashed_password, users.role AS users_role, users.is_active AS users_is_active, users.created_at AS users_created_at, users.last_login AS users_last_login 
FROM users 
WHERE users.id = ?
 LIMIT ? OFFSET ?
2026-08-01 13:37:35,786 INFO sqlalchemy.engine.Engine [cached since 215.8s ago] (1, 1, 0)
2026-08-01 13:37:35 | INFO     | sqlalchemy.engine.Engine | [cached since 215.8s ago] (1, 1, 0)
2026-08-01 13:37:35,786 INFO sqlalchemy.engine.Engine BEGIN (implicit)
2026-08-01 13:37:35 | INFO     | sqlalchemy.engine.Engine | BEGIN (implicit)
2026-08-01 13:37:35,787 INFO sqlalchemy.engine.Engine SELECT users.id AS users_id, users.school_id AS users_school_id, users.email AS users_email, users.hashed_password AS users_hashed_password, users.role AS users_role, users.is_active AS users_is_active, users.created_at AS users_created_at, users.last_login AS users_last_login 
FROM users 
WHERE users.id = ?
 LIMIT ? OFFSET ?
2026-08-01 13:37:35 | INFO     | sqlalchemy.engine.Engine | SELECT users.id AS users_id, users.school_id AS users_school_id, users.email AS users_email, users.hashed_password AS users_hashed_password, users.role AS users_role, users.is_active AS users_is_active, users.created_at AS users_created_at, users.last_login AS users_last_login 
FROM users 
WHERE users.id = ?
 LIMIT ? OFFSET ?
2026-08-01 13:37:35,788 INFO sqlalchemy.engine.Engine [cached since 215.8s ago] (1, 1, 0)
2026-08-01 13:37:35 | INFO     | sqlalchemy.engine.Engine | [cached since 215.8s ago] (1, 1, 0)
2026-08-01 13:37:35,790 INFO sqlalchemy.engine.Engine SELECT fee_types.id AS fee_types_id, fee_types.school_id AS fee_types_school_id, fee_types.name AS fee_types_name, fee_types.term AS fee_types_term, fee_types.amount_kobo AS fee_types_amount_kobo, fee_types.created_at AS fee_types_created_at 
FROM fee_types 
WHERE fee_types.school_id = ? ORDER BY fee_types.term DESC, fee_types.name
2026-08-01 13:37:35 | INFO     | sqlalchemy.engine.Engine | SELECT fee_types.id AS fee_types_id, fee_types.school_id AS fee_types_school_id, fee_types.name AS fee_types_name, fee_types.term AS fee_types_term, fee_types.amount_kobo AS fee_types_amount_kobo, fee_types.created_at AS fee_types_created_at 
FROM fee_types 
WHERE fee_types.school_id = ? ORDER BY fee_types.term DESC, fee_types.name
2026-08-01 13:37:35,791 INFO sqlalchemy.engine.Engine [cached since 162.1s ago] (1,)
2026-08-01 13:37:35 | INFO     | sqlalchemy.engine.Engine | [cached since 162.1s ago] (1,)
2026-08-01 13:37:35,793 INFO sqlalchemy.engine.Engine SELECT activity_logs.id AS activity_logs_id, activity_logs.school_id AS activity_logs_school_id, activity_logs.student_id AS activity_logs_student_id, activity_logs.action AS activity_logs_action, activity_logs.description AS activity_logs_description, activity_logs.created_at AS activity_logs_created_at 
FROM activity_logs 
WHERE activity_logs.school_id = ? ORDER BY activity_logs.created_at DESC
 LIMIT ? OFFSET ?
2026-08-01 13:37:35 | INFO     | sqlalchemy.engine.Engine | SELECT activity_logs.id AS activity_logs_id, activity_logs.school_id AS activity_logs_school_id, activity_logs.student_id AS activity_logs_student_id, activity_logs.action AS activity_logs_action, activity_logs.description AS activity_logs_description, activity_logs.created_at AS activity_logs_created_at 
FROM activity_logs 
WHERE activity_logs.school_id = ? ORDER BY activity_logs.created_at DESC
 LIMIT ? OFFSET ?
2026-08-01 13:37:35,794 INFO sqlalchemy.engine.Engine [cached since 162.1s ago] (1, 100, 0)
2026-08-01 13:37:35 | INFO     | sqlalchemy.engine.Engine | [cached since 162.1s ago] (1, 100, 0)
INFO:     127.0.0.1:53322 - "GET /api/v1/fees/types?school_id=1 HTTP/1.1" 200 OK
2026-08-01 13:37:35,796 INFO sqlalchemy.engine.Engine ROLLBACK
2026-08-01 13:37:35 | INFO     | sqlalchemy.engine.Engine | ROLLBACK
INFO:     127.0.0.1:53320 - "GET /api/v1/activity/?school_id=1&limit=100 HTTP/1.1" 200 OK
2026-08-01 13:37:35,798 INFO sqlalchemy.engine.Engine ROLLBACK
2026-08-01 13:37:35 | INFO     | sqlalchemy.engine.Engine | ROLLBACK
2026-08-01 13:40:10,536 INFO sqlalchemy.engine.Engine BEGIN (implicit)
2026-08-01 13:40:10 | INFO     | sqlalchemy.engine.Engine | BEGIN (implicit)
2026-08-01 13:40:10,537 INFO sqlalchemy.engine.Engine SELECT users.id AS users_id, users.school_id AS users_school_id, users.email AS users_email, users.hashed_password AS users_hashed_password, users.role AS users_role, users.is_active AS users_is_active, users.created_at AS users_created_at, users.last_login AS users_last_login 
FROM users 
WHERE users.id = ?
 LIMIT ? OFFSET ?
2026-08-01 13:40:10 | INFO     | sqlalchemy.engine.Engine | SELECT users.id AS users_id, users.school_id AS users_school_id, users.email AS users_email, users.hashed_password AS users_hashed_password, users.role AS users_role, users.is_active AS users_is_active, users.created_at AS users_created_at, users.last_login AS users_last_login 
FROM users 
WHERE users.id = ?
 LIMIT ? OFFSET ?
2026-08-01 13:40:10,538 INFO sqlalchemy.engine.Engine [cached since 370.5s ago] (1, 1, 0)
2026-08-01 13:40:10 | INFO     | sqlalchemy.engine.Engine | [cached since 370.5s ago] (1, 1, 0)
2026-08-01 13:40:10,542 INFO sqlalchemy.engine.Engine SELECT fee_types.id AS fee_types_id, fee_types.school_id AS fee_types_school_id, fee_types.name AS fee_types_name, fee_types.term AS fee_types_term, fee_types.amount_kobo AS fee_types_amount_kobo, fee_types.created_at AS fee_types_created_at 
FROM fee_types 
WHERE fee_types.school_id = ? ORDER BY fee_types.term DESC, fee_types.name
2026-08-01 13:40:10 | INFO     | sqlalchemy.engine.Engine | SELECT fee_types.id AS fee_types_id, fee_types.school_id AS fee_types_school_id, fee_types.name AS fee_types_name, fee_types.term AS fee_types_term, fee_types.amount_kobo AS fee_types_amount_kobo, fee_types.created_at AS fee_types_created_at 
FROM fee_types 
WHERE fee_types.school_id = ? ORDER BY fee_types.term DESC, fee_types.name
2026-08-01 13:40:10,543 INFO sqlalchemy.engine.Engine [cached since 316.8s ago] (1,)
2026-08-01 13:40:10 | INFO     | sqlalchemy.engine.Engine | [cached since 316.8s ago] (1,)
INFO:     127.0.0.1:53538 - "GET /api/v1/fees/types?school_id=1 HTTP/1.1" 200 OK
2026-08-01 13:40:10,547 INFO sqlalchemy.engine.Engine ROLLBACK
2026-08-01 13:40:10 | INFO     | sqlalchemy.engine.Engine | ROLLBACK
2026-08-01 13:43:15,380 INFO sqlalchemy.engine.Engine BEGIN (implicit)
2026-08-01 13:43:15 | INFO     | sqlalchemy.engine.Engine | BEGIN (implicit)
2026-08-01 13:43:15,382 INFO sqlalchemy.engine.Engine SELECT users.id AS users_id, users.school_id AS users_school_id, users.email AS users_email, users.hashed_password AS users_hashed_password, users.role AS users_role, users.is_active AS users_is_active, users.created_at AS users_created_at, users.last_login AS users_last_login 
FROM users 
WHERE users.id = ?
 LIMIT ? OFFSET ?
2026-08-01 13:43:15 | INFO     | sqlalchemy.engine.Engine | SELECT users.id AS users_id, users.school_id AS users_school_id, users.email AS users_email, users.hashed_password AS users_hashed_password, users.role AS users_role, users.is_active AS users_is_active, users.created_at AS users_created_at, users.last_login AS users_last_login 
FROM users 
WHERE users.id = ?
 LIMIT ? OFFSET ?
2026-08-01 13:43:15,383 INFO sqlalchemy.engine.Engine [cached since 555.4s ago] (1, 1, 0)
2026-08-01 13:43:15 | INFO     | sqlalchemy.engine.Engine | [cached since 555.4s ago] (1, 1, 0)
2026-08-01 13:43:15,395 INFO sqlalchemy.engine.Engine SELECT schools.id AS schools_id, schools.name AS schools_name, schools.slug AS schools_slug, schools.phone AS schools_phone, schools.email AS schools_email, schools.address AS schools_address, schools.is_active AS schools_is_active, schools.created_at AS schools_created_at 
FROM schools 
WHERE schools.id = ?
 LIMIT ? OFFSET ?
2026-08-01 13:43:15 | INFO     | sqlalchemy.engine.Engine | SELECT schools.id AS schools_id, schools.name AS schools_name, schools.slug AS schools_slug, schools.phone AS schools_phone, schools.email AS schools_email, schools.address AS schools_address, schools.is_active AS schools_is_active, schools.created_at AS schools_created_at 
FROM schools 
WHERE schools.id = ?
 LIMIT ? OFFSET ?
2026-08-01 13:43:15,396 INFO sqlalchemy.engine.Engine [cached since 555.4s ago] (1, 1, 0)
2026-08-01 13:43:15 | INFO     | sqlalchemy.engine.Engine | [cached since 555.4s ago] (1, 1, 0)
2026-08-01 13:43:15,450 INFO sqlalchemy.engine.Engine INSERT INTO fee_types (school_id, name, term, amount_kobo, created_at) VALUES (?, ?, ?, ?, ?)
2026-08-01 13:43:15 | INFO     | sqlalchemy.engine.Engine | INSERT INTO fee_types (school_id, name, term, amount_kobo, created_at) VALUES (?, ?, ?, ?, ?)
2026-08-01 13:43:15,452 INFO sqlalchemy.engine.Engine [generated in 0.00470s] (1, 'School Fees', 'First Term', 5000000, '2026-08-01 12:43:15.449810')
2026-08-01 13:43:15 | INFO     | sqlalchemy.engine.Engine | [generated in 0.00470s] (1, 'School Fees', 'First Term', 5000000, '2026-08-01 12:43:15.449810')
2026-08-01 13:43:15,466 INFO sqlalchemy.engine.Engine COMMIT
2026-08-01 13:43:15 | INFO     | sqlalchemy.engine.Engine | COMMIT
2026-08-01 13:43:15,626 INFO sqlalchemy.engine.Engine BEGIN (implicit)
2026-08-01 13:43:15 | INFO     | sqlalchemy.engine.Engine | BEGIN (implicit)
2026-08-01 13:43:15,634 INFO sqlalchemy.engine.Engine SELECT fee_types.id, fee_types.school_id, fee_types.name, fee_types.term, fee_types.amount_kobo, fee_types.created_at 
FROM fee_types 
WHERE fee_types.id = ?
2026-08-01 13:43:15 | INFO     | sqlalchemy.engine.Engine | SELECT fee_types.id, fee_types.school_id, fee_types.name, fee_types.term, fee_types.amount_kobo, fee_types.created_at 
FROM fee_types 
WHERE fee_types.id = ?
2026-08-01 13:43:15,636 INFO sqlalchemy.engine.Engine [generated in 0.00274s] (1,)
2026-08-01 13:43:15 | INFO     | sqlalchemy.engine.Engine | [generated in 0.00274s] (1,)
2026-08-01 13:43:15 | INFO     | app.routers.fees | Fee type created: School Fees (First Term)
INFO:     127.0.0.1:53774 - "POST /api/v1/fees/types HTTP/1.1" 201 Created
2026-08-01 13:43:15,692 INFO sqlalchemy.engine.Engine ROLLBACK
2026-08-01 13:43:15 | INFO     | sqlalchemy.engine.Engine | ROLLBACK
2026-08-01 13:43:15,717 INFO sqlalchemy.engine.Engine BEGIN (implicit)
2026-08-01 13:43:15 | INFO     | sqlalchemy.engine.Engine | BEGIN (implicit)
2026-08-01 13:43:15,718 INFO sqlalchemy.engine.Engine SELECT users.id AS users_id, users.school_id AS users_school_id, users.email AS users_email, users.hashed_password AS users_hashed_password, users.role AS users_role, users.is_active AS users_is_active, users.created_at AS users_created_at, users.last_login AS users_last_login 
FROM users 
WHERE users.id = ?
 LIMIT ? OFFSET ?
2026-08-01 13:43:15 | INFO     | sqlalchemy.engine.Engine | SELECT users.id AS users_id, users.school_id AS users_school_id, users.email AS users_email, users.hashed_password AS users_hashed_password, users.role AS users_role, users.is_active AS users_is_active, users.created_at AS users_created_at, users.last_login AS users_last_login 
FROM users 
WHERE users.id = ?
 LIMIT ? OFFSET ?
2026-08-01 13:43:15,720 INFO sqlalchemy.engine.Engine [cached since 555.7s ago] (1, 1, 0)
2026-08-01 13:43:15 | INFO     | sqlalchemy.engine.Engine | [cached since 555.7s ago] (1, 1, 0)
2026-08-01 13:43:15,729 INFO sqlalchemy.engine.Engine SELECT fee_types.id AS fee_types_id, fee_types.school_id AS fee_types_school_id, fee_types.name AS fee_types_name, fee_types.term AS fee_types_term, fee_types.amount_kobo AS fee_types_amount_kobo, fee_types.created_at AS fee_types_created_at 
FROM fee_types 
WHERE fee_types.school_id = ? ORDER BY fee_types.term DESC, fee_types.name
2026-08-01 13:43:15 | INFO     | sqlalchemy.engine.Engine | SELECT fee_types.id AS fee_types_id, fee_types.school_id AS fee_types_school_id, fee_types.name AS fee_types_name, fee_types.term AS fee_types_term, fee_types.amount_kobo AS fee_types_amount_kobo, fee_types.created_at AS fee_types_created_at 
FROM fee_types 
WHERE fee_types.school_id = ? ORDER BY fee_types.term DESC, fee_types.name
2026-08-01 13:43:15,729 INFO sqlalchemy.engine.Engine [cached since 502s ago] (1,)
2026-08-01 13:43:15 | INFO     | sqlalchemy.engine.Engine | [cached since 502s ago] (1,)
INFO:     127.0.0.1:53774 - "GET /api/v1/fees/types?school_id=1 HTTP/1.1" 200 OK
2026-08-01 13:43:15,965 INFO sqlalchemy.engine.Engine ROLLBACK
2026-08-01 13:43:15 | INFO     | sqlalchemy.engine.Engine | ROLLBACK
2026-08-01 13:43:22,118 INFO sqlalchemy.engine.Engine BEGIN (implicit)
2026-08-01 13:43:22 | INFO     | sqlalchemy.engine.Engine | BEGIN (implicit)
2026-08-01 13:43:22,118 INFO sqlalchemy.engine.Engine SELECT users.id AS users_id, users.school_id AS users_school_id, users.email AS users_email, users.hashed_password AS users_hashed_password, users.role AS users_role, users.is_active AS users_is_active, users.created_at AS users_created_at, users.last_login AS users_last_login 
FROM users 
WHERE users.id = ?
 LIMIT ? OFFSET ?
2026-08-01 13:43:22 | INFO     | sqlalchemy.engine.Engine | SELECT users.id AS users_id, users.school_id AS users_school_id, users.email AS users_email, users.hashed_password AS users_hashed_password, users.role AS users_role, users.is_active AS users_is_active, users.created_at AS users_created_at, users.last_login AS users_last_login 
FROM users 
WHERE users.id = ?
 LIMIT ? OFFSET ?
2026-08-01 13:43:22,119 INFO sqlalchemy.engine.Engine [cached since 562.1s ago] (1, 1, 0)
2026-08-01 13:43:22 | INFO     | sqlalchemy.engine.Engine | [cached since 562.1s ago] (1, 1, 0)
2026-08-01 13:43:22,140 INFO sqlalchemy.engine.Engine SELECT fee_types.id AS fee_types_id, fee_types.school_id AS fee_types_school_id, fee_types.name AS fee_types_name, fee_types.term AS fee_types_term, fee_types.amount_kobo AS fee_types_amount_kobo, fee_types.created_at AS fee_types_created_at 
FROM fee_types 
WHERE fee_types.school_id = ? ORDER BY fee_types.term DESC, fee_types.name
2026-08-01 13:43:22 | INFO     | sqlalchemy.engine.Engine | SELECT fee_types.id AS fee_types_id, fee_types.school_id AS fee_types_school_id, fee_types.name AS fee_types_name, fee_types.term AS fee_types_term, fee_types.amount_kobo AS fee_types_amount_kobo, fee_types.created_at AS fee_types_created_at 
FROM fee_types 
WHERE fee_types.school_id = ? ORDER BY fee_types.term DESC, fee_types.name
2026-08-01 13:43:22,141 INFO sqlalchemy.engine.Engine [cached since 508.4s ago] (1,)
2026-08-01 13:43:22 | INFO     | sqlalchemy.engine.Engine | [cached since 508.4s ago] (1,)
INFO:     127.0.0.1:53776 - "GET /api/v1/fees/types?school_id=1 HTTP/1.1" 200 OK
2026-08-01 13:43:22,145 INFO sqlalchemy.engine.Engine ROLLBACK
2026-08-01 13:43:22 | INFO     | sqlalchemy.engine.Engine | ROLLBACK
2026-08-01 13:44:42,064 INFO sqlalchemy.engine.Engine BEGIN (implicit)
2026-08-01 13:44:42 | INFO     | sqlalchemy.engine.Engine | BEGIN (implicit)
2026-08-01 13:44:42,065 INFO sqlalchemy.engine.Engine SELECT users.id AS users_id, users.school_id AS users_school_id, users.email AS users_email, users.hashed_password AS users_hashed_password, users.role AS users_role, users.is_active AS users_is_active, users.created_at AS users_created_at, users.last_login AS users_last_login 
FROM users 
WHERE users.id = ?
 LIMIT ? OFFSET ?
2026-08-01 13:44:42 | INFO     | sqlalchemy.engine.Engine | SELECT users.id AS users_id, users.school_id AS users_school_id, users.email AS users_email, users.hashed_password AS users_hashed_password, users.role AS users_role, users.is_active AS users_is_active, users.created_at AS users_created_at, users.last_login AS users_last_login 
FROM users 
WHERE users.id = ?
 LIMIT ? OFFSET ?
2026-08-01 13:44:42,066 INFO sqlalchemy.engine.Engine [cached since 642.1s ago] (1, 1, 0)
2026-08-01 13:44:42 | INFO     | sqlalchemy.engine.Engine | [cached since 642.1s ago] (1, 1, 0)
2026-08-01 13:44:42,075 INFO sqlalchemy.engine.Engine SELECT schools.id AS schools_id, schools.name AS schools_name, schools.slug AS schools_slug, schools.phone AS schools_phone, schools.email AS schools_email, schools.address AS schools_address, schools.is_active AS schools_is_active, schools.created_at AS schools_created_at 
FROM schools 
WHERE schools.id = ?
 LIMIT ? OFFSET ?
2026-08-01 13:44:42 | INFO     | sqlalchemy.engine.Engine | SELECT schools.id AS schools_id, schools.name AS schools_name, schools.slug AS schools_slug, schools.phone AS schools_phone, schools.email AS schools_email, schools.address AS schools_address, schools.is_active AS schools_is_active, schools.created_at AS schools_created_at 
FROM schools 
WHERE schools.id = ?
 LIMIT ? OFFSET ?
2026-08-01 13:44:42,076 INFO sqlalchemy.engine.Engine [cached since 642.1s ago] (1, 1, 0)
2026-08-01 13:44:42 | INFO     | sqlalchemy.engine.Engine | [cached since 642.1s ago] (1, 1, 0)
2026-08-01 13:44:42,203 INFO sqlalchemy.engine.Engine INSERT INTO students (school_id, student_name, class_name, parent_name, parent_phone, parent_email, is_active, created_at) VALUES (?, ?, ?, ?, ?, ?, ?, ?)
2026-08-01 13:44:42 | INFO     | sqlalchemy.engine.Engine | INSERT INTO students (school_id, student_name, class_name, parent_name, parent_phone, parent_email, is_active, created_at) VALUES (?, ?, ?, ?, ?, ?, ?, ?)
2026-08-01 13:44:42,205 INFO sqlalchemy.engine.Engine [generated in 0.00387s] (1, 'Kuyik-Abasi Idibke John', 'primary 2', 'Mrs John Idibeke', '+2348181724911', 'ubongabasijohn9@gmail.com', 1, '2026-08-01 12:44:42.201880')
2026-08-01 13:44:42 | INFO     | sqlalchemy.engine.Engine | [generated in 0.00387s] (1, 'Kuyik-Abasi Idibke John', 'primary 2', 'Mrs John Idibeke', '+2348181724911', 'ubongabasijohn9@gmail.com', 1, '2026-08-01 12:44:42.201880')
2026-08-01 13:44:42,215 INFO sqlalchemy.engine.Engine COMMIT
2026-08-01 13:44:42 | INFO     | sqlalchemy.engine.Engine | COMMIT
2026-08-01 13:44:42,357 INFO sqlalchemy.engine.Engine BEGIN (implicit)
2026-08-01 13:44:42 | INFO     | sqlalchemy.engine.Engine | BEGIN (implicit)
2026-08-01 13:44:42,366 INFO sqlalchemy.engine.Engine SELECT students.id, students.school_id, students.student_name, students.class_name, students.parent_name, students.parent_phone, students.parent_email, students.is_active, students.created_at 
FROM students 
WHERE students.id = ?
2026-08-01 13:44:42 | INFO     | sqlalchemy.engine.Engine | SELECT students.id, students.school_id, students.student_name, students.class_name, students.parent_name, students.parent_phone, students.parent_email, students.is_active, students.created_at 
FROM students 
WHERE students.id = ?
2026-08-01 13:44:42,367 INFO sqlalchemy.engine.Engine [generated in 0.00109s] (1,)
2026-08-01 13:44:42 | INFO     | sqlalchemy.engine.Engine | [generated in 0.00109s] (1,)
2026-08-01 13:44:42 | INFO     | app.routers.students | Student created: Kuyik-Abasi Idibke John (id=1)
INFO:     127.0.0.1:53897 - "POST /api/v1/students/ HTTP/1.1" 201 Created
2026-08-01 13:44:42,465 INFO sqlalchemy.engine.Engine ROLLBACK
2026-08-01 13:44:42 | INFO     | sqlalchemy.engine.Engine | ROLLBACK
2026-08-01 13:44:42,609 INFO sqlalchemy.engine.Engine BEGIN (implicit)
2026-08-01 13:44:42 | INFO     | sqlalchemy.engine.Engine | BEGIN (implicit)
2026-08-01 13:44:42,612 INFO sqlalchemy.engine.Engine SELECT users.id AS users_id, users.school_id AS users_school_id, users.email AS users_email, users.hashed_password AS users_hashed_password, users.role AS users_role, users.is_active AS users_is_active, users.created_at AS users_created_at, users.last_login AS users_last_login 
FROM users 
WHERE users.id = ?
 LIMIT ? OFFSET ?
2026-08-01 13:44:42 | INFO     | sqlalchemy.engine.Engine | SELECT users.id AS users_id, users.school_id AS users_school_id, users.email AS users_email, users.hashed_password AS users_hashed_password, users.role AS users_role, users.is_active AS users_is_active, users.created_at AS users_created_at, users.last_login AS users_last_login 
FROM users 
WHERE users.id = ?
 LIMIT ? OFFSET ?
2026-08-01 13:44:42,614 INFO sqlalchemy.engine.Engine [cached since 642.6s ago] (1, 1, 0)
2026-08-01 13:44:42 | INFO     | sqlalchemy.engine.Engine | [cached since 642.6s ago] (1, 1, 0)
2026-08-01 13:44:42,633 INFO sqlalchemy.engine.Engine SELECT students.id AS students_id, students.school_id AS students_school_id, students.student_name AS students_student_name, students.class_name AS students_class_name, students.parent_name AS students_parent_name, students.parent_phone AS students_parent_phone, students.parent_email AS students_parent_email, students.is_active AS students_is_active, students.created_at AS students_created_at 
FROM students 
WHERE students.id = ?
 LIMIT ? OFFSET ?
2026-08-01 13:44:42 | INFO     | sqlalchemy.engine.Engine | SELECT students.id AS students_id, students.school_id AS students_school_id, students.student_name AS students_student_name, students.class_name AS students_class_name, students.parent_name AS students_parent_name, students.parent_phone AS students_parent_phone, students.parent_email AS students_parent_email, students.is_active AS students_is_active, students.created_at AS students_created_at 
FROM students 
WHERE students.id = ?
 LIMIT ? OFFSET ?
2026-08-01 13:44:42,634 INFO sqlalchemy.engine.Engine [generated in 0.00207s] (1, 1, 0)
2026-08-01 13:44:42 | INFO     | sqlalchemy.engine.Engine | [generated in 0.00207s] (1, 1, 0)
2026-08-01 13:44:42,642 INFO sqlalchemy.engine.Engine SELECT fee_types.id AS fee_types_id, fee_types.school_id AS fee_types_school_id, fee_types.name AS fee_types_name, fee_types.term AS fee_types_term, fee_types.amount_kobo AS fee_types_amount_kobo, fee_types.created_at AS fee_types_created_at 
FROM fee_types 
WHERE fee_types.id = ?
 LIMIT ? OFFSET ?
2026-08-01 13:44:42 | INFO     | sqlalchemy.engine.Engine | SELECT fee_types.id AS fee_types_id, fee_types.school_id AS fee_types_school_id, fee_types.name AS fee_types_name, fee_types.term AS fee_types_term, fee_types.amount_kobo AS fee_types_amount_kobo, fee_types.created_at AS fee_types_created_at 
FROM fee_types 
WHERE fee_types.id = ?
 LIMIT ? OFFSET ?
2026-08-01 13:44:42,642 INFO sqlalchemy.engine.Engine [generated in 0.00107s] (1, 1, 0)
2026-08-01 13:44:42 | INFO     | sqlalchemy.engine.Engine | [generated in 0.00107s] (1, 1, 0)
2026-08-01 13:44:42,724 INFO sqlalchemy.engine.Engine SELECT fee_records.id AS fee_records_id, fee_records.student_id AS fee_records_student_id, fee_records.fee_type_id AS fee_records_fee_type_id, fee_records.total_fees_kobo AS fee_records_total_fees_kobo, fee_records.amount_paid_kobo AS fee_records_amount_paid_kobo, fee_records.status AS fee_records_status, fee_records.created_at AS fee_records_created_at, fee_records.updated_at AS fee_records_updated_at 
FROM fee_records 
WHERE fee_records.student_id = ? AND fee_records.fee_type_id = ?
 LIMIT ? OFFSET ?
2026-08-01 13:44:42 | INFO     | sqlalchemy.engine.Engine | SELECT fee_records.id AS fee_records_id, fee_records.student_id AS fee_records_student_id, fee_records.fee_type_id AS fee_records_fee_type_id, fee_records.total_fees_kobo AS fee_records_total_fees_kobo, fee_records.amount_paid_kobo AS fee_records_amount_paid_kobo, fee_records.status AS fee_records_status, fee_records.created_at AS fee_records_created_at, fee_records.updated_at AS fee_records_updated_at 
FROM fee_records 
WHERE fee_records.student_id = ? AND fee_records.fee_type_id = ?
 LIMIT ? OFFSET ?
2026-08-01 13:44:42,725 INFO sqlalchemy.engine.Engine [generated in 0.00161s] (1, 1, 1, 0)
2026-08-01 13:44:42 | INFO     | sqlalchemy.engine.Engine | [generated in 0.00161s] (1, 1, 1, 0)
2026-08-01 13:44:42,739 INFO sqlalchemy.engine.Engine INSERT INTO fee_records (student_id, fee_type_id, total_fees_kobo, amount_paid_kobo, status, created_at, updated_at) VALUES (?, ?, ?, ?, ?, ?, ?)
2026-08-01 13:44:42 | INFO     | sqlalchemy.engine.Engine | INSERT INTO fee_records (student_id, fee_type_id, total_fees_kobo, amount_paid_kobo, status, created_at, updated_at) VALUES (?, ?, ?, ?, ?, ?, ?)
2026-08-01 13:44:42,740 INFO sqlalchemy.engine.Engine [generated in 0.00143s] (1, 1, 4000000, 0, 'unpaid', '2026-08-01 12:44:42.739188', '2026-08-01 12:44:42.739204')
2026-08-01 13:44:42 | INFO     | sqlalchemy.engine.Engine | [generated in 0.00143s] (1, 1, 4000000, 0, 'unpaid', '2026-08-01 12:44:42.739188', '2026-08-01 12:44:42.739204')
2026-08-01 13:44:42,751 INFO sqlalchemy.engine.Engine COMMIT
2026-08-01 13:44:42 | INFO     | sqlalchemy.engine.Engine | COMMIT
2026-08-01 13:44:42,868 INFO sqlalchemy.engine.Engine BEGIN (implicit)
2026-08-01 13:44:42 | INFO     | sqlalchemy.engine.Engine | BEGIN (implicit)
2026-08-01 13:44:42,876 INFO sqlalchemy.engine.Engine SELECT fee_records.id, fee_records.student_id, fee_records.fee_type_id, fee_records.total_fees_kobo, fee_records.amount_paid_kobo, fee_records.status, fee_records.created_at, fee_records.updated_at 
FROM fee_records 
WHERE fee_records.id = ?
2026-08-01 13:44:42 | INFO     | sqlalchemy.engine.Engine | SELECT fee_records.id, fee_records.student_id, fee_records.fee_type_id, fee_records.total_fees_kobo, fee_records.amount_paid_kobo, fee_records.status, fee_records.created_at, fee_records.updated_at 
FROM fee_records 
WHERE fee_records.id = ?
2026-08-01 13:44:42,878 INFO sqlalchemy.engine.Engine [generated in 0.00259s] (1,)
2026-08-01 13:44:42 | INFO     | sqlalchemy.engine.Engine | [generated in 0.00259s] (1,)
2026-08-01 13:44:42,982 INFO sqlalchemy.engine.Engine SELECT fee_types.id AS fee_types_id, fee_types.school_id AS fee_types_school_id, fee_types.name AS fee_types_name, fee_types.term AS fee_types_term, fee_types.amount_kobo AS fee_types_amount_kobo, fee_types.created_at AS fee_types_created_at 
FROM fee_types 
WHERE fee_types.id = ?
2026-08-01 13:44:42 | INFO     | sqlalchemy.engine.Engine | SELECT fee_types.id AS fee_types_id, fee_types.school_id AS fee_types_school_id, fee_types.name AS fee_types_name, fee_types.term AS fee_types_term, fee_types.amount_kobo AS fee_types_amount_kobo, fee_types.created_at AS fee_types_created_at 
FROM fee_types 
WHERE fee_types.id = ?
2026-08-01 13:44:42,983 INFO sqlalchemy.engine.Engine [generated in 0.00053s] (1,)
2026-08-01 13:44:42 | INFO     | sqlalchemy.engine.Engine | [generated in 0.00053s] (1,)
2026-08-01 13:44:42,986 INFO sqlalchemy.engine.Engine SELECT students.id AS students_id, students.school_id AS students_school_id, students.student_name AS students_student_name, students.class_name AS students_class_name, students.parent_name AS students_parent_name, students.parent_phone AS students_parent_phone, students.parent_email AS students_parent_email, students.is_active AS students_is_active, students.created_at AS students_created_at 
FROM students 
WHERE students.id = ?
2026-08-01 13:44:42 | INFO     | sqlalchemy.engine.Engine | SELECT students.id AS students_id, students.school_id AS students_school_id, students.student_name AS students_student_name, students.class_name AS students_class_name, students.parent_name AS students_parent_name, students.parent_phone AS students_parent_phone, students.parent_email AS students_parent_email, students.is_active AS students_is_active, students.created_at AS students_created_at 
FROM students 
WHERE students.id = ?
2026-08-01 13:44:42,986 INFO sqlalchemy.engine.Engine [generated in 0.00043s] (1,)
2026-08-01 13:44:42 | INFO     | sqlalchemy.engine.Engine | [generated in 0.00043s] (1,)
2026-08-01 13:44:42 | INFO     | app.routers.fees | Fee assigned: School Fees \u2192 Kuyik-Abasi Idibke John (\u20a640,000.00)
INFO:     127.0.0.1:53897 - "POST /api/v1/fees/records HTTP/1.1" 201 Created
2026-08-01 13:44:42,998 INFO sqlalchemy.engine.Engine ROLLBACK
2026-08-01 13:44:42 | INFO     | sqlalchemy.engine.Engine | ROLLBACK
2026-08-01 13:44:43,009 INFO sqlalchemy.engine.Engine BEGIN (implicit)
2026-08-01 13:44:43 | INFO     | sqlalchemy.engine.Engine | BEGIN (implicit)
2026-08-01 13:44:43,011 INFO sqlalchemy.engine.Engine SELECT users.id AS users_id, users.school_id AS users_school_id, users.email AS users_email, users.hashed_password AS users_hashed_password, users.role AS users_role, users.is_active AS users_is_active, users.created_at AS users_created_at, users.last_login AS users_last_login 
FROM users 
WHERE users.id = ?
 LIMIT ? OFFSET ?
2026-08-01 13:44:43 | INFO     | sqlalchemy.engine.Engine | SELECT users.id AS users_id, users.school_id AS users_school_id, users.email AS users_email, users.hashed_password AS users_hashed_password, users.role AS users_role, users.is_active AS users_is_active, users.created_at AS users_created_at, users.last_login AS users_last_login 
FROM users 
WHERE users.id = ?
 LIMIT ? OFFSET ?
2026-08-01 13:44:43,012 INFO sqlalchemy.engine.Engine [cached since 643s ago] (1, 1, 0)
2026-08-01 13:44:43 | INFO     | sqlalchemy.engine.Engine | [cached since 643s ago] (1, 1, 0)
2026-08-01 13:44:43,015 INFO sqlalchemy.engine.Engine SELECT schools.id AS schools_id, schools.name AS schools_name, schools.slug AS schools_slug, schools.phone AS schools_phone, schools.email AS schools_email, schools.address AS schools_address, schools.is_active AS schools_is_active, schools.created_at AS schools_created_at 
FROM schools 
WHERE schools.id = ?
 LIMIT ? OFFSET ?
2026-08-01 13:44:43 | INFO     | sqlalchemy.engine.Engine | SELECT schools.id AS schools_id, schools.name AS schools_name, schools.slug AS schools_slug, schools.phone AS schools_phone, schools.email AS schools_email, schools.address AS schools_address, schools.is_active AS schools_is_active, schools.created_at AS schools_created_at 
FROM schools 
WHERE schools.id = ?
 LIMIT ? OFFSET ?
2026-08-01 13:44:43,015 INFO sqlalchemy.engine.Engine [cached since 643s ago] (1, 1, 0)
2026-08-01 13:44:43 | INFO     | sqlalchemy.engine.Engine | [cached since 643s ago] (1, 1, 0)
2026-08-01 13:44:43,017 INFO sqlalchemy.engine.Engine SELECT students.id AS students_id, students.school_id AS students_school_id, students.student_name AS students_student_name, students.class_name AS students_class_name, students.parent_name AS students_parent_name, students.parent_phone AS students_parent_phone, students.parent_email AS students_parent_email, students.is_active AS students_is_active, students.created_at AS students_created_at, fee_records_1.id AS fee_records_1_id, fee_records_1.student_id AS fee_records_1_student_id, fee_records_1.fee_type_id AS fee_records_1_fee_type_id, fee_records_1.total_fees_kobo AS fee_records_1_total_fees_kobo, fee_records_1.amount_paid_kobo AS fee_records_1_amount_paid_kobo, fee_records_1.status AS fee_records_1_status, fee_records_1.created_at AS fee_records_1_created_at, fee_records_1.updated_at AS fee_records_1_updated_at 
FROM students LEFT OUTER JOIN fee_records AS fee_records_1 ON students.id = fee_records_1.student_id 
WHERE students.school_id = ? AND students.is_active = 1 ORDER BY students.student_name
2026-08-01 13:44:43 | INFO     | sqlalchemy.engine.Engine | SELECT students.id AS students_id, students.school_id AS students_school_id, students.student_name AS students_student_name, students.class_name AS students_class_name, students.parent_name AS students_parent_name, students.parent_phone AS students_parent_phone, students.parent_email AS students_parent_email, students.is_active AS students_is_active, students.created_at AS students_created_at, fee_records_1.id AS fee_records_1_id, fee_records_1.student_id AS fee_records_1_student_id, fee_records_1.fee_type_id AS fee_records_1_fee_type_id, fee_records_1.total_fees_kobo AS fee_records_1_total_fees_kobo, fee_records_1.amount_paid_kobo AS fee_records_1_amount_paid_kobo, fee_records_1.status AS fee_records_1_status, fee_records_1.created_at AS fee_records_1_created_at, fee_records_1.updated_at AS fee_records_1_updated_at 
FROM students LEFT OUTER JOIN fee_records AS fee_records_1 ON students.id = fee_records_1.student_id 
WHERE students.school_id = ? AND students.is_active = 1 ORDER BY students.student_name
2026-08-01 13:44:43,018 INFO sqlalchemy.engine.Engine [cached since 589.3s ago] (1,)
2026-08-01 13:44:43 | INFO     | sqlalchemy.engine.Engine | [cached since 589.3s ago] (1,)
INFO:     127.0.0.1:53897 - "GET /api/v1/dashboard/students?school_id=1 HTTP/1.1" 200 OK
2026-08-01 13:44:43,033 INFO sqlalchemy.engine.Engine ROLLBACK
2026-08-01 13:44:43 | INFO     | sqlalchemy.engine.Engine | ROLLBACK
2026-08-01 13:44:55,313 INFO sqlalchemy.engine.Engine BEGIN (implicit)
2026-08-01 13:44:55 | INFO     | sqlalchemy.engine.Engine | BEGIN (implicit)
2026-08-01 13:44:55,314 INFO sqlalchemy.engine.Engine SELECT users.id AS users_id, users.school_id AS users_school_id, users.email AS users_email, users.hashed_password AS users_hashed_password, users.role AS users_role, users.is_active AS users_is_active, users.created_at AS users_created_at, users.last_login AS users_last_login 
FROM users 
WHERE users.id = ?
 LIMIT ? OFFSET ?
2026-08-01 13:44:55 | INFO     | sqlalchemy.engine.Engine | SELECT users.id AS users_id, users.school_id AS users_school_id, users.email AS users_email, users.hashed_password AS users_hashed_password, users.role AS users_role, users.is_active AS users_is_active, users.created_at AS users_created_at, users.last_login AS users_last_login 
FROM users 
WHERE users.id = ?
 LIMIT ? OFFSET ?
2026-08-01 13:44:55,314 INFO sqlalchemy.engine.Engine [cached since 655.3s ago] (1, 1, 0)
2026-08-01 13:44:55 | INFO     | sqlalchemy.engine.Engine | [cached since 655.3s ago] (1, 1, 0)
2026-08-01 13:44:55,328 INFO sqlalchemy.engine.Engine SELECT schools.id AS schools_id, schools.name AS schools_name, schools.slug AS schools_slug, schools.phone AS schools_phone, schools.email AS schools_email, schools.address AS schools_address, schools.is_active AS schools_is_active, schools.created_at AS schools_created_at 
FROM schools 
WHERE schools.id = ?
 LIMIT ? OFFSET ?
2026-08-01 13:44:55 | INFO     | sqlalchemy.engine.Engine | SELECT schools.id AS schools_id, schools.name AS schools_name, schools.slug AS schools_slug, schools.phone AS schools_phone, schools.email AS schools_email, schools.address AS schools_address, schools.is_active AS schools_is_active, schools.created_at AS schools_created_at 
FROM schools 
WHERE schools.id = ?
 LIMIT ? OFFSET ?
2026-08-01 13:44:55,329 INFO sqlalchemy.engine.Engine [cached since 655.3s ago] (1, 1, 0)
2026-08-01 13:44:55 | INFO     | sqlalchemy.engine.Engine | [cached since 655.3s ago] (1, 1, 0)
2026-08-01 13:44:55,473 INFO sqlalchemy.engine.Engine SELECT fee_records.id AS fee_records_id, fee_records.student_id AS fee_records_student_id, fee_records.fee_type_id AS fee_records_fee_type_id, fee_records.total_fees_kobo AS fee_records_total_fees_kobo, fee_records.amount_paid_kobo AS fee_records_amount_paid_kobo, fee_records.status AS fee_records_status, fee_records.created_at AS fee_records_created_at, fee_records.updated_at AS fee_records_updated_at, schools_1.id AS schools_1_id, schools_1.name AS schools_1_name, schools_1.slug AS schools_1_slug, schools_1.phone AS schools_1_phone, schools_1.email AS schools_1_email, schools_1.address AS schools_1_address, schools_1.is_active AS schools_1_is_active, schools_1.created_at AS schools_1_created_at, students_1.id AS students_1_id, students_1.school_id AS students_1_school_id, students_1.student_name AS students_1_student_name, students_1.class_name AS students_1_class_name, students_1.parent_name AS students_1_parent_name, students_1.parent_phone AS students_1_parent_phone, students_1.parent_email AS students_1_parent_email, students_1.is_active AS students_1_is_active, students_1.created_at AS students_1_created_at, fee_types_1.id AS fee_types_1_id, fee_types_1.school_id AS fee_types_1_school_id, fee_types_1.name AS fee_types_1_name, fee_types_1.term AS fee_types_1_term, fee_types_1.amount_kobo AS fee_types_1_amount_kobo, fee_types_1.created_at AS fee_types_1_created_at 
FROM fee_records JOIN students ON students.id = fee_records.student_id JOIN fee_types ON fee_types.id = fee_records.fee_type_id LEFT OUTER JOIN students AS students_1 ON students_1.id = fee_records.student_id LEFT OUTER JOIN schools AS schools_1 ON schools_1.id = students_1.school_id LEFT OUTER JOIN fee_types AS fee_types_1 ON fee_types_1.id = fee_records.fee_type_id 
WHERE students.school_id = ? AND students.is_active = 1 AND fee_records.status IN (?, ?)
2026-08-01 13:44:55 | INFO     | sqlalchemy.engine.Engine | SELECT fee_records.id AS fee_records_id, fee_records.student_id AS fee_records_student_id, fee_records.fee_type_id AS fee_records_fee_type_id, fee_records.total_fees_kobo AS fee_records_total_fees_kobo, fee_records.amount_paid_kobo AS fee_records_amount_paid_kobo, fee_records.status AS fee_records_status, fee_records.created_at AS fee_records_created_at, fee_records.updated_at AS fee_records_updated_at, schools_1.id AS schools_1_id, schools_1.name AS schools_1_name, schools_1.slug AS schools_1_slug, schools_1.phone AS schools_1_phone, schools_1.email AS schools_1_email, schools_1.address AS schools_1_address, schools_1.is_active AS schools_1_is_active, schools_1.created_at AS schools_1_created_at, students_1.id AS students_1_id, students_1.school_id AS students_1_school_id, students_1.student_name AS students_1_student_name, students_1.class_name AS students_1_class_name, students_1.parent_name AS students_1_parent_name, students_1.parent_phone AS students_1_parent_phone, students_1.parent_email AS students_1_parent_email, students_1.is_active AS students_1_is_active, students_1.created_at AS students_1_created_at, fee_types_1.id AS fee_types_1_id, fee_types_1.school_id AS fee_types_1_school_id, fee_types_1.name AS fee_types_1_name, fee_types_1.term AS fee_types_1_term, fee_types_1.amount_kobo AS fee_types_1_amount_kobo, fee_types_1.created_at AS fee_types_1_created_at 
FROM fee_records JOIN students ON students.id = fee_records.student_id JOIN fee_types ON fee_types.id = fee_records.fee_type_id LEFT OUTER JOIN students AS students_1 ON students_1.id = fee_records.student_id LEFT OUTER JOIN schools AS schools_1 ON schools_1.id = students_1.school_id LEFT OUTER JOIN fee_types AS fee_types_1 ON fee_types_1.id = fee_records.fee_type_id 
WHERE students.school_id = ? AND students.is_active = 1 AND fee_records.status IN (?, ?)
2026-08-01 13:44:55,474 INFO sqlalchemy.engine.Engine [generated in 0.00319s] (1, 'unpaid', 'partial')
2026-08-01 13:44:55 | INFO     | sqlalchemy.engine.Engine | [generated in 0.00319s] (1, 'unpaid', 'partial')
2026-08-01 13:44:57 | INFO     | twilio.http_client | -- BEGIN Twilio API Request --
2026-08-01 13:44:57 | INFO     | twilio.http_client | POST Request: https://api.twilio.com/2010-04-01/Accounts/AC319cda2ac5feb82e07cb844eeb17307d/Messages.json
2026-08-01 13:44:57 | INFO     | twilio.http_client | Headers:
2026-08-01 13:44:57 | INFO     | twilio.http_client | Content-Type : application/x-www-form-urlencoded
2026-08-01 13:44:57 | INFO     | twilio.http_client | Accept : application/json
2026-08-01 13:44:57 | INFO     | twilio.http_client | User-Agent : twilio-python/9.10.9 (Windows AMD64) Python/3.14.6
2026-08-01 13:44:57 | INFO     | twilio.http_client | X-Twilio-Client : python-9.10.9
2026-08-01 13:44:57 | INFO     | twilio.http_client | Accept-Charset : utf-8
2026-08-01 13:44:57 | INFO     | twilio.http_client | -- END Twilio API Request --
2026-08-01 13:45:00 | INFO     | twilio.http_client | Response Status Code: 201
2026-08-01 13:45:00 | INFO     | twilio.http_client | Response Headers: {'Content-Type': 'application/json;charset=utf-8', 'Content-Length': '1305', 'Connection': 'keep-alive', 'Date': 'Sat, 01 Aug 2026 12:45:00 GMT', 'Twilio-Concurrent-Requests': '1', 'Twilio-Request-Id': 'RQ4d144e151f68aa6e0c932a37d0e1ac51', 'Twilio-Request-Duration': '0.151', 'X-Home-Region': 'us1', 'X-API-Domain': 'api.twilio.com', 'Strict-Transport-Security': 'max-age=31536000', 'X-Cache': 'Miss from cloudfront', 'Via': '1.1 552902bab7d1a219a13b7843f4afebae.cloudfront.net (CloudFront)', 'X-Amz-Cf-Pop': 'LOS50-P2', 'X-Amz-Cf-Id': 'suumdFaZ1PWxpD_ZdN0bG0L9TELDQI2N7ICFrKTFnqQ-ZDedIt13PQ==', 'X-Powered-By': 'AT-5000', 'X-Shenanigans': 'none', 'Vary': 'Origin'}
2026-08-01 13:45:00 | INFO     | app.services.twilio_wa | WhatsApp sent to +2348181724911: SID=SM4d144e151f68aa6e0c932a37d0e1ac51
2026-08-01 13:45:00 | INFO     | app.services.reminder_service | Reminder sent to Mrs John Idibeke (+2348181724911) for School Fees: balance=4000000 kobo
2026-08-01 13:45:00 | INFO     | app.services.activity_service | Activity logged: [reminder_sent] Reminder sent to Mrs John Idibeke about Kuyik-Abasi Idibke John — balance \u20a640,000.00
2026-08-01 13:45:00 | INFO     | app.services.reminder_service | Reminder batch complete: 1 sent, 0 failed, 0 skipped out of 1 records
2026-08-01 13:45:00,254 INFO sqlalchemy.engine.Engine INSERT INTO activity_logs (school_id, student_id, action, description, created_at) VALUES (?, ?, ?, ?, ?)
2026-08-01 13:45:00 | INFO     | sqlalchemy.engine.Engine | INSERT INTO activity_logs (school_id, student_id, action, description, created_at) VALUES (?, ?, ?, ?, ?)
--- Logging error ---
Traceback (most recent call last):
  File "C:\Users\MKPOUTO IDIBEKE\AppData\Local\Python\pythoncore-3.14-64\Lib\logging\__init__.py", line 1154, in emit
    stream.write(msg + self.terminator)
    ~~~~~~~~~~~~^^^^^^^^^^^^^^^^^^^^^^^
  File "C:\Users\MKPOUTO IDIBEKE\AppData\Local\Python\pythoncore-3.14-64\Lib\encodings\cp1252.py", line 19, in encode
    return codecs.charmap_encode(input,self.errors,encoding_table)[0]
           ~~~~~~~~~~~~~~~~~~~~~^^^^^^^^^^^^^^^^^^^^^^^^^^^^^^^^^^
UnicodeEncodeError: 'charmap' codec can't encode character '\u20a6' in position 177: character maps to <undefined>
Call stack:
  File "<frozen runpy>", line 203, in _run_module_as_main
  File "<frozen runpy>", line 88, in _run_code
  File "C:\Users\MKPOUTO IDIBEKE\Documents\GitHub\Jummikville-Management-System\venv\Scripts\uvicorn.exe\__main__.py", line 5, in <module>
    sys.exit(main())
  File "C:\Users\MKPOUTO IDIBEKE\Documents\GitHub\Jummikville-Management-System\venv\Lib\site-packages\click\core.py", line 1569, in __call__
    return self.main(*args, **kwargs)
  File "C:\Users\MKPOUTO IDIBEKE\Documents\GitHub\Jummikville-Management-System\venv\Lib\site-packages\click\core.py", line 1490, in main
    rv = self.invoke(ctx)
  File "C:\Users\MKPOUTO IDIBEKE\Documents\GitHub\Jummikville-Management-System\venv\Lib\site-packages\click\core.py", line 1353, in invoke
    return ctx.invoke(self.callback, **ctx.params)
  File "C:\Users\MKPOUTO IDIBEKE\Documents\GitHub\Jummikville-Management-System\venv\Lib\site-packages\click\core.py", line 907, in invoke
    return callback(*args, **kwargs)
  File "C:\Users\MKPOUTO IDIBEKE\Documents\GitHub\Jummikville-Management-System\venv\Lib\site-packages\uvicorn\main.py", line 440, in main
    run(
  File "C:\Users\MKPOUTO IDIBEKE\Documents\GitHub\Jummikville-Management-System\venv\Lib\site-packages\uvicorn\main.py", line 621, in run
    server.run()
  File "C:\Users\MKPOUTO IDIBEKE\Documents\GitHub\Jummikville-Management-System\venv\Lib\site-packages\uvicorn\server.py", line 77, in run
    return asyncio_run(self.serve(sockets=sockets), loop_factory=self.config.get_loop_factory())
  File "C:\Users\MKPOUTO IDIBEKE\AppData\Local\Python\pythoncore-3.14-64\Lib\asyncio\runners.py", line 205, in run
    return runner.run(main)
  File "C:\Users\MKPOUTO IDIBEKE\AppData\Local\Python\pythoncore-3.14-64\Lib\asyncio\runners.py", line 128, in run
    return self._loop.run_until_complete(task)
  File "C:\Users\MKPOUTO IDIBEKE\AppData\Local\Python\pythoncore-3.14-64\Lib\asyncio\base_events.py", line 706, in run_until_complete
    self.run_forever()
  File "C:\Users\MKPOUTO IDIBEKE\AppData\Local\Python\pythoncore-3.14-64\Lib\asyncio\base_events.py", line 677, in run_forever
    self._run_once()
  File "C:\Users\MKPOUTO IDIBEKE\AppData\Local\Python\pythoncore-3.14-64\Lib\asyncio\base_events.py", line 2056, in _run_once
    handle._run()
  File "C:\Users\MKPOUTO IDIBEKE\AppData\Local\Python\pythoncore-3.14-64\Lib\asyncio\events.py", line 94, in _run
    self._context.run(self._callback, *self._args)
  File "C:\Users\MKPOUTO IDIBEKE\Documents\GitHub\Jummikville-Management-System\venv\Lib\site-packages\uvicorn\protocols\http\httptools_impl.py", line 422, in run_asgi
    result = await app(  # type: ignore[func-returns-value]
  File "C:\Users\MKPOUTO IDIBEKE\Documents\GitHub\Jummikville-Management-System\venv\Lib\site-packages\uvicorn\middleware\proxy_headers.py", line 63, in __call__
    return await self.app(scope, receive, send)
  File "C:\Users\MKPOUTO IDIBEKE\Documents\GitHub\Jummikville-Management-System\venv\Lib\site-packages\fastapi\applications.py", line 1163, in __call__
    await super().__call__(scope, receive, send)
  File "C:\Users\MKPOUTO IDIBEKE\Documents\GitHub\Jummikville-Management-System\venv\Lib\site-packages\starlette\applications.py", line 90, in __call__
    await self.middleware_stack(scope, receive, send)
  File "C:\Users\MKPOUTO IDIBEKE\Documents\GitHub\Jummikville-Management-System\venv\Lib\site-packages\starlette\middleware\errors.py", line 164, in __call__
    await self.app(scope, receive, _send)
  File "C:\Users\MKPOUTO IDIBEKE\Documents\GitHub\Jummikville-Management-System\venv\Lib\site-packages\starlette\middleware\cors.py", line 96, in __call__
    await self.simple_response(scope, receive, send, request_headers=headers)
  File "C:\Users\MKPOUTO IDIBEKE\Documents\GitHub\Jummikville-Management-System\venv\Lib\site-packages\starlette\middleware\cors.py", line 154, in simple_response
    await self.app(scope, receive, send)
  File "C:\Users\MKPOUTO IDIBEKE\Documents\GitHub\Jummikville-Management-System\venv\Lib\site-packages\starlette\middleware\exceptions.py", line 63, in __call__
    await wrap_app_handling_exceptions(self.app, conn)(scope, receive, send)
  File "C:\Users\MKPOUTO IDIBEKE\Documents\GitHub\Jummikville-Management-System\venv\Lib\site-packages\starlette\_exception_handler.py", line 42, in wrapped_app
    await app(scope, receive, sender)
  File "C:\Users\MKPOUTO IDIBEKE\Documents\GitHub\Jummikville-Management-System\venv\Lib\site-packages\fastapi\middleware\asyncexitstack.py", line 18, in __call__
    await self.app(scope, receive, send)
  File "C:\Users\MKPOUTO IDIBEKE\Documents\GitHub\Jummikville-Management-System\venv\Lib\site-packages\starlette\routing.py", line 660, in __call__
    await self.middleware_stack(scope, receive, send)
  File "C:\Users\MKPOUTO IDIBEKE\Documents\GitHub\Jummikville-Management-System\venv\Lib\site-packages\fastapi\routing.py", line 2734, in app
    await route.handle(scope, receive, send)
  File "C:\Users\MKPOUTO IDIBEKE\Documents\GitHub\Jummikville-Management-System\venv\Lib\site-packages\fastapi\routing.py", line 1780, in handle
    await self.original_router.handle(scope, receive, send)
  File "C:\Users\MKPOUTO IDIBEKE\Documents\GitHub\Jummikville-Management-System\venv\Lib\site-packages\fastapi\routing.py", line 2789, in handle
    await included_router._handle_selected(scope, receive, send)
  File "C:\Users\MKPOUTO IDIBEKE\Documents\GitHub\Jummikville-Management-System\venv\Lib\site-packages\fastapi\routing.py", line 1800, in _handle_selected
    await original_route.handle(scope, receive, send)
  File "C:\Users\MKPOUTO IDIBEKE\Documents\GitHub\Jummikville-Management-System\venv\Lib\site-packages\fastapi\routing.py", line 1279, in handle
    await app(scope, receive, send)
  File "C:\Users\MKPOUTO IDIBEKE\Documents\GitHub\Jummikville-Management-System\venv\Lib\site-packages\fastapi\routing.py", line 158, in app
    await wrap_app_handling_exceptions(app, request)(scope, receive, send)
  File "C:\Users\MKPOUTO IDIBEKE\Documents\GitHub\Jummikville-Management-System\venv\Lib\site-packages\starlette\_exception_handler.py", line 42, in wrapped_app
    await app(scope, receive, sender)
  File "C:\Users\MKPOUTO IDIBEKE\Documents\GitHub\Jummikville-Management-System\venv\Lib\site-packages\fastapi\routing.py", line 144, in app
    response = await f(request)
  File "C:\Users\MKPOUTO IDIBEKE\Documents\GitHub\Jummikville-Management-System\venv\Lib\site-packages\fastapi\routing.py", line 706, in app
    raw_response = await run_endpoint_function(
  File "C:\Users\MKPOUTO IDIBEKE\Documents\GitHub\Jummikville-Management-System\venv\Lib\site-packages\fastapi\routing.py", line 352, in run_endpoint_function
    return await dependant.call(**values)
  File "C:\Users\MKPOUTO IDIBEKE\Documents\GitHub\Jummikville-Management-System\app\routers\reminders.py", line 48, in trigger_reminders
    results = await send_reminders(
  File "C:\Users\MKPOUTO IDIBEKE\Documents\GitHub\Jummikville-Management-System\app\services\reminder_service.py", line 153, in send_reminders
    db.commit()
  File "C:\Users\MKPOUTO IDIBEKE\Documents\GitHub\Jummikville-Management-System\venv\Lib\site-packages\sqlalchemy\orm\session.py", line 2035, in commit
    trans.commit(_to_root=True)
  File "<string>", line 2, in commit
  File "C:\Users\MKPOUTO IDIBEKE\Documents\GitHub\Jummikville-Management-System\venv\Lib\site-packages\sqlalchemy\orm\state_changes.py", line 137, in _go
    ret_value = fn(self, *arg, **kw)
  File "C:\Users\MKPOUTO IDIBEKE\Documents\GitHub\Jummikville-Management-System\venv\Lib\site-packages\sqlalchemy\orm\session.py", line 1316, in commit
    self._prepare_impl()
  File "<string>", line 2, in _prepare_impl
  File "C:\Users\MKPOUTO IDIBEKE\Documents\GitHub\Jummikville-Management-System\venv\Lib\site-packages\sqlalchemy\orm\state_changes.py", line 137, in _go
    ret_value = fn(self, *arg, **kw)
  File "C:\Users\MKPOUTO IDIBEKE\Documents\GitHub\Jummikville-Management-System\venv\Lib\site-packages\sqlalchemy\orm\session.py", line 1290, in _prepare_impl
    self.session.flush()
  File "C:\Users\MKPOUTO IDIBEKE\Documents\GitHub\Jummikville-Management-System\venv\Lib\site-packages\sqlalchemy\orm\session.py", line 4353, in flush
    self._flush(objects)
  File "C:\Users\MKPOUTO IDIBEKE\Documents\GitHub\Jummikville-Management-System\venv\Lib\site-packages\sqlalchemy\orm\session.py", line 4449, in _flush
    flush_context.execute()
  File "C:\Users\MKPOUTO IDIBEKE\Documents\GitHub\Jummikville-Management-System\venv\Lib\site-packages\sqlalchemy\orm\unitofwork.py", line 465, in execute
    rec.execute(self)
  File "C:\Users\MKPOUTO IDIBEKE\Documents\GitHub\Jummikville-Management-System\venv\Lib\site-packages\sqlalchemy\orm\unitofwork.py", line 641, in execute
    util.preloaded.orm_persistence.save_obj(
  File "C:\Users\MKPOUTO IDIBEKE\Documents\GitHub\Jummikville-Management-System\venv\Lib\site-packages\sqlalchemy\orm\persistence.py", line 94, in save_obj
    _emit_insert_statements(
  File "C:\Users\MKPOUTO IDIBEKE\Documents\GitHub\Jummikville-Management-System\venv\Lib\site-packages\sqlalchemy\orm\persistence.py", line 1234, in _emit_insert_statements
    result = connection.execute(
  File "C:\Users\MKPOUTO IDIBEKE\Documents\GitHub\Jummikville-Management-System\venv\Lib\site-packages\sqlalchemy\engine\base.py", line 1421, in execute
    return meth(
  File "C:\Users\MKPOUTO IDIBEKE\Documents\GitHub\Jummikville-Management-System\venv\Lib\site-packages\sqlalchemy\sql\elements.py", line 526, in _execute_on_connection
    return connection._execute_clauseelement(
  File "C:\Users\MKPOUTO IDIBEKE\Documents\GitHub\Jummikville-Management-System\venv\Lib\site-packages\sqlalchemy\engine\base.py", line 1643, in _execute_clauseelement
    ret = self._execute_context(
  File "C:\Users\MKPOUTO IDIBEKE\Documents\GitHub\Jummikville-Management-System\venv\Lib\site-packages\sqlalchemy\engine\base.py", line 1848, in _execute_context
    return self._exec_single_context(
  File "C:\Users\MKPOUTO IDIBEKE\Documents\GitHub\Jummikville-Management-System\venv\Lib\site-packages\sqlalchemy\engine\base.py", line 1906, in _exec_single_context
    self._log_info(
  File "C:\Users\MKPOUTO IDIBEKE\Documents\GitHub\Jummikville-Management-System\venv\Lib\site-packages\sqlalchemy\engine\base.py", line 188, in _log_info
    self.engine.logger.info(message, *arg, **kw)
  File "C:\Users\MKPOUTO IDIBEKE\Documents\GitHub\Jummikville-Management-System\venv\Lib\site-packages\sqlalchemy\log.py", line 159, in info
    self.log(logging.INFO, msg, *args, **kwargs)
  File "C:\Users\MKPOUTO IDIBEKE\Documents\GitHub\Jummikville-Management-System\venv\Lib\site-packages\sqlalchemy\log.py", line 210, in log
    self.logger._log(level, msg, args, **kwargs)
Message: '[%s] %r'
Arguments: ('generated in 0.00092s', (1, 1, 'reminder_sent', 'Reminder sent to Mrs John Idibeke about Kuyik-Abasi Idibke John — balance \u20a640,000.00', '2026-08-01 12:45:00.253882'))
2026-08-01 13:45:00 | INFO     | sqlalchemy.engine.Engine | [generated in 0.00092s] (1, 1, 'reminder_sent', 'Reminder sent to Mrs John Idibeke about Kuyik-Abasi Idibke John — balance \u20a640,000.00', '2026-08-01 12:45:00.253882')
2026-08-01 13:45:00,726 INFO sqlalchemy.engine.Engine COMMIT
2026-08-01 13:45:00 | INFO     | sqlalchemy.engine.Engine | COMMIT
2026-08-01 13:45:00,739 INFO sqlalchemy.engine.Engine BEGIN (implicit)
2026-08-01 13:45:00 | INFO     | sqlalchemy.engine.Engine | BEGIN (implicit)
2026-08-01 13:45:00,742 INFO sqlalchemy.engine.Engine SELECT schools.id AS schools_id, schools.name AS schools_name, schools.slug AS schools_slug, schools.phone AS schools_phone, schools.email AS schools_email, schools.address AS schools_address, schools.is_active AS schools_is_active, schools.created_at AS schools_created_at 
FROM schools 
WHERE schools.id = ?
2026-08-01 13:45:00 | INFO     | sqlalchemy.engine.Engine | SELECT schools.id AS schools_id, schools.name AS schools_name, schools.slug AS schools_slug, schools.phone AS schools_phone, schools.email AS schools_email, schools.address AS schools_address, schools.is_active AS schools_is_active, schools.created_at AS schools_created_at 
FROM schools 
WHERE schools.id = ?
2026-08-01 13:45:00,743 INFO sqlalchemy.engine.Engine [generated in 0.00245s] (1,)
2026-08-01 13:45:00 | INFO     | sqlalchemy.engine.Engine | [generated in 0.00245s] (1,)
INFO:     127.0.0.1:53898 - "POST /api/v1/reminders/send?school_id=1&include_payment_link=false HTTP/1.1" 200 OK
2026-08-01 13:45:00,745 INFO sqlalchemy.engine.Engine ROLLBACK
2026-08-01 13:45:00 | INFO     | sqlalchemy.engine.Engine | ROLLBACK
2026-08-01 13:45:00,754 INFO sqlalchemy.engine.Engine BEGIN (implicit)
2026-08-01 13:45:00 | INFO     | sqlalchemy.engine.Engine | BEGIN (implicit)
2026-08-01 13:45:00,754 INFO sqlalchemy.engine.Engine SELECT users.id AS users_id, users.school_id AS users_school_id, users.email AS users_email, users.hashed_password AS users_hashed_password, users.role AS users_role, users.is_active AS users_is_active, users.created_at AS users_created_at, users.last_login AS users_last_login 
FROM users 
WHERE users.id = ?
 LIMIT ? OFFSET ?
2026-08-01 13:45:00 | INFO     | sqlalchemy.engine.Engine | SELECT users.id AS users_id, users.school_id AS users_school_id, users.email AS users_email, users.hashed_password AS users_hashed_password, users.role AS users_role, users.is_active AS users_is_active, users.created_at AS users_created_at, users.last_login AS users_last_login 
FROM users 
WHERE users.id = ?
 LIMIT ? OFFSET ?
2026-08-01 13:45:00,754 INFO sqlalchemy.engine.Engine [cached since 660.8s ago] (1, 1, 0)
2026-08-01 13:45:00 | INFO     | sqlalchemy.engine.Engine | [cached since 660.8s ago] (1, 1, 0)
2026-08-01 13:45:00,757 INFO sqlalchemy.engine.Engine SELECT schools.id AS schools_id, schools.name AS schools_name, schools.slug AS schools_slug, schools.phone AS schools_phone, schools.email AS schools_email, schools.address AS schools_address, schools.is_active AS schools_is_active, schools.created_at AS schools_created_at 
FROM schools 
WHERE schools.id = ?
 LIMIT ? OFFSET ?
2026-08-01 13:45:00 | INFO     | sqlalchemy.engine.Engine | SELECT schools.id AS schools_id, schools.name AS schools_name, schools.slug AS schools_slug, schools.phone AS schools_phone, schools.email AS schools_email, schools.address AS schools_address, schools.is_active AS schools_is_active, schools.created_at AS schools_created_at 
FROM schools 
WHERE schools.id = ?
 LIMIT ? OFFSET ?
2026-08-01 13:45:00,758 INFO sqlalchemy.engine.Engine [cached since 660.8s ago] (1, 1, 0)
2026-08-01 13:45:00 | INFO     | sqlalchemy.engine.Engine | [cached since 660.8s ago] (1, 1, 0)
2026-08-01 13:45:00,761 INFO sqlalchemy.engine.Engine SELECT students.id AS students_id, students.school_id AS students_school_id, students.student_name AS students_student_name, students.class_name AS students_class_name, students.parent_name AS students_parent_name, students.parent_phone AS students_parent_phone, students.parent_email AS students_parent_email, students.is_active AS students_is_active, students.created_at AS students_created_at, fee_records_1.id AS fee_records_1_id, fee_records_1.student_id AS fee_records_1_student_id, fee_records_1.fee_type_id AS fee_records_1_fee_type_id, fee_records_1.total_fees_kobo AS fee_records_1_total_fees_kobo, fee_records_1.amount_paid_kobo AS fee_records_1_amount_paid_kobo, fee_records_1.status AS fee_records_1_status, fee_records_1.created_at AS fee_records_1_created_at, fee_records_1.updated_at AS fee_records_1_updated_at 
FROM students LEFT OUTER JOIN fee_records AS fee_records_1 ON students.id = fee_records_1.student_id 
WHERE students.school_id = ? AND students.is_active = 1
2026-08-01 13:45:00 | INFO     | sqlalchemy.engine.Engine | SELECT students.id AS students_id, students.school_id AS students_school_id, students.student_name AS students_student_name, students.class_name AS students_class_name, students.parent_name AS students_parent_name, students.parent_phone AS students_parent_phone, students.parent_email AS students_parent_email, students.is_active AS students_is_active, students.created_at AS students_created_at, fee_records_1.id AS fee_records_1_id, fee_records_1.student_id AS fee_records_1_student_id, fee_records_1.fee_type_id AS fee_records_1_fee_type_id, fee_records_1.total_fees_kobo AS fee_records_1_total_fees_kobo, fee_records_1.amount_paid_kobo AS fee_records_1_amount_paid_kobo, fee_records_1.status AS fee_records_1_status, fee_records_1.created_at AS fee_records_1_created_at, fee_records_1.updated_at AS fee_records_1_updated_at 
FROM students LEFT OUTER JOIN fee_records AS fee_records_1 ON students.id = fee_records_1.student_id 
WHERE students.school_id = ? AND students.is_active = 1
2026-08-01 13:45:00,761 INFO sqlalchemy.engine.Engine [cached since 660.8s ago] (1,)
2026-08-01 13:45:00 | INFO     | sqlalchemy.engine.Engine | [cached since 660.8s ago] (1,)
INFO:     127.0.0.1:53898 - "GET /api/v1/dashboard/summary?school_id=1 HTTP/1.1" 200 OK
2026-08-01 13:45:00,765 INFO sqlalchemy.engine.Engine ROLLBACK
2026-08-01 13:45:00 | INFO     | sqlalchemy.engine.Engine | ROLLBACK
2026-08-01 13:45:00,771 INFO sqlalchemy.engine.Engine BEGIN (implicit)
2026-08-01 13:45:00 | INFO     | sqlalchemy.engine.Engine | BEGIN (implicit)
2026-08-01 13:45:00,772 INFO sqlalchemy.engine.Engine SELECT users.id AS users_id, users.school_id AS users_school_id, users.email AS users_email, users.hashed_password AS users_hashed_password, users.role AS users_role, users.is_active AS users_is_active, users.created_at AS users_created_at, users.last_login AS users_last_login 
FROM users 
WHERE users.id = ?
 LIMIT ? OFFSET ?
2026-08-01 13:45:00 | INFO     | sqlalchemy.engine.Engine | SELECT users.id AS users_id, users.school_id AS users_school_id, users.email AS users_email, users.hashed_password AS users_hashed_password, users.role AS users_role, users.is_active AS users_is_active, users.created_at AS users_created_at, users.last_login AS users_last_login 
FROM users 
WHERE users.id = ?
 LIMIT ? OFFSET ?
2026-08-01 13:45:00,772 INFO sqlalchemy.engine.Engine [cached since 660.8s ago] (1, 1, 0)
2026-08-01 13:45:00 | INFO     | sqlalchemy.engine.Engine | [cached since 660.8s ago] (1, 1, 0)
2026-08-01 13:45:00,776 INFO sqlalchemy.engine.Engine SELECT activity_logs.id AS activity_logs_id, activity_logs.school_id AS activity_logs_school_id, activity_logs.student_id AS activity_logs_student_id, activity_logs.action AS activity_logs_action, activity_logs.description AS activity_logs_description, activity_logs.created_at AS activity_logs_created_at 
FROM activity_logs 
WHERE activity_logs.school_id = ? ORDER BY activity_logs.created_at DESC
 LIMIT ? OFFSET ?
2026-08-01 13:45:00 | INFO     | sqlalchemy.engine.Engine | SELECT activity_logs.id AS activity_logs_id, activity_logs.school_id AS activity_logs_school_id, activity_logs.student_id AS activity_logs_student_id, activity_logs.action AS activity_logs_action, activity_logs.description AS activity_logs_description, activity_logs.created_at AS activity_logs_created_at 
FROM activity_logs 
WHERE activity_logs.school_id = ? ORDER BY activity_logs.created_at DESC
 LIMIT ? OFFSET ?
2026-08-01 13:45:00,776 INFO sqlalchemy.engine.Engine [cached since 607.1s ago] (1, 6, 0)
2026-08-01 13:45:00 | INFO     | sqlalchemy.engine.Engine | [cached since 607.1s ago] (1, 6, 0)
INFO:     127.0.0.1:53898 - "GET /api/v1/activity/?school_id=1&limit=6 HTTP/1.1" 200 OK
2026-08-01 13:45:00,781 INFO sqlalchemy.engine.Engine ROLLBACK
2026-08-01 13:45:00 | INFO     | sqlalchemy.engine.Engine | ROLLBACK
2026-08-01 13:46:13,554 INFO sqlalchemy.engine.Engine BEGIN (implicit)
2026-08-01 13:46:13 | INFO     | sqlalchemy.engine.Engine | BEGIN (implicit)
2026-08-01 13:46:13,557 INFO sqlalchemy.engine.Engine SELECT users.id AS users_id, users.school_id AS users_school_id, users.email AS users_email, users.hashed_password AS users_hashed_password, users.role AS users_role, users.is_active AS users_is_active, users.created_at AS users_created_at, users.last_login AS users_last_login 
FROM users 
WHERE users.id = ?
 LIMIT ? OFFSET ?
2026-08-01 13:46:13 | INFO     | sqlalchemy.engine.Engine | SELECT users.id AS users_id, users.school_id AS users_school_id, users.email AS users_email, users.hashed_password AS users_hashed_password, users.role AS users_role, users.is_active AS users_is_active, users.created_at AS users_created_at, users.last_login AS users_last_login 
FROM users 
WHERE users.id = ?
 LIMIT ? OFFSET ?
2026-08-01 13:46:13,558 INFO sqlalchemy.engine.Engine [cached since 733.6s ago] (1, 1, 0)
2026-08-01 13:46:13 | INFO     | sqlalchemy.engine.Engine | [cached since 733.6s ago] (1, 1, 0)
2026-08-01 13:46:13,571 INFO sqlalchemy.engine.Engine SELECT schools.id AS schools_id, schools.name AS schools_name, schools.slug AS schools_slug, schools.phone AS schools_phone, schools.email AS schools_email, schools.address AS schools_address, schools.is_active AS schools_is_active, schools.created_at AS schools_created_at 
FROM schools 
WHERE schools.id = ?
 LIMIT ? OFFSET ?
2026-08-01 13:46:13 | INFO     | sqlalchemy.engine.Engine | SELECT schools.id AS schools_id, schools.name AS schools_name, schools.slug AS schools_slug, schools.phone AS schools_phone, schools.email AS schools_email, schools.address AS schools_address, schools.is_active AS schools_is_active, schools.created_at AS schools_created_at 
FROM schools 
WHERE schools.id = ?
 LIMIT ? OFFSET ?
2026-08-01 13:46:13,572 INFO sqlalchemy.engine.Engine [cached since 733.6s ago] (1, 1, 0)
2026-08-01 13:46:13 | INFO     | sqlalchemy.engine.Engine | [cached since 733.6s ago] (1, 1, 0)
2026-08-01 13:46:13,577 INFO sqlalchemy.engine.Engine SELECT fee_records.id AS fee_records_id, fee_records.student_id AS fee_records_student_id, fee_records.fee_type_id AS fee_records_fee_type_id, fee_records.total_fees_kobo AS fee_records_total_fees_kobo, fee_records.amount_paid_kobo AS fee_records_amount_paid_kobo, fee_records.status AS fee_records_status, fee_records.created_at AS fee_records_created_at, fee_records.updated_at AS fee_records_updated_at, schools_1.id AS schools_1_id, schools_1.name AS schools_1_name, schools_1.slug AS schools_1_slug, schools_1.phone AS schools_1_phone, schools_1.email AS schools_1_email, schools_1.address AS schools_1_address, schools_1.is_active AS schools_1_is_active, schools_1.created_at AS schools_1_created_at, students_1.id AS students_1_id, students_1.school_id AS students_1_school_id, students_1.student_name AS students_1_student_name, students_1.class_name AS students_1_class_name, students_1.parent_name AS students_1_parent_name, students_1.parent_phone AS students_1_parent_phone, students_1.parent_email AS students_1_parent_email, students_1.is_active AS students_1_is_active, students_1.created_at AS students_1_created_at, fee_types_1.id AS fee_types_1_id, fee_types_1.school_id AS fee_types_1_school_id, fee_types_1.name AS fee_types_1_name, fee_types_1.term AS fee_types_1_term, fee_types_1.amount_kobo AS fee_types_1_amount_kobo, fee_types_1.created_at AS fee_types_1_created_at 
FROM fee_records JOIN students ON students.id = fee_records.student_id JOIN fee_types ON fee_types.id = fee_records.fee_type_id LEFT OUTER JOIN students AS students_1 ON students_1.id = fee_records.student_id LEFT OUTER JOIN schools AS schools_1 ON schools_1.id = students_1.school_id LEFT OUTER JOIN fee_types AS fee_types_1 ON fee_types_1.id = fee_records.fee_type_id 
WHERE students.school_id = ? AND students.is_active = 1 AND fee_records.status IN (?, ?)
2026-08-01 13:46:13 | INFO     | sqlalchemy.engine.Engine | SELECT fee_records.id AS fee_records_id, fee_records.student_id AS fee_records_student_id, fee_records.fee_type_id AS fee_records_fee_type_id, fee_records.total_fees_kobo AS fee_records_total_fees_kobo, fee_records.amount_paid_kobo AS fee_records_amount_paid_kobo, fee_records.status AS fee_records_status, fee_records.created_at AS fee_records_created_at, fee_records.updated_at AS fee_records_updated_at, schools_1.id AS schools_1_id, schools_1.name AS schools_1_name, schools_1.slug AS schools_1_slug, schools_1.phone AS schools_1_phone, schools_1.email AS schools_1_email, schools_1.address AS schools_1_address, schools_1.is_active AS schools_1_is_active, schools_1.created_at AS schools_1_created_at, students_1.id AS students_1_id, students_1.school_id AS students_1_school_id, students_1.student_name AS students_1_student_name, students_1.class_name AS students_1_class_name, students_1.parent_name AS students_1_parent_name, students_1.parent_phone AS students_1_parent_phone, students_1.parent_email AS students_1_parent_email, students_1.is_active AS students_1_is_active, students_1.created_at AS students_1_created_at, fee_types_1.id AS fee_types_1_id, fee_types_1.school_id AS fee_types_1_school_id, fee_types_1.name AS fee_types_1_name, fee_types_1.term AS fee_types_1_term, fee_types_1.amount_kobo AS fee_types_1_amount_kobo, fee_types_1.created_at AS fee_types_1_created_at 
FROM fee_records JOIN students ON students.id = fee_records.student_id JOIN fee_types ON fee_types.id = fee_records.fee_type_id LEFT OUTER JOIN students AS students_1 ON students_1.id = fee_records.student_id LEFT OUTER JOIN schools AS schools_1 ON schools_1.id = students_1.school_id LEFT OUTER JOIN fee_types AS fee_types_1 ON fee_types_1.id = fee_records.fee_type_id 
WHERE students.school_id = ? AND students.is_active = 1 AND fee_records.status IN (?, ?)
2026-08-01 13:46:13,578 INFO sqlalchemy.engine.Engine [cached since 78.11s ago] (1, 'unpaid', 'partial')
2026-08-01 13:46:13 | INFO     | sqlalchemy.engine.Engine | [cached since 78.11s ago] (1, 'unpaid', 'partial')
2026-08-01 13:46:13 | INFO     | twilio.http_client | -- BEGIN Twilio API Request --
2026-08-01 13:46:13 | INFO     | twilio.http_client | POST Request: https://api.twilio.com/2010-04-01/Accounts/AC319cda2ac5feb82e07cb844eeb17307d/Messages.json
2026-08-01 13:46:13 | INFO     | twilio.http_client | Headers:
2026-08-01 13:46:13 | INFO     | twilio.http_client | Content-Type : application/x-www-form-urlencoded
2026-08-01 13:46:13 | INFO     | twilio.http_client | Accept : application/json
2026-08-01 13:46:13 | INFO     | twilio.http_client | User-Agent : twilio-python/9.10.9 (Windows AMD64) Python/3.14.6
2026-08-01 13:46:13 | INFO     | twilio.http_client | X-Twilio-Client : python-9.10.9
2026-08-01 13:46:13 | INFO     | twilio.http_client | Accept-Charset : utf-8
2026-08-01 13:46:13 | INFO     | twilio.http_client | -- END Twilio API Request --
2026-08-01 13:46:14 | INFO     | twilio.http_client | Response Status Code: 201
2026-08-01 13:46:14 | INFO     | twilio.http_client | Response Headers: {'Content-Type': 'application/json;charset=utf-8', 'Content-Length': '1305', 'Connection': 'keep-alive', 'Date': 'Sat, 01 Aug 2026 12:46:15 GMT', 'Twilio-Concurrent-Requests': '1', 'Twilio-Request-Id': 'RQ6c89719873e6aa65ce9fa0d48a1693fc', 'Twilio-Request-Duration': '0.140', 'X-Home-Region': 'us1', 'X-API-Domain': 'api.twilio.com', 'Strict-Transport-Security': 'max-age=31536000', 'X-Cache': 'Miss from cloudfront', 'Via': '1.1 f4f3f118ac6f8aab6b0b8776a3481c6e.cloudfront.net (CloudFront)', 'X-Amz-Cf-Pop': 'LOS50-P2', 'X-Amz-Cf-Id': 'I_s7RM3ohcSqom1h9991HXojAa0lW7OVdfBp5UPrTejVz_TT_V6RJw==', 'X-Powered-By': 'AT-5000', 'X-Shenanigans': 'none', 'Vary': 'Origin'}
2026-08-01 13:46:14 | INFO     | app.services.twilio_wa | WhatsApp sent to +2348181724911: SID=SM6c89719873e6aa65ce9fa0d48a1693fc
2026-08-01 13:46:14 | INFO     | app.services.reminder_service | Reminder sent to Mrs John Idibeke (+2348181724911) for School Fees: balance=4000000 kobo
2026-08-01 13:46:14 | INFO     | app.services.activity_service | Activity logged: [reminder_sent] Reminder sent to Mrs John Idibeke about Kuyik-Abasi Idibke John — balance \u20a640,000.00
2026-08-01 13:46:14 | INFO     | app.services.reminder_service | Reminder batch complete: 1 sent, 0 failed, 0 skipped out of 1 records
2026-08-01 13:46:14,506 INFO sqlalchemy.engine.Engine INSERT INTO activity_logs (school_id, student_id, action, description, created_at) VALUES (?, ?, ?, ?, ?)
2026-08-01 13:46:14 | INFO     | sqlalchemy.engine.Engine | INSERT INTO activity_logs (school_id, student_id, action, description, created_at) VALUES (?, ?, ?, ?, ?)
--- Logging error ---
Traceback (most recent call last):
  File "C:\Users\MKPOUTO IDIBEKE\AppData\Local\Python\pythoncore-3.14-64\Lib\logging\__init__.py", line 1154, in emit
    stream.write(msg + self.terminator)
    ~~~~~~~~~~~~^^^^^^^^^^^^^^^^^^^^^^^
  File "C:\Users\MKPOUTO IDIBEKE\AppData\Local\Python\pythoncore-3.14-64\Lib\encodings\cp1252.py", line 19, in encode
    return codecs.charmap_encode(input,self.errors,encoding_table)[0]
           ~~~~~~~~~~~~~~~~~~~~~^^^^^^^^^^^^^^^^^^^^^^^^^^^^^^^^^^
UnicodeEncodeError: 'charmap' codec can't encode character '\u20a6' in position 179: character maps to <undefined>
Call stack:
  File "<frozen runpy>", line 203, in _run_module_as_main
  File "<frozen runpy>", line 88, in _run_code
  File "C:\Users\MKPOUTO IDIBEKE\Documents\GitHub\Jummikville-Management-System\venv\Scripts\uvicorn.exe\__main__.py", line 5, in <module>
    sys.exit(main())
  File "C:\Users\MKPOUTO IDIBEKE\Documents\GitHub\Jummikville-Management-System\venv\Lib\site-packages\click\core.py", line 1569, in __call__
    return self.main(*args, **kwargs)
  File "C:\Users\MKPOUTO IDIBEKE\Documents\GitHub\Jummikville-Management-System\venv\Lib\site-packages\click\core.py", line 1490, in main
    rv = self.invoke(ctx)
  File "C:\Users\MKPOUTO IDIBEKE\Documents\GitHub\Jummikville-Management-System\venv\Lib\site-packages\click\core.py", line 1353, in invoke
    return ctx.invoke(self.callback, **ctx.params)
  File "C:\Users\MKPOUTO IDIBEKE\Documents\GitHub\Jummikville-Management-System\venv\Lib\site-packages\click\core.py", line 907, in invoke
    return callback(*args, **kwargs)
  File "C:\Users\MKPOUTO IDIBEKE\Documents\GitHub\Jummikville-Management-System\venv\Lib\site-packages\uvicorn\main.py", line 440, in main
    run(
  File "C:\Users\MKPOUTO IDIBEKE\Documents\GitHub\Jummikville-Management-System\venv\Lib\site-packages\uvicorn\main.py", line 621, in run
    server.run()
  File "C:\Users\MKPOUTO IDIBEKE\Documents\GitHub\Jummikville-Management-System\venv\Lib\site-packages\uvicorn\server.py", line 77, in run
    return asyncio_run(self.serve(sockets=sockets), loop_factory=self.config.get_loop_factory())
  File "C:\Users\MKPOUTO IDIBEKE\AppData\Local\Python\pythoncore-3.14-64\Lib\asyncio\runners.py", line 205, in run
    return runner.run(main)
  File "C:\Users\MKPOUTO IDIBEKE\AppData\Local\Python\pythoncore-3.14-64\Lib\asyncio\runners.py", line 128, in run
    return self._loop.run_until_complete(task)
  File "C:\Users\MKPOUTO IDIBEKE\AppData\Local\Python\pythoncore-3.14-64\Lib\asyncio\base_events.py", line 706, in run_until_complete
    self.run_forever()
  File "C:\Users\MKPOUTO IDIBEKE\AppData\Local\Python\pythoncore-3.14-64\Lib\asyncio\base_events.py", line 677, in run_forever
    self._run_once()
  File "C:\Users\MKPOUTO IDIBEKE\AppData\Local\Python\pythoncore-3.14-64\Lib\asyncio\base_events.py", line 2056, in _run_once
    handle._run()
  File "C:\Users\MKPOUTO IDIBEKE\AppData\Local\Python\pythoncore-3.14-64\Lib\asyncio\events.py", line 94, in _run
    self._context.run(self._callback, *self._args)
  File "C:\Users\MKPOUTO IDIBEKE\Documents\GitHub\Jummikville-Management-System\venv\Lib\site-packages\uvicorn\protocols\http\httptools_impl.py", line 422, in run_asgi
    result = await app(  # type: ignore[func-returns-value]
  File "C:\Users\MKPOUTO IDIBEKE\Documents\GitHub\Jummikville-Management-System\venv\Lib\site-packages\uvicorn\middleware\proxy_headers.py", line 63, in __call__
    return await self.app(scope, receive, send)
  File "C:\Users\MKPOUTO IDIBEKE\Documents\GitHub\Jummikville-Management-System\venv\Lib\site-packages\fastapi\applications.py", line 1163, in __call__
    await super().__call__(scope, receive, send)
  File "C:\Users\MKPOUTO IDIBEKE\Documents\GitHub\Jummikville-Management-System\venv\Lib\site-packages\starlette\applications.py", line 90, in __call__
    await self.middleware_stack(scope, receive, send)
  File "C:\Users\MKPOUTO IDIBEKE\Documents\GitHub\Jummikville-Management-System\venv\Lib\site-packages\starlette\middleware\errors.py", line 164, in __call__
    await self.app(scope, receive, _send)
  File "C:\Users\MKPOUTO IDIBEKE\Documents\GitHub\Jummikville-Management-System\venv\Lib\site-packages\starlette\middleware\cors.py", line 96, in __call__
    await self.simple_response(scope, receive, send, request_headers=headers)
  File "C:\Users\MKPOUTO IDIBEKE\Documents\GitHub\Jummikville-Management-System\venv\Lib\site-packages\starlette\middleware\cors.py", line 154, in simple_response
    await self.app(scope, receive, send)
  File "C:\Users\MKPOUTO IDIBEKE\Documents\GitHub\Jummikville-Management-System\venv\Lib\site-packages\starlette\middleware\exceptions.py", line 63, in __call__
    await wrap_app_handling_exceptions(self.app, conn)(scope, receive, send)
  File "C:\Users\MKPOUTO IDIBEKE\Documents\GitHub\Jummikville-Management-System\venv\Lib\site-packages\starlette\_exception_handler.py", line 42, in wrapped_app
    await app(scope, receive, sender)
  File "C:\Users\MKPOUTO IDIBEKE\Documents\GitHub\Jummikville-Management-System\venv\Lib\site-packages\fastapi\middleware\asyncexitstack.py", line 18, in __call__
    await self.app(scope, receive, send)
  File "C:\Users\MKPOUTO IDIBEKE\Documents\GitHub\Jummikville-Management-System\venv\Lib\site-packages\starlette\routing.py", line 660, in __call__
    await self.middleware_stack(scope, receive, send)
  File "C:\Users\MKPOUTO IDIBEKE\Documents\GitHub\Jummikville-Management-System\venv\Lib\site-packages\fastapi\routing.py", line 2734, in app
    await route.handle(scope, receive, send)
  File "C:\Users\MKPOUTO IDIBEKE\Documents\GitHub\Jummikville-Management-System\venv\Lib\site-packages\fastapi\routing.py", line 1780, in handle
    await self.original_router.handle(scope, receive, send)
  File "C:\Users\MKPOUTO IDIBEKE\Documents\GitHub\Jummikville-Management-System\venv\Lib\site-packages\fastapi\routing.py", line 2789, in handle
    await included_router._handle_selected(scope, receive, send)
  File "C:\Users\MKPOUTO IDIBEKE\Documents\GitHub\Jummikville-Management-System\venv\Lib\site-packages\fastapi\routing.py", line 1800, in _handle_selected
    await original_route.handle(scope, receive, send)
  File "C:\Users\MKPOUTO IDIBEKE\Documents\GitHub\Jummikville-Management-System\venv\Lib\site-packages\fastapi\routing.py", line 1279, in handle
    await app(scope, receive, send)
  File "C:\Users\MKPOUTO IDIBEKE\Documents\GitHub\Jummikville-Management-System\venv\Lib\site-packages\fastapi\routing.py", line 158, in app
    await wrap_app_handling_exceptions(app, request)(scope, receive, send)
  File "C:\Users\MKPOUTO IDIBEKE\Documents\GitHub\Jummikville-Management-System\venv\Lib\site-packages\starlette\_exception_handler.py", line 42, in wrapped_app
    await app(scope, receive, sender)
  File "C:\Users\MKPOUTO IDIBEKE\Documents\GitHub\Jummikville-Management-System\venv\Lib\site-packages\fastapi\routing.py", line 144, in app
    response = await f(request)
  File "C:\Users\MKPOUTO IDIBEKE\Documents\GitHub\Jummikville-Management-System\venv\Lib\site-packages\fastapi\routing.py", line 706, in app
    raw_response = await run_endpoint_function(
  File "C:\Users\MKPOUTO IDIBEKE\Documents\GitHub\Jummikville-Management-System\venv\Lib\site-packages\fastapi\routing.py", line 352, in run_endpoint_function
    return await dependant.call(**values)
  File "C:\Users\MKPOUTO IDIBEKE\Documents\GitHub\Jummikville-Management-System\app\routers\reminders.py", line 48, in trigger_reminders
    results = await send_reminders(
  File "C:\Users\MKPOUTO IDIBEKE\Documents\GitHub\Jummikville-Management-System\app\services\reminder_service.py", line 153, in send_reminders
    db.commit()
  File "C:\Users\MKPOUTO IDIBEKE\Documents\GitHub\Jummikville-Management-System\venv\Lib\site-packages\sqlalchemy\orm\session.py", line 2035, in commit
    trans.commit(_to_root=True)
  File "<string>", line 2, in commit
  File "C:\Users\MKPOUTO IDIBEKE\Documents\GitHub\Jummikville-Management-System\venv\Lib\site-packages\sqlalchemy\orm\state_changes.py", line 137, in _go
    ret_value = fn(self, *arg, **kw)
  File "C:\Users\MKPOUTO IDIBEKE\Documents\GitHub\Jummikville-Management-System\venv\Lib\site-packages\sqlalchemy\orm\session.py", line 1316, in commit
    self._prepare_impl()
  File "<string>", line 2, in _prepare_impl
  File "C:\Users\MKPOUTO IDIBEKE\Documents\GitHub\Jummikville-Management-System\venv\Lib\site-packages\sqlalchemy\orm\state_changes.py", line 137, in _go
    ret_value = fn(self, *arg, **kw)
  File "C:\Users\MKPOUTO IDIBEKE\Documents\GitHub\Jummikville-Management-System\venv\Lib\site-packages\sqlalchemy\orm\session.py", line 1290, in _prepare_impl
    self.session.flush()
  File "C:\Users\MKPOUTO IDIBEKE\Documents\GitHub\Jummikville-Management-System\venv\Lib\site-packages\sqlalchemy\orm\session.py", line 4353, in flush
    self._flush(objects)
  File "C:\Users\MKPOUTO IDIBEKE\Documents\GitHub\Jummikville-Management-System\venv\Lib\site-packages\sqlalchemy\orm\session.py", line 4449, in _flush
    flush_context.execute()
  File "C:\Users\MKPOUTO IDIBEKE\Documents\GitHub\Jummikville-Management-System\venv\Lib\site-packages\sqlalchemy\orm\unitofwork.py", line 465, in execute
    rec.execute(self)
  File "C:\Users\MKPOUTO IDIBEKE\Documents\GitHub\Jummikville-Management-System\venv\Lib\site-packages\sqlalchemy\orm\unitofwork.py", line 641, in execute
    util.preloaded.orm_persistence.save_obj(
  File "C:\Users\MKPOUTO IDIBEKE\Documents\GitHub\Jummikville-Management-System\venv\Lib\site-packages\sqlalchemy\orm\persistence.py", line 94, in save_obj
    _emit_insert_statements(
  File "C:\Users\MKPOUTO IDIBEKE\Documents\GitHub\Jummikville-Management-System\venv\Lib\site-packages\sqlalchemy\orm\persistence.py", line 1234, in _emit_insert_statements
    result = connection.execute(
  File "C:\Users\MKPOUTO IDIBEKE\Documents\GitHub\Jummikville-Management-System\venv\Lib\site-packages\sqlalchemy\engine\base.py", line 1421, in execute
    return meth(
  File "C:\Users\MKPOUTO IDIBEKE\Documents\GitHub\Jummikville-Management-System\venv\Lib\site-packages\sqlalchemy\sql\elements.py", line 526, in _execute_on_connection
    return connection._execute_clauseelement(
  File "C:\Users\MKPOUTO IDIBEKE\Documents\GitHub\Jummikville-Management-System\venv\Lib\site-packages\sqlalchemy\engine\base.py", line 1643, in _execute_clauseelement
    ret = self._execute_context(
  File "C:\Users\MKPOUTO IDIBEKE\Documents\GitHub\Jummikville-Management-System\venv\Lib\site-packages\sqlalchemy\engine\base.py", line 1848, in _execute_context
    return self._exec_single_context(
  File "C:\Users\MKPOUTO IDIBEKE\Documents\GitHub\Jummikville-Management-System\venv\Lib\site-packages\sqlalchemy\engine\base.py", line 1906, in _exec_single_context
    self._log_info(
  File "C:\Users\MKPOUTO IDIBEKE\Documents\GitHub\Jummikville-Management-System\venv\Lib\site-packages\sqlalchemy\engine\base.py", line 188, in _log_info
    self.engine.logger.info(message, *arg, **kw)
  File "C:\Users\MKPOUTO IDIBEKE\Documents\GitHub\Jummikville-Management-System\venv\Lib\site-packages\sqlalchemy\log.py", line 159, in info
    self.log(logging.INFO, msg, *args, **kwargs)
  File "C:\Users\MKPOUTO IDIBEKE\Documents\GitHub\Jummikville-Management-System\venv\Lib\site-packages\sqlalchemy\log.py", line 210, in log
    self.logger._log(level, msg, args, **kwargs)
Message: '[%s] %r'
Arguments: ('cached since 74.25s ago', (1, 1, 'reminder_sent', 'Reminder sent to Mrs John Idibeke about Kuyik-Abasi Idibke John — balance \u20a640,000.00', '2026-08-01 12:46:14.506535'))
2026-08-01 13:46:14 | INFO     | sqlalchemy.engine.Engine | [cached since 74.25s ago] (1, 1, 'reminder_sent', 'Reminder sent to Mrs John Idibeke about Kuyik-Abasi Idibke John — balance \u20a640,000.00', '2026-08-01 12:46:14.506535')
2026-08-01 13:46:14,528 INFO sqlalchemy.engine.Engine COMMIT
2026-08-01 13:46:14 | INFO     | sqlalchemy.engine.Engine | COMMIT
2026-08-01 13:46:14,543 INFO sqlalchemy.engine.Engine BEGIN (implicit)
2026-08-01 13:46:14 | INFO     | sqlalchemy.engine.Engine | BEGIN (implicit)
2026-08-01 13:46:14,544 INFO sqlalchemy.engine.Engine SELECT schools.id AS schools_id, schools.name AS schools_name, schools.slug AS schools_slug, schools.phone AS schools_phone, schools.email AS schools_email, schools.address AS schools_address, schools.is_active AS schools_is_active, schools.created_at AS schools_created_at 
FROM schools 
WHERE schools.id = ?
2026-08-01 13:46:14 | INFO     | sqlalchemy.engine.Engine | SELECT schools.id AS schools_id, schools.name AS schools_name, schools.slug AS schools_slug, schools.phone AS schools_phone, schools.email AS schools_email, schools.address AS schools_address, schools.is_active AS schools_is_active, schools.created_at AS schools_created_at 
FROM schools 
WHERE schools.id = ?
2026-08-01 13:46:14,545 INFO sqlalchemy.engine.Engine [cached since 73.8s ago] (1,)
2026-08-01 13:46:14 | INFO     | sqlalchemy.engine.Engine | [cached since 73.8s ago] (1,)
INFO:     127.0.0.1:54023 - "POST /api/v1/reminders/send?school_id=1&include_payment_link=false HTTP/1.1" 200 OK
2026-08-01 13:46:14,551 INFO sqlalchemy.engine.Engine ROLLBACK
2026-08-01 13:46:14 | INFO     | sqlalchemy.engine.Engine | ROLLBACK
2026-08-01 13:46:14,564 INFO sqlalchemy.engine.Engine BEGIN (implicit)
2026-08-01 13:46:14 | INFO     | sqlalchemy.engine.Engine | BEGIN (implicit)
2026-08-01 13:46:14,567 INFO sqlalchemy.engine.Engine SELECT users.id AS users_id, users.school_id AS users_school_id, users.email AS users_email, users.hashed_password AS users_hashed_password, users.role AS users_role, users.is_active AS users_is_active, users.created_at AS users_created_at, users.last_login AS users_last_login 
FROM users 
WHERE users.id = ?
 LIMIT ? OFFSET ?
2026-08-01 13:46:14 | INFO     | sqlalchemy.engine.Engine | SELECT users.id AS users_id, users.school_id AS users_school_id, users.email AS users_email, users.hashed_password AS users_hashed_password, users.role AS users_role, users.is_active AS users_is_active, users.created_at AS users_created_at, users.last_login AS users_last_login 
FROM users 
WHERE users.id = ?
 LIMIT ? OFFSET ?
2026-08-01 13:46:14,568 INFO sqlalchemy.engine.Engine BEGIN (implicit)
2026-08-01 13:46:14 | INFO     | sqlalchemy.engine.Engine | BEGIN (implicit)
2026-08-01 13:46:14,568 INFO sqlalchemy.engine.Engine [cached since 734.6s ago] (1, 1, 0)
2026-08-01 13:46:14 | INFO     | sqlalchemy.engine.Engine | [cached since 734.6s ago] (1, 1, 0)
2026-08-01 13:46:14,569 INFO sqlalchemy.engine.Engine SELECT users.id AS users_id, users.school_id AS users_school_id, users.email AS users_email, users.hashed_password AS users_hashed_password, users.role AS users_role, users.is_active AS users_is_active, users.created_at AS users_created_at, users.last_login AS users_last_login 
FROM users 
WHERE users.id = ?
 LIMIT ? OFFSET ?
2026-08-01 13:46:14 | INFO     | sqlalchemy.engine.Engine | SELECT users.id AS users_id, users.school_id AS users_school_id, users.email AS users_email, users.hashed_password AS users_hashed_password, users.role AS users_role, users.is_active AS users_is_active, users.created_at AS users_created_at, users.last_login AS users_last_login 
FROM users 
WHERE users.id = ?
 LIMIT ? OFFSET ?
2026-08-01 13:46:14,570 INFO sqlalchemy.engine.Engine [cached since 734.6s ago] (1, 1, 0)
2026-08-01 13:46:14 | INFO     | sqlalchemy.engine.Engine | [cached since 734.6s ago] (1, 1, 0)
2026-08-01 13:46:14,573 INFO sqlalchemy.engine.Engine SELECT activity_logs.id AS activity_logs_id, activity_logs.school_id AS activity_logs_school_id, activity_logs.student_id AS activity_logs_student_id, activity_logs.action AS activity_logs_action, activity_logs.description AS activity_logs_description, activity_logs.created_at AS activity_logs_created_at 
FROM activity_logs 
WHERE activity_logs.school_id = ? ORDER BY activity_logs.created_at DESC
 LIMIT ? OFFSET ?
2026-08-01 13:46:14 | INFO     | sqlalchemy.engine.Engine | SELECT activity_logs.id AS activity_logs_id, activity_logs.school_id AS activity_logs_school_id, activity_logs.student_id AS activity_logs_student_id, activity_logs.action AS activity_logs_action, activity_logs.description AS activity_logs_description, activity_logs.created_at AS activity_logs_created_at 
FROM activity_logs 
WHERE activity_logs.school_id = ? ORDER BY activity_logs.created_at DESC
 LIMIT ? OFFSET ?
2026-08-01 13:46:14,574 INFO sqlalchemy.engine.Engine [cached since 680.9s ago] (1, 6, 0)
2026-08-01 13:46:14 | INFO     | sqlalchemy.engine.Engine | [cached since 680.9s ago] (1, 6, 0)
2026-08-01 13:46:14,577 INFO sqlalchemy.engine.Engine SELECT schools.id AS schools_id, schools.name AS schools_name, schools.slug AS schools_slug, schools.phone AS schools_phone, schools.email AS schools_email, schools.address AS schools_address, schools.is_active AS schools_is_active, schools.created_at AS schools_created_at 
FROM schools 
WHERE schools.id = ?
 LIMIT ? OFFSET ?
2026-08-01 13:46:14 | INFO     | sqlalchemy.engine.Engine | SELECT schools.id AS schools_id, schools.name AS schools_name, schools.slug AS schools_slug, schools.phone AS schools_phone, schools.email AS schools_email, schools.address AS schools_address, schools.is_active AS schools_is_active, schools.created_at AS schools_created_at 
FROM schools 
WHERE schools.id = ?
 LIMIT ? OFFSET ?
2026-08-01 13:46:14,577 INFO sqlalchemy.engine.Engine [cached since 734.6s ago] (1, 1, 0)
2026-08-01 13:46:14 | INFO     | sqlalchemy.engine.Engine | [cached since 734.6s ago] (1, 1, 0)
2026-08-01 13:46:14,580 INFO sqlalchemy.engine.Engine SELECT students.id AS students_id, students.school_id AS students_school_id, students.student_name AS students_student_name, students.class_name AS students_class_name, students.parent_name AS students_parent_name, students.parent_phone AS students_parent_phone, students.parent_email AS students_parent_email, students.is_active AS students_is_active, students.created_at AS students_created_at, fee_records_1.id AS fee_records_1_id, fee_records_1.student_id AS fee_records_1_student_id, fee_records_1.fee_type_id AS fee_records_1_fee_type_id, fee_records_1.total_fees_kobo AS fee_records_1_total_fees_kobo, fee_records_1.amount_paid_kobo AS fee_records_1_amount_paid_kobo, fee_records_1.status AS fee_records_1_status, fee_records_1.created_at AS fee_records_1_created_at, fee_records_1.updated_at AS fee_records_1_updated_at 
FROM students LEFT OUTER JOIN fee_records AS fee_records_1 ON students.id = fee_records_1.student_id 
WHERE students.school_id = ? AND students.is_active = 1
INFO:     127.0.0.1:54025 - "GET /api/v1/activity/?school_id=1&limit=6 HTTP/1.1" 200 OK
2026-08-01 13:46:14 | INFO     | sqlalchemy.engine.Engine | SELECT students.id AS students_id, students.school_id AS students_school_id, students.student_name AS students_student_name, students.class_name AS students_class_name, students.parent_name AS students_parent_name, students.parent_phone AS students_parent_phone, students.parent_email AS students_parent_email, students.is_active AS students_is_active, students.created_at AS students_created_at, fee_records_1.id AS fee_records_1_id, fee_records_1.student_id AS fee_records_1_student_id, fee_records_1.fee_type_id AS fee_records_1_fee_type_id, fee_records_1.total_fees_kobo AS fee_records_1_total_fees_kobo, fee_records_1.amount_paid_kobo AS fee_records_1_amount_paid_kobo, fee_records_1.status AS fee_records_1_status, fee_records_1.created_at AS fee_records_1_created_at, fee_records_1.updated_at AS fee_records_1_updated_at 
FROM students LEFT OUTER JOIN fee_records AS fee_records_1 ON students.id = fee_records_1.student_id 
WHERE students.school_id = ? AND students.is_active = 1
2026-08-01 13:46:14,585 INFO sqlalchemy.engine.Engine [cached since 734.6s ago] (1,)
2026-08-01 13:46:14 | INFO     | sqlalchemy.engine.Engine | [cached since 734.6s ago] (1,)
2026-08-01 13:46:14,585 INFO sqlalchemy.engine.Engine ROLLBACK
2026-08-01 13:46:14 | INFO     | sqlalchemy.engine.Engine | ROLLBACK
INFO:     127.0.0.1:54023 - "GET /api/v1/dashboard/summary?school_id=1 HTTP/1.1" 200 OK
2026-08-01 13:46:14,589 INFO sqlalchemy.engine.Engine ROLLBACK
2026-08-01 13:46:14 | INFO     | sqlalchemy.engine.Engine | ROLLBACK
2026-08-01 13:48:09,989 INFO sqlalchemy.engine.Engine BEGIN (implicit)
2026-08-01 13:48:09 | INFO     | sqlalchemy.engine.Engine | BEGIN (implicit)
2026-08-01 13:48:09,992 INFO sqlalchemy.engine.Engine SELECT users.id AS users_id, users.school_id AS users_school_id, users.email AS users_email, users.hashed_password AS users_hashed_password, users.role AS users_role, users.is_active AS users_is_active, users.created_at AS users_created_at, users.last_login AS users_last_login 
FROM users 
WHERE users.id = ?
 LIMIT ? OFFSET ?
2026-08-01 13:48:09 | INFO     | sqlalchemy.engine.Engine | SELECT users.id AS users_id, users.school_id AS users_school_id, users.email AS users_email, users.hashed_password AS users_hashed_password, users.role AS users_role, users.is_active AS users_is_active, users.created_at AS users_created_at, users.last_login AS users_last_login 
FROM users 
WHERE users.id = ?
 LIMIT ? OFFSET ?
2026-08-01 13:48:09,993 INFO sqlalchemy.engine.Engine [cached since 850s ago] (1, 1, 0)
2026-08-01 13:48:09 | INFO     | sqlalchemy.engine.Engine | [cached since 850s ago] (1, 1, 0)
2026-08-01 13:48:10,007 INFO sqlalchemy.engine.Engine SELECT activity_logs.id AS activity_logs_id, activity_logs.school_id AS activity_logs_school_id, activity_logs.student_id AS activity_logs_student_id, activity_logs.action AS activity_logs_action, activity_logs.description AS activity_logs_description, activity_logs.created_at AS activity_logs_created_at 
FROM activity_logs 
WHERE activity_logs.school_id = ? ORDER BY activity_logs.created_at DESC
 LIMIT ? OFFSET ?
2026-08-01 13:48:10 | INFO     | sqlalchemy.engine.Engine | SELECT activity_logs.id AS activity_logs_id, activity_logs.school_id AS activity_logs_school_id, activity_logs.student_id AS activity_logs_student_id, activity_logs.action AS activity_logs_action, activity_logs.description AS activity_logs_description, activity_logs.created_at AS activity_logs_created_at 
FROM activity_logs 
WHERE activity_logs.school_id = ? ORDER BY activity_logs.created_at DESC
 LIMIT ? OFFSET ?
2026-08-01 13:48:10,007 INFO sqlalchemy.engine.Engine [cached since 796.3s ago] (1, 100, 0)
2026-08-01 13:48:10 | INFO     | sqlalchemy.engine.Engine | [cached since 796.3s ago] (1, 100, 0)
INFO:     127.0.0.1:54171 - "GET /api/v1/activity/?school_id=1&limit=100 HTTP/1.1" 200 OK
2026-08-01 13:48:10,015 INFO sqlalchemy.engine.Engine ROLLBACK
2026-08-01 13:48:10 | INFO     | sqlalchemy.engine.Engine | ROLLBACK
2026-08-01 13:50:03,945 INFO sqlalchemy.engine.Engine BEGIN (implicit)
2026-08-01 13:50:03 | INFO     | sqlalchemy.engine.Engine | BEGIN (implicit)
2026-08-01 13:50:03,946 INFO sqlalchemy.engine.Engine SELECT users.id AS users_id, users.school_id AS users_school_id, users.email AS users_email, users.hashed_password AS users_hashed_password, users.role AS users_role, users.is_active AS users_is_active, users.created_at AS users_created_at, users.last_login AS users_last_login 
FROM users 
WHERE users.id = ?
 LIMIT ? OFFSET ?
2026-08-01 13:50:03 | INFO     | sqlalchemy.engine.Engine | SELECT users.id AS users_id, users.school_id AS users_school_id, users.email AS users_email, users.hashed_password AS users_hashed_password, users.role AS users_role, users.is_active AS users_is_active, users.created_at AS users_created_at, users.last_login AS users_last_login 
FROM users 
WHERE users.id = ?
 LIMIT ? OFFSET ?
2026-08-01 13:50:03,947 INFO sqlalchemy.engine.Engine [cached since 963.9s ago] (1, 1, 0)
2026-08-01 13:50:03 | INFO     | sqlalchemy.engine.Engine | [cached since 963.9s ago] (1, 1, 0)
2026-08-01 13:50:04,310 INFO sqlalchemy.engine.Engine SELECT anon_1.students_id AS anon_1_students_id, anon_1.students_school_id AS anon_1_students_school_id, anon_1.students_student_name AS anon_1_students_student_name, anon_1.students_class_name AS anon_1_students_class_name, anon_1.students_parent_name AS anon_1_students_parent_name, anon_1.students_parent_phone AS anon_1_students_parent_phone, anon_1.students_parent_email AS anon_1_students_parent_email, anon_1.students_is_active AS anon_1_students_is_active, anon_1.students_created_at AS anon_1_students_created_at, fee_types_1.id AS fee_types_1_id, fee_types_1.school_id AS fee_types_1_school_id, fee_types_1.name AS fee_types_1_name, fee_types_1.term AS fee_types_1_term, fee_types_1.amount_kobo AS fee_types_1_amount_kobo, fee_types_1.created_at AS fee_types_1_created_at, payments_1.id AS payments_1_id, payments_1.fee_record_id AS payments_1_fee_record_id, payments_1.amount_kobo AS payments_1_amount_kobo, payments_1.method AS payments_1_method, payments_1.paystack_reference AS payments_1_paystack_reference, payments_1.recorded_by AS payments_1_recorded_by, payments_1.note AS payments_1_note, payments_1.paid_at AS payments_1_paid_at, payments_1.created_at AS payments_1_created_at, fee_records_1.id AS fee_records_1_id, fee_records_1.student_id AS fee_records_1_student_id, fee_records_1.fee_type_id AS fee_records_1_fee_type_id, fee_records_1.total_fees_kobo AS fee_records_1_total_fees_kobo, fee_records_1.amount_paid_kobo AS fee_records_1_amount_paid_kobo, fee_records_1.status AS fee_records_1_status, fee_records_1.created_at AS fee_records_1_created_at, fee_records_1.updated_at AS fee_records_1_updated_at 
FROM (SELECT students.id AS students_id, students.school_id AS students_school_id, students.student_name AS students_student_name, students.class_name AS students_class_name, students.parent_name AS students_parent_name, students.parent_phone AS students_parent_phone, students.parent_email AS students_parent_email, students.is_active AS students_is_active, students.created_at AS students_created_at 
FROM students 
WHERE students.id = ?
 LIMIT ? OFFSET ?) AS anon_1 LEFT OUTER JOIN fee_records AS fee_records_1 ON anon_1.students_id = fee_records_1.student_id LEFT OUTER JOIN fee_types AS fee_types_1 ON fee_types_1.id = fee_records_1.fee_type_id LEFT OUTER JOIN payments AS payments_1 ON fee_records_1.id = payments_1.fee_record_id
2026-08-01 13:50:04 | INFO     | sqlalchemy.engine.Engine | SELECT anon_1.students_id AS anon_1_students_id, anon_1.students_school_id AS anon_1_students_school_id, anon_1.students_student_name AS anon_1_students_student_name, anon_1.students_class_name AS anon_1_students_class_name, anon_1.students_parent_name AS anon_1_students_parent_name, anon_1.students_parent_phone AS anon_1_students_parent_phone, anon_1.students_parent_email AS anon_1_students_parent_email, anon_1.students_is_active AS anon_1_students_is_active, anon_1.students_created_at AS anon_1_students_created_at, fee_types_1.id AS fee_types_1_id, fee_types_1.school_id AS fee_types_1_school_id, fee_types_1.name AS fee_types_1_name, fee_types_1.term AS fee_types_1_term, fee_types_1.amount_kobo AS fee_types_1_amount_kobo, fee_types_1.created_at AS fee_types_1_created_at, payments_1.id AS payments_1_id, payments_1.fee_record_id AS payments_1_fee_record_id, payments_1.amount_kobo AS payments_1_amount_kobo, payments_1.method AS payments_1_method, payments_1.paystack_reference AS payments_1_paystack_reference, payments_1.recorded_by AS payments_1_recorded_by, payments_1.note AS payments_1_note, payments_1.paid_at AS payments_1_paid_at, payments_1.created_at AS payments_1_created_at, fee_records_1.id AS fee_records_1_id, fee_records_1.student_id AS fee_records_1_student_id, fee_records_1.fee_type_id AS fee_records_1_fee_type_id, fee_records_1.total_fees_kobo AS fee_records_1_total_fees_kobo, fee_records_1.amount_paid_kobo AS fee_records_1_amount_paid_kobo, fee_records_1.status AS fee_records_1_status, fee_records_1.created_at AS fee_records_1_created_at, fee_records_1.updated_at AS fee_records_1_updated_at 
FROM (SELECT students.id AS students_id, students.school_id AS students_school_id, students.student_name AS students_student_name, students.class_name AS students_class_name, students.parent_name AS students_parent_name, students.parent_phone AS students_parent_phone, students.parent_email AS students_parent_email, students.is_active AS students_is_active, students.created_at AS students_created_at 
FROM students 
WHERE students.id = ?
 LIMIT ? OFFSET ?) AS anon_1 LEFT OUTER JOIN fee_records AS fee_records_1 ON anon_1.students_id = fee_records_1.student_id LEFT OUTER JOIN fee_types AS fee_types_1 ON fee_types_1.id = fee_records_1.fee_type_id LEFT OUTER JOIN payments AS payments_1 ON fee_records_1.id = payments_1.fee_record_id
2026-08-01 13:50:04,312 INFO sqlalchemy.engine.Engine [generated in 0.00176s] (1, 1, 0)
2026-08-01 13:50:04 | INFO     | sqlalchemy.engine.Engine | [generated in 0.00176s] (1, 1, 0)
2026-08-01 13:50:04,321 INFO sqlalchemy.engine.Engine SELECT activity_logs.id AS activity_logs_id, activity_logs.school_id AS activity_logs_school_id, activity_logs.student_id AS activity_logs_student_id, activity_logs.action AS activity_logs_action, activity_logs.description AS activity_logs_description, activity_logs.created_at AS activity_logs_created_at 
FROM activity_logs 
WHERE activity_logs.student_id = ? ORDER BY activity_logs.created_at DESC
2026-08-01 13:50:04 | INFO     | sqlalchemy.engine.Engine | SELECT activity_logs.id AS activity_logs_id, activity_logs.school_id AS activity_logs_school_id, activity_logs.student_id AS activity_logs_student_id, activity_logs.action AS activity_logs_action, activity_logs.description AS activity_logs_description, activity_logs.created_at AS activity_logs_created_at 
FROM activity_logs 
WHERE activity_logs.student_id = ? ORDER BY activity_logs.created_at DESC
2026-08-01 13:50:04,321 INFO sqlalchemy.engine.Engine [generated in 0.00032s] (1,)
2026-08-01 13:50:04 | INFO     | sqlalchemy.engine.Engine | [generated in 0.00032s] (1,)
INFO:     127.0.0.1:54340 - "GET /api/v1/dashboard/students/1 HTTP/1.1" 200 OK
2026-08-01 13:50:04,324 INFO sqlalchemy.engine.Engine ROLLBACK
2026-08-01 13:50:04 | INFO     | sqlalchemy.engine.Engine | ROLLBACK
2026-08-01 13:50:49,834 INFO sqlalchemy.engine.Engine BEGIN (implicit)
2026-08-01 13:50:49 | INFO     | sqlalchemy.engine.Engine | BEGIN (implicit)
2026-08-01 13:50:49,835 INFO sqlalchemy.engine.Engine SELECT users.id AS users_id, users.school_id AS users_school_id, users.email AS users_email, users.hashed_password AS users_hashed_password, users.role AS users_role, users.is_active AS users_is_active, users.created_at AS users_created_at, users.last_login AS users_last_login 
FROM users 
WHERE users.id = ?
 LIMIT ? OFFSET ?
2026-08-01 13:50:49 | INFO     | sqlalchemy.engine.Engine | SELECT users.id AS users_id, users.school_id AS users_school_id, users.email AS users_email, users.hashed_password AS users_hashed_password, users.role AS users_role, users.is_active AS users_is_active, users.created_at AS users_created_at, users.last_login AS users_last_login 
FROM users 
WHERE users.id = ?
 LIMIT ? OFFSET ?
2026-08-01 13:50:49,835 INFO sqlalchemy.engine.Engine [cached since 1010s ago] (1, 1, 0)
2026-08-01 13:50:49 | INFO     | sqlalchemy.engine.Engine | [cached since 1010s ago] (1, 1, 0)
2026-08-01 13:50:49,874 INFO sqlalchemy.engine.Engine SELECT students.id AS students_id, students.school_id AS students_school_id, students.student_name AS students_student_name, students.class_name AS students_class_name, students.parent_name AS students_parent_name, students.parent_phone AS students_parent_phone, students.parent_email AS students_parent_email, students.is_active AS students_is_active, students.created_at AS students_created_at 
FROM students 
WHERE students.id = ?
 LIMIT ? OFFSET ?
2026-08-01 13:50:49 | INFO     | sqlalchemy.engine.Engine | SELECT students.id AS students_id, students.school_id AS students_school_id, students.student_name AS students_student_name, students.class_name AS students_class_name, students.parent_name AS students_parent_name, students.parent_phone AS students_parent_phone, students.parent_email AS students_parent_email, students.is_active AS students_is_active, students.created_at AS students_created_at 
FROM students 
WHERE students.id = ?
 LIMIT ? OFFSET ?
2026-08-01 13:50:49,874 INFO sqlalchemy.engine.Engine [cached since 367.2s ago] (1, 1, 0)
2026-08-01 13:50:49 | INFO     | sqlalchemy.engine.Engine | [cached since 367.2s ago] (1, 1, 0)
2026-08-01 13:50:49,964 INFO sqlalchemy.engine.Engine COMMIT
2026-08-01 13:50:49 | INFO     | sqlalchemy.engine.Engine | COMMIT
2026-08-01 13:50:49,965 INFO sqlalchemy.engine.Engine BEGIN (implicit)
2026-08-01 13:50:49 | INFO     | sqlalchemy.engine.Engine | BEGIN (implicit)
2026-08-01 13:50:49,966 INFO sqlalchemy.engine.Engine SELECT students.id, students.school_id, students.student_name, students.class_name, students.parent_name, students.parent_phone, students.parent_email, students.is_active, students.created_at 
FROM students 
WHERE students.id = ?
2026-08-01 13:50:49 | INFO     | sqlalchemy.engine.Engine | SELECT students.id, students.school_id, students.student_name, students.class_name, students.parent_name, students.parent_phone, students.parent_email, students.is_active, students.created_at 
FROM students 
WHERE students.id = ?
2026-08-01 13:50:49,967 INFO sqlalchemy.engine.Engine [cached since 367.6s ago] (1,)
2026-08-01 13:50:49 | INFO     | sqlalchemy.engine.Engine | [cached since 367.6s ago] (1,)
2026-08-01 13:50:49 | INFO     | app.routers.students | Student updated: Kuyik-Abasi Idibke John (id=1)
INFO:     127.0.0.1:54341 - "PATCH /api/v1/students/1 HTTP/1.1" 200 OK
2026-08-01 13:50:49,976 INFO sqlalchemy.engine.Engine ROLLBACK
2026-08-01 13:50:49 | INFO     | sqlalchemy.engine.Engine | ROLLBACK
2026-08-01 13:50:49,987 INFO sqlalchemy.engine.Engine BEGIN (implicit)
2026-08-01 13:50:49 | INFO     | sqlalchemy.engine.Engine | BEGIN (implicit)
2026-08-01 13:50:49,988 INFO sqlalchemy.engine.Engine SELECT users.id AS users_id, users.school_id AS users_school_id, users.email AS users_email, users.hashed_password AS users_hashed_password, users.role AS users_role, users.is_active AS users_is_active, users.created_at AS users_created_at, users.last_login AS users_last_login 
FROM users 
WHERE users.id = ?
 LIMIT ? OFFSET ?
2026-08-01 13:50:49 | INFO     | sqlalchemy.engine.Engine | SELECT users.id AS users_id, users.school_id AS users_school_id, users.email AS users_email, users.hashed_password AS users_hashed_password, users.role AS users_role, users.is_active AS users_is_active, users.created_at AS users_created_at, users.last_login AS users_last_login 
FROM users 
WHERE users.id = ?
 LIMIT ? OFFSET ?
2026-08-01 13:50:49,988 INFO sqlalchemy.engine.Engine [cached since 1010s ago] (1, 1, 0)
2026-08-01 13:50:49 | INFO     | sqlalchemy.engine.Engine | [cached since 1010s ago] (1, 1, 0)
2026-08-01 13:50:49,992 INFO sqlalchemy.engine.Engine SELECT schools.id AS schools_id, schools.name AS schools_name, schools.slug AS schools_slug, schools.phone AS schools_phone, schools.email AS schools_email, schools.address AS schools_address, schools.is_active AS schools_is_active, schools.created_at AS schools_created_at 
FROM schools 
WHERE schools.id = ?
 LIMIT ? OFFSET ?
2026-08-01 13:50:49 | INFO     | sqlalchemy.engine.Engine | SELECT schools.id AS schools_id, schools.name AS schools_name, schools.slug AS schools_slug, schools.phone AS schools_phone, schools.email AS schools_email, schools.address AS schools_address, schools.is_active AS schools_is_active, schools.created_at AS schools_created_at 
FROM schools 
WHERE schools.id = ?
 LIMIT ? OFFSET ?
2026-08-01 13:50:49,992 INFO sqlalchemy.engine.Engine [cached since 1010s ago] (1, 1, 0)
2026-08-01 13:50:49 | INFO     | sqlalchemy.engine.Engine | [cached since 1010s ago] (1, 1, 0)
2026-08-01 13:50:49,994 INFO sqlalchemy.engine.Engine SELECT students.id AS students_id, students.school_id AS students_school_id, students.student_name AS students_student_name, students.class_name AS students_class_name, students.parent_name AS students_parent_name, students.parent_phone AS students_parent_phone, students.parent_email AS students_parent_email, students.is_active AS students_is_active, students.created_at AS students_created_at, fee_records_1.id AS fee_records_1_id, fee_records_1.student_id AS fee_records_1_student_id, fee_records_1.fee_type_id AS fee_records_1_fee_type_id, fee_records_1.total_fees_kobo AS fee_records_1_total_fees_kobo, fee_records_1.amount_paid_kobo AS fee_records_1_amount_paid_kobo, fee_records_1.status AS fee_records_1_status, fee_records_1.created_at AS fee_records_1_created_at, fee_records_1.updated_at AS fee_records_1_updated_at 
FROM students LEFT OUTER JOIN fee_records AS fee_records_1 ON students.id = fee_records_1.student_id 
WHERE students.school_id = ? AND students.is_active = 1 ORDER BY students.student_name
2026-08-01 13:50:49 | INFO     | sqlalchemy.engine.Engine | SELECT students.id AS students_id, students.school_id AS students_school_id, students.student_name AS students_student_name, students.class_name AS students_class_name, students.parent_name AS students_parent_name, students.parent_phone AS students_parent_phone, students.parent_email AS students_parent_email, students.is_active AS students_is_active, students.created_at AS students_created_at, fee_records_1.id AS fee_records_1_id, fee_records_1.student_id AS fee_records_1_student_id, fee_records_1.fee_type_id AS fee_records_1_fee_type_id, fee_records_1.total_fees_kobo AS fee_records_1_total_fees_kobo, fee_records_1.amount_paid_kobo AS fee_records_1_amount_paid_kobo, fee_records_1.status AS fee_records_1_status, fee_records_1.created_at AS fee_records_1_created_at, fee_records_1.updated_at AS fee_records_1_updated_at 
FROM students LEFT OUTER JOIN fee_records AS fee_records_1 ON students.id = fee_records_1.student_id 
WHERE students.school_id = ? AND students.is_active = 1 ORDER BY students.student_name
2026-08-01 13:50:50,000 INFO sqlalchemy.engine.Engine [cached since 956.3s ago] (1,)
2026-08-01 13:50:50 | INFO     | sqlalchemy.engine.Engine | [cached since 956.3s ago] (1,)
INFO:     127.0.0.1:54341 - "GET /api/v1/dashboard/students?school_id=1 HTTP/1.1" 200 OK
2026-08-01 13:50:50,004 INFO sqlalchemy.engine.Engine ROLLBACK
2026-08-01 13:50:50 | INFO     | sqlalchemy.engine.Engine | ROLLBACK
2026-08-01 13:50:50,023 INFO sqlalchemy.engine.Engine BEGIN (implicit)
2026-08-01 13:50:50 | INFO     | sqlalchemy.engine.Engine | BEGIN (implicit)
2026-08-01 13:50:50,023 INFO sqlalchemy.engine.Engine SELECT users.id AS users_id, users.school_id AS users_school_id, users.email AS users_email, users.hashed_password AS users_hashed_password, users.role AS users_role, users.is_active AS users_is_active, users.created_at AS users_created_at, users.last_login AS users_last_login 
FROM users 
WHERE users.id = ?
 LIMIT ? OFFSET ?
2026-08-01 13:50:50 | INFO     | sqlalchemy.engine.Engine | SELECT users.id AS users_id, users.school_id AS users_school_id, users.email AS users_email, users.hashed_password AS users_hashed_password, users.role AS users_role, users.is_active AS users_is_active, users.created_at AS users_created_at, users.last_login AS users_last_login 
FROM users 
WHERE users.id = ?
 LIMIT ? OFFSET ?
2026-08-01 13:50:50,024 INFO sqlalchemy.engine.Engine [cached since 1010s ago] (1, 1, 0)
2026-08-01 13:50:50 | INFO     | sqlalchemy.engine.Engine | [cached since 1010s ago] (1, 1, 0)
2026-08-01 13:50:50,030 INFO sqlalchemy.engine.Engine SELECT anon_1.students_id AS anon_1_students_id, anon_1.students_school_id AS anon_1_students_school_id, anon_1.students_student_name AS anon_1_students_student_name, anon_1.students_class_name AS anon_1_students_class_name, anon_1.students_parent_name AS anon_1_students_parent_name, anon_1.students_parent_phone AS anon_1_students_parent_phone, anon_1.students_parent_email AS anon_1_students_parent_email, anon_1.students_is_active AS anon_1_students_is_active, anon_1.students_created_at AS anon_1_students_created_at, fee_types_1.id AS fee_types_1_id, fee_types_1.school_id AS fee_types_1_school_id, fee_types_1.name AS fee_types_1_name, fee_types_1.term AS fee_types_1_term, fee_types_1.amount_kobo AS fee_types_1_amount_kobo, fee_types_1.created_at AS fee_types_1_created_at, payments_1.id AS payments_1_id, payments_1.fee_record_id AS payments_1_fee_record_id, payments_1.amount_kobo AS payments_1_amount_kobo, payments_1.method AS payments_1_method, payments_1.paystack_reference AS payments_1_paystack_reference, payments_1.recorded_by AS payments_1_recorded_by, payments_1.note AS payments_1_note, payments_1.paid_at AS payments_1_paid_at, payments_1.created_at AS payments_1_created_at, fee_records_1.id AS fee_records_1_id, fee_records_1.student_id AS fee_records_1_student_id, fee_records_1.fee_type_id AS fee_records_1_fee_type_id, fee_records_1.total_fees_kobo AS fee_records_1_total_fees_kobo, fee_records_1.amount_paid_kobo AS fee_records_1_amount_paid_kobo, fee_records_1.status AS fee_records_1_status, fee_records_1.created_at AS fee_records_1_created_at, fee_records_1.updated_at AS fee_records_1_updated_at 
FROM (SELECT students.id AS students_id, students.school_id AS students_school_id, students.student_name AS students_student_name, students.class_name AS students_class_name, students.parent_name AS students_parent_name, students.parent_phone AS students_parent_phone, students.parent_email AS students_parent_email, students.is_active AS students_is_active, students.created_at AS students_created_at 
FROM students 
WHERE students.id = ?
 LIMIT ? OFFSET ?) AS anon_1 LEFT OUTER JOIN fee_records AS fee_records_1 ON anon_1.students_id = fee_records_1.student_id LEFT OUTER JOIN fee_types AS fee_types_1 ON fee_types_1.id = fee_records_1.fee_type_id LEFT OUTER JOIN payments AS payments_1 ON fee_records_1.id = payments_1.fee_record_id
2026-08-01 13:50:50 | INFO     | sqlalchemy.engine.Engine | SELECT anon_1.students_id AS anon_1_students_id, anon_1.students_school_id AS anon_1_students_school_id, anon_1.students_student_name AS anon_1_students_student_name, anon_1.students_class_name AS anon_1_students_class_name, anon_1.students_parent_name AS anon_1_students_parent_name, anon_1.students_parent_phone AS anon_1_students_parent_phone, anon_1.students_parent_email AS anon_1_students_parent_email, anon_1.students_is_active AS anon_1_students_is_active, anon_1.students_created_at AS anon_1_students_created_at, fee_types_1.id AS fee_types_1_id, fee_types_1.school_id AS fee_types_1_school_id, fee_types_1.name AS fee_types_1_name, fee_types_1.term AS fee_types_1_term, fee_types_1.amount_kobo AS fee_types_1_amount_kobo, fee_types_1.created_at AS fee_types_1_created_at, payments_1.id AS payments_1_id, payments_1.fee_record_id AS payments_1_fee_record_id, payments_1.amount_kobo AS payments_1_amount_kobo, payments_1.method AS payments_1_method, payments_1.paystack_reference AS payments_1_paystack_reference, payments_1.recorded_by AS payments_1_recorded_by, payments_1.note AS payments_1_note, payments_1.paid_at AS payments_1_paid_at, payments_1.created_at AS payments_1_created_at, fee_records_1.id AS fee_records_1_id, fee_records_1.student_id AS fee_records_1_student_id, fee_records_1.fee_type_id AS fee_records_1_fee_type_id, fee_records_1.total_fees_kobo AS fee_records_1_total_fees_kobo, fee_records_1.amount_paid_kobo AS fee_records_1_amount_paid_kobo, fee_records_1.status AS fee_records_1_status, fee_records_1.created_at AS fee_records_1_created_at, fee_records_1.updated_at AS fee_records_1_updated_at 
FROM (SELECT students.id AS students_id, students.school_id AS students_school_id, students.student_name AS students_student_name, students.class_name AS students_class_name, students.parent_name AS students_parent_name, students.parent_phone AS students_parent_phone, students.parent_email AS students_parent_email, students.is_active AS students_is_active, students.created_at AS students_created_at 
FROM students 
WHERE students.id = ?
 LIMIT ? OFFSET ?) AS anon_1 LEFT OUTER JOIN fee_records AS fee_records_1 ON anon_1.students_id = fee_records_1.student_id LEFT OUTER JOIN fee_types AS fee_types_1 ON fee_types_1.id = fee_records_1.fee_type_id LEFT OUTER JOIN payments AS payments_1 ON fee_records_1.id = payments_1.fee_record_id
2026-08-01 13:50:50,030 INFO sqlalchemy.engine.Engine [cached since 45.72s ago] (1, 1, 0)
2026-08-01 13:50:50 | INFO     | sqlalchemy.engine.Engine | [cached since 45.72s ago] (1, 1, 0)
2026-08-01 13:50:50,032 INFO sqlalchemy.engine.Engine SELECT activity_logs.id AS activity_logs_id, activity_logs.school_id AS activity_logs_school_id, activity_logs.student_id AS activity_logs_student_id, activity_logs.action AS activity_logs_action, activity_logs.description AS activity_logs_description, activity_logs.created_at AS activity_logs_created_at 
FROM activity_logs 
WHERE activity_logs.student_id = ? ORDER BY activity_logs.created_at DESC
2026-08-01 13:50:50 | INFO     | sqlalchemy.engine.Engine | SELECT activity_logs.id AS activity_logs_id, activity_logs.school_id AS activity_logs_school_id, activity_logs.student_id AS activity_logs_student_id, activity_logs.action AS activity_logs_action, activity_logs.description AS activity_logs_description, activity_logs.created_at AS activity_logs_created_at 
FROM activity_logs 
WHERE activity_logs.student_id = ? ORDER BY activity_logs.created_at DESC
2026-08-01 13:50:50,033 INFO sqlalchemy.engine.Engine [cached since 45.71s ago] (1,)
2026-08-01 13:50:50 | INFO     | sqlalchemy.engine.Engine | [cached since 45.71s ago] (1,)
INFO:     127.0.0.1:54341 - "GET /api/v1/dashboard/students/1 HTTP/1.1" 200 OK
2026-08-01 13:50:50,036 INFO sqlalchemy.engine.Engine ROLLBACK
2026-08-01 13:50:50 | INFO     | sqlalchemy.engine.Engine | ROLLBACK
2026-08-01 13:50:59,283 INFO sqlalchemy.engine.Engine BEGIN (implicit)
2026-08-01 13:50:59 | INFO     | sqlalchemy.engine.Engine | BEGIN (implicit)
2026-08-01 13:50:59,284 INFO sqlalchemy.engine.Engine SELECT users.id AS users_id, users.school_id AS users_school_id, users.email AS users_email, users.hashed_password AS users_hashed_password, users.role AS users_role, users.is_active AS users_is_active, users.created_at AS users_created_at, users.last_login AS users_last_login 
FROM users 
WHERE users.id = ?
 LIMIT ? OFFSET ?
2026-08-01 13:50:59 | INFO     | sqlalchemy.engine.Engine | SELECT users.id AS users_id, users.school_id AS users_school_id, users.email AS users_email, users.hashed_password AS users_hashed_password, users.role AS users_role, users.is_active AS users_is_active, users.created_at AS users_created_at, users.last_login AS users_last_login 
FROM users 
WHERE users.id = ?
 LIMIT ? OFFSET ?
2026-08-01 13:50:59,284 INFO sqlalchemy.engine.Engine [cached since 1019s ago] (1, 1, 0)
2026-08-01 13:50:59 | INFO     | sqlalchemy.engine.Engine | [cached since 1019s ago] (1, 1, 0)
2026-08-01 13:50:59,286 INFO sqlalchemy.engine.Engine SELECT fee_types.id AS fee_types_id, fee_types.school_id AS fee_types_school_id, fee_types.name AS fee_types_name, fee_types.term AS fee_types_term, fee_types.amount_kobo AS fee_types_amount_kobo, fee_types.created_at AS fee_types_created_at 
FROM fee_types 
WHERE fee_types.school_id = ? ORDER BY fee_types.term DESC, fee_types.name
2026-08-01 13:50:59 | INFO     | sqlalchemy.engine.Engine | SELECT fee_types.id AS fee_types_id, fee_types.school_id AS fee_types_school_id, fee_types.name AS fee_types_name, fee_types.term AS fee_types_term, fee_types.amount_kobo AS fee_types_amount_kobo, fee_types.created_at AS fee_types_created_at 
FROM fee_types 
WHERE fee_types.school_id = ? ORDER BY fee_types.term DESC, fee_types.name
2026-08-01 13:50:59,287 INFO sqlalchemy.engine.Engine [cached since 965.6s ago] (1,)
2026-08-01 13:50:59 | INFO     | sqlalchemy.engine.Engine | [cached since 965.6s ago] (1,)
INFO:     127.0.0.1:54410 - "GET /api/v1/fees/types?school_id=1 HTTP/1.1" 200 OK
2026-08-01 13:50:59,290 INFO sqlalchemy.engine.Engine ROLLBACK
2026-08-01 13:50:59 | INFO     | sqlalchemy.engine.Engine | ROLLBACK
2026-08-01 13:51:20,083 INFO sqlalchemy.engine.Engine BEGIN (implicit)
2026-08-01 13:51:20 | INFO     | sqlalchemy.engine.Engine | BEGIN (implicit)
2026-08-01 13:51:20,084 INFO sqlalchemy.engine.Engine SELECT users.id AS users_id, users.school_id AS users_school_id, users.email AS users_email, users.hashed_password AS users_hashed_password, users.role AS users_role, users.is_active AS users_is_active, users.created_at AS users_created_at, users.last_login AS users_last_login 
FROM users 
WHERE users.id = ?
 LIMIT ? OFFSET ?
2026-08-01 13:51:20 | INFO     | sqlalchemy.engine.Engine | SELECT users.id AS users_id, users.school_id AS users_school_id, users.email AS users_email, users.hashed_password AS users_hashed_password, users.role AS users_role, users.is_active AS users_is_active, users.created_at AS users_created_at, users.last_login AS users_last_login 
FROM users 
WHERE users.id = ?
 LIMIT ? OFFSET ?
2026-08-01 13:51:20,084 INFO sqlalchemy.engine.Engine [cached since 1040s ago] (1, 1, 0)
2026-08-01 13:51:20 | INFO     | sqlalchemy.engine.Engine | [cached since 1040s ago] (1, 1, 0)
2026-08-01 13:51:20,087 INFO sqlalchemy.engine.Engine SELECT students.id AS students_id, students.school_id AS students_school_id, students.student_name AS students_student_name, students.class_name AS students_class_name, students.parent_name AS students_parent_name, students.parent_phone AS students_parent_phone, students.parent_email AS students_parent_email, students.is_active AS students_is_active, students.created_at AS students_created_at 
FROM students 
WHERE students.id = ?
 LIMIT ? OFFSET ?
2026-08-01 13:51:20 | INFO     | sqlalchemy.engine.Engine | SELECT students.id AS students_id, students.school_id AS students_school_id, students.student_name AS students_student_name, students.class_name AS students_class_name, students.parent_name AS students_parent_name, students.parent_phone AS students_parent_phone, students.parent_email AS students_parent_email, students.is_active AS students_is_active, students.created_at AS students_created_at 
FROM students 
WHERE students.id = ?
 LIMIT ? OFFSET ?
2026-08-01 13:51:20,087 INFO sqlalchemy.engine.Engine [cached since 397.5s ago] (1, 1, 0)
2026-08-01 13:51:20 | INFO     | sqlalchemy.engine.Engine | [cached since 397.5s ago] (1, 1, 0)
2026-08-01 13:51:20,088 INFO sqlalchemy.engine.Engine SELECT fee_types.id AS fee_types_id, fee_types.school_id AS fee_types_school_id, fee_types.name AS fee_types_name, fee_types.term AS fee_types_term, fee_types.amount_kobo AS fee_types_amount_kobo, fee_types.created_at AS fee_types_created_at 
FROM fee_types 
WHERE fee_types.id = ?
 LIMIT ? OFFSET ?
2026-08-01 13:51:20 | INFO     | sqlalchemy.engine.Engine | SELECT fee_types.id AS fee_types_id, fee_types.school_id AS fee_types_school_id, fee_types.name AS fee_types_name, fee_types.term AS fee_types_term, fee_types.amount_kobo AS fee_types_amount_kobo, fee_types.created_at AS fee_types_created_at 
FROM fee_types 
WHERE fee_types.id = ?
 LIMIT ? OFFSET ?
2026-08-01 13:51:20,088 INFO sqlalchemy.engine.Engine [cached since 397.4s ago] (1, 1, 0)
2026-08-01 13:51:20 | INFO     | sqlalchemy.engine.Engine | [cached since 397.4s ago] (1, 1, 0)
2026-08-01 13:51:20,090 INFO sqlalchemy.engine.Engine SELECT fee_records.id AS fee_records_id, fee_records.student_id AS fee_records_student_id, fee_records.fee_type_id AS fee_records_fee_type_id, fee_records.total_fees_kobo AS fee_records_total_fees_kobo, fee_records.amount_paid_kobo AS fee_records_amount_paid_kobo, fee_records.status AS fee_records_status, fee_records.created_at AS fee_records_created_at, fee_records.updated_at AS fee_records_updated_at 
FROM fee_records 
WHERE fee_records.student_id = ? AND fee_records.fee_type_id = ?
 LIMIT ? OFFSET ?
2026-08-01 13:51:20 | INFO     | sqlalchemy.engine.Engine | SELECT fee_records.id AS fee_records_id, fee_records.student_id AS fee_records_student_id, fee_records.fee_type_id AS fee_records_fee_type_id, fee_records.total_fees_kobo AS fee_records_total_fees_kobo, fee_records.amount_paid_kobo AS fee_records_amount_paid_kobo, fee_records.status AS fee_records_status, fee_records.created_at AS fee_records_created_at, fee_records.updated_at AS fee_records_updated_at 
FROM fee_records 
WHERE fee_records.student_id = ? AND fee_records.fee_type_id = ?
 LIMIT ? OFFSET ?
2026-08-01 13:51:20,090 INFO sqlalchemy.engine.Engine [cached since 397.4s ago] (1, 1, 1, 0)
2026-08-01 13:51:20 | INFO     | sqlalchemy.engine.Engine | [cached since 397.4s ago] (1, 1, 1, 0)
2026-08-01 13:51:20,136 INFO sqlalchemy.engine.Engine ROLLBACK
2026-08-01 13:51:20 | INFO     | sqlalchemy.engine.Engine | ROLLBACK
INFO:     127.0.0.1:54412 - "POST /api/v1/fees/records HTTP/1.1" 409 Conflict
2026-08-01 13:51:33,031 INFO sqlalchemy.engine.Engine BEGIN (implicit)
2026-08-01 13:51:33 | INFO     | sqlalchemy.engine.Engine | BEGIN (implicit)
2026-08-01 13:51:33,032 INFO sqlalchemy.engine.Engine SELECT users.id AS users_id, users.school_id AS users_school_id, users.email AS users_email, users.hashed_password AS users_hashed_password, users.role AS users_role, users.is_active AS users_is_active, users.created_at AS users_created_at, users.last_login AS users_last_login 
FROM users 
WHERE users.id = ?
 LIMIT ? OFFSET ?
2026-08-01 13:51:33 | INFO     | sqlalchemy.engine.Engine | SELECT users.id AS users_id, users.school_id AS users_school_id, users.email AS users_email, users.hashed_password AS users_hashed_password, users.role AS users_role, users.is_active AS users_is_active, users.created_at AS users_created_at, users.last_login AS users_last_login 
FROM users 
WHERE users.id = ?
 LIMIT ? OFFSET ?
2026-08-01 13:51:33,033 INFO sqlalchemy.engine.Engine [cached since 1053s ago] (1, 1, 0)
2026-08-01 13:51:33 | INFO     | sqlalchemy.engine.Engine | [cached since 1053s ago] (1, 1, 0)
2026-08-01 13:51:33,047 INFO sqlalchemy.engine.Engine SELECT anon_1.students_id AS anon_1_students_id, anon_1.students_school_id AS anon_1_students_school_id, anon_1.students_student_name AS anon_1_students_student_name, anon_1.students_class_name AS anon_1_students_class_name, anon_1.students_parent_name AS anon_1_students_parent_name, anon_1.students_parent_phone AS anon_1_students_parent_phone, anon_1.students_parent_email AS anon_1_students_parent_email, anon_1.students_is_active AS anon_1_students_is_active, anon_1.students_created_at AS anon_1_students_created_at, fee_types_1.id AS fee_types_1_id, fee_types_1.school_id AS fee_types_1_school_id, fee_types_1.name AS fee_types_1_name, fee_types_1.term AS fee_types_1_term, fee_types_1.amount_kobo AS fee_types_1_amount_kobo, fee_types_1.created_at AS fee_types_1_created_at, payments_1.id AS payments_1_id, payments_1.fee_record_id AS payments_1_fee_record_id, payments_1.amount_kobo AS payments_1_amount_kobo, payments_1.method AS payments_1_method, payments_1.paystack_reference AS payments_1_paystack_reference, payments_1.recorded_by AS payments_1_recorded_by, payments_1.note AS payments_1_note, payments_1.paid_at AS payments_1_paid_at, payments_1.created_at AS payments_1_created_at, fee_records_1.id AS fee_records_1_id, fee_records_1.student_id AS fee_records_1_student_id, fee_records_1.fee_type_id AS fee_records_1_fee_type_id, fee_records_1.total_fees_kobo AS fee_records_1_total_fees_kobo, fee_records_1.amount_paid_kobo AS fee_records_1_amount_paid_kobo, fee_records_1.status AS fee_records_1_status, fee_records_1.created_at AS fee_records_1_created_at, fee_records_1.updated_at AS fee_records_1_updated_at 
FROM (SELECT students.id AS students_id, students.school_id AS students_school_id, students.student_name AS students_student_name, students.class_name AS students_class_name, students.parent_name AS students_parent_name, students.parent_phone AS students_parent_phone, students.parent_email AS students_parent_email, students.is_active AS students_is_active, students.created_at AS students_created_at 
FROM students 
WHERE students.id = ?
 LIMIT ? OFFSET ?) AS anon_1 LEFT OUTER JOIN fee_records AS fee_records_1 ON anon_1.students_id = fee_records_1.student_id LEFT OUTER JOIN fee_types AS fee_types_1 ON fee_types_1.id = fee_records_1.fee_type_id LEFT OUTER JOIN payments AS payments_1 ON fee_records_1.id = payments_1.fee_record_id
2026-08-01 13:51:33 | INFO     | sqlalchemy.engine.Engine | SELECT anon_1.students_id AS anon_1_students_id, anon_1.students_school_id AS anon_1_students_school_id, anon_1.students_student_name AS anon_1_students_student_name, anon_1.students_class_name AS anon_1_students_class_name, anon_1.students_parent_name AS anon_1_students_parent_name, anon_1.students_parent_phone AS anon_1_students_parent_phone, anon_1.students_parent_email AS anon_1_students_parent_email, anon_1.students_is_active AS anon_1_students_is_active, anon_1.students_created_at AS anon_1_students_created_at, fee_types_1.id AS fee_types_1_id, fee_types_1.school_id AS fee_types_1_school_id, fee_types_1.name AS fee_types_1_name, fee_types_1.term AS fee_types_1_term, fee_types_1.amount_kobo AS fee_types_1_amount_kobo, fee_types_1.created_at AS fee_types_1_created_at, payments_1.id AS payments_1_id, payments_1.fee_record_id AS payments_1_fee_record_id, payments_1.amount_kobo AS payments_1_amount_kobo, payments_1.method AS payments_1_method, payments_1.paystack_reference AS payments_1_paystack_reference, payments_1.recorded_by AS payments_1_recorded_by, payments_1.note AS payments_1_note, payments_1.paid_at AS payments_1_paid_at, payments_1.created_at AS payments_1_created_at, fee_records_1.id AS fee_records_1_id, fee_records_1.student_id AS fee_records_1_student_id, fee_records_1.fee_type_id AS fee_records_1_fee_type_id, fee_records_1.total_fees_kobo AS fee_records_1_total_fees_kobo, fee_records_1.amount_paid_kobo AS fee_records_1_amount_paid_kobo, fee_records_1.status AS fee_records_1_status, fee_records_1.created_at AS fee_records_1_created_at, fee_records_1.updated_at AS fee_records_1_updated_at 
FROM (SELECT students.id AS students_id, students.school_id AS students_school_id, students.student_name AS students_student_name, students.class_name AS students_class_name, students.parent_name AS students_parent_name, students.parent_phone AS students_parent_phone, students.parent_email AS students_parent_email, students.is_active AS students_is_active, students.created_at AS students_created_at 
FROM students 
WHERE students.id = ?
 LIMIT ? OFFSET ?) AS anon_1 LEFT OUTER JOIN fee_records AS fee_records_1 ON anon_1.students_id = fee_records_1.student_id LEFT OUTER JOIN fee_types AS fee_types_1 ON fee_types_1.id = fee_records_1.fee_type_id LEFT OUTER JOIN payments AS payments_1 ON fee_records_1.id = payments_1.fee_record_id
2026-08-01 13:51:33,138 INFO sqlalchemy.engine.Engine [cached since 88.83s ago] (1, 1, 0)
2026-08-01 13:51:33 | INFO     | sqlalchemy.engine.Engine | [cached since 88.83s ago] (1, 1, 0)
2026-08-01 13:51:33,148 INFO sqlalchemy.engine.Engine SELECT activity_logs.id AS activity_logs_id, activity_logs.school_id AS activity_logs_school_id, activity_logs.student_id AS activity_logs_student_id, activity_logs.action AS activity_logs_action, activity_logs.description AS activity_logs_description, activity_logs.created_at AS activity_logs_created_at 
FROM activity_logs 
WHERE activity_logs.student_id = ? ORDER BY activity_logs.created_at DESC
2026-08-01 13:51:33 | INFO     | sqlalchemy.engine.Engine | SELECT activity_logs.id AS activity_logs_id, activity_logs.school_id AS activity_logs_school_id, activity_logs.student_id AS activity_logs_student_id, activity_logs.action AS activity_logs_action, activity_logs.description AS activity_logs_description, activity_logs.created_at AS activity_logs_created_at 
FROM activity_logs 
WHERE activity_logs.student_id = ? ORDER BY activity_logs.created_at DESC
2026-08-01 13:51:33,149 INFO sqlalchemy.engine.Engine [cached since 88.83s ago] (1,)
2026-08-01 13:51:33 | INFO     | sqlalchemy.engine.Engine | [cached since 88.83s ago] (1,)
INFO:     127.0.0.1:54457 - "GET /api/v1/dashboard/students/1 HTTP/1.1" 200 OK
2026-08-01 13:51:33,161 INFO sqlalchemy.engine.Engine ROLLBACK
2026-08-01 13:51:33 | INFO     | sqlalchemy.engine.Engine | ROLLBACK
2026-08-01 13:52:26,228 INFO sqlalchemy.engine.Engine BEGIN (implicit)
2026-08-01 13:52:26 | INFO     | sqlalchemy.engine.Engine | BEGIN (implicit)
2026-08-01 13:52:26,229 INFO sqlalchemy.engine.Engine SELECT users.id AS users_id, users.school_id AS users_school_id, users.email AS users_email, users.hashed_password AS users_hashed_password, users.role AS users_role, users.is_active AS users_is_active, users.created_at AS users_created_at, users.last_login AS users_last_login 
FROM users 
WHERE users.id = ?
 LIMIT ? OFFSET ?
2026-08-01 13:52:26 | INFO     | sqlalchemy.engine.Engine | SELECT users.id AS users_id, users.school_id AS users_school_id, users.email AS users_email, users.hashed_password AS users_hashed_password, users.role AS users_role, users.is_active AS users_is_active, users.created_at AS users_created_at, users.last_login AS users_last_login 
FROM users 
WHERE users.id = ?
 LIMIT ? OFFSET ?
2026-08-01 13:52:26,230 INFO sqlalchemy.engine.Engine [cached since 1106s ago] (1, 1, 0)
2026-08-01 13:52:26 | INFO     | sqlalchemy.engine.Engine | [cached since 1106s ago] (1, 1, 0)
2026-08-01 13:52:26,307 INFO sqlalchemy.engine.Engine SELECT fee_records.id AS fee_records_id, fee_records.student_id AS fee_records_student_id, fee_records.fee_type_id AS fee_records_fee_type_id, fee_records.total_fees_kobo AS fee_records_total_fees_kobo, fee_records.amount_paid_kobo AS fee_records_amount_paid_kobo, fee_records.status AS fee_records_status, fee_records.created_at AS fee_records_created_at, fee_records.updated_at AS fee_records_updated_at, schools_1.id AS schools_1_id, schools_1.name AS schools_1_name, schools_1.slug AS schools_1_slug, schools_1.phone AS schools_1_phone, schools_1.email AS schools_1_email, schools_1.address AS schools_1_address, schools_1.is_active AS schools_1_is_active, schools_1.created_at AS schools_1_created_at, students_1.id AS students_1_id, students_1.school_id AS students_1_school_id, students_1.student_name AS students_1_student_name, students_1.class_name AS students_1_class_name, students_1.parent_name AS students_1_parent_name, students_1.parent_phone AS students_1_parent_phone, students_1.parent_email AS students_1_parent_email, students_1.is_active AS students_1_is_active, students_1.created_at AS students_1_created_at, fee_types_1.id AS fee_types_1_id, fee_types_1.school_id AS fee_types_1_school_id, fee_types_1.name AS fee_types_1_name, fee_types_1.term AS fee_types_1_term, fee_types_1.amount_kobo AS fee_types_1_amount_kobo, fee_types_1.created_at AS fee_types_1_created_at 
FROM fee_records LEFT OUTER JOIN students AS students_1 ON students_1.id = fee_records.student_id LEFT OUTER JOIN schools AS schools_1 ON schools_1.id = students_1.school_id LEFT OUTER JOIN fee_types AS fee_types_1 ON fee_types_1.id = fee_records.fee_type_id 
WHERE fee_records.id = ?
 LIMIT ? OFFSET ?
2026-08-01 13:52:26 | INFO     | sqlalchemy.engine.Engine | SELECT fee_records.id AS fee_records_id, fee_records.student_id AS fee_records_student_id, fee_records.fee_type_id AS fee_records_fee_type_id, fee_records.total_fees_kobo AS fee_records_total_fees_kobo, fee_records.amount_paid_kobo AS fee_records_amount_paid_kobo, fee_records.status AS fee_records_status, fee_records.created_at AS fee_records_created_at, fee_records.updated_at AS fee_records_updated_at, schools_1.id AS schools_1_id, schools_1.name AS schools_1_name, schools_1.slug AS schools_1_slug, schools_1.phone AS schools_1_phone, schools_1.email AS schools_1_email, schools_1.address AS schools_1_address, schools_1.is_active AS schools_1_is_active, schools_1.created_at AS schools_1_created_at, students_1.id AS students_1_id, students_1.school_id AS students_1_school_id, students_1.student_name AS students_1_student_name, students_1.class_name AS students_1_class_name, students_1.parent_name AS students_1_parent_name, students_1.parent_phone AS students_1_parent_phone, students_1.parent_email AS students_1_parent_email, students_1.is_active AS students_1_is_active, students_1.created_at AS students_1_created_at, fee_types_1.id AS fee_types_1_id, fee_types_1.school_id AS fee_types_1_school_id, fee_types_1.name AS fee_types_1_name, fee_types_1.term AS fee_types_1_term, fee_types_1.amount_kobo AS fee_types_1_amount_kobo, fee_types_1.created_at AS fee_types_1_created_at 
FROM fee_records LEFT OUTER JOIN students AS students_1 ON students_1.id = fee_records.student_id LEFT OUTER JOIN schools AS schools_1 ON schools_1.id = students_1.school_id LEFT OUTER JOIN fee_types AS fee_types_1 ON fee_types_1.id = fee_records.fee_type_id 
WHERE fee_records.id = ?
 LIMIT ? OFFSET ?
2026-08-01 13:52:26,308 INFO sqlalchemy.engine.Engine [generated in 0.00067s] (1, 1, 0)
2026-08-01 13:52:26 | INFO     | sqlalchemy.engine.Engine | [generated in 0.00067s] (1, 1, 0)
2026-08-01 13:52:26 | INFO     | app.services.activity_service | Activity logged: [payment_recorded] Payment confirmed for Kuyik-Abasi Idibke John — \u20a650,000.00 received via cash
2026-08-01 13:52:26,339 INFO sqlalchemy.engine.Engine INSERT INTO activity_logs (school_id, student_id, action, description, created_at) VALUES (?, ?, ?, ?, ?)
2026-08-01 13:52:26 | INFO     | sqlalchemy.engine.Engine | INSERT INTO activity_logs (school_id, student_id, action, description, created_at) VALUES (?, ?, ?, ?, ?)
--- Logging error ---
Traceback (most recent call last):
  File "C:\Users\MKPOUTO IDIBEKE\AppData\Local\Python\pythoncore-3.14-64\Lib\logging\__init__.py", line 1154, in emit
    stream.write(msg + self.terminator)
    ~~~~~~~~~~~~^^^^^^^^^^^^^^^^^^^^^^^
  File "C:\Users\MKPOUTO IDIBEKE\AppData\Local\Python\pythoncore-3.14-64\Lib\encodings\cp1252.py", line 19, in encode
    return codecs.charmap_encode(input,self.errors,encoding_table)[0]
           ~~~~~~~~~~~~~~~~~~~~~^^^^^^^^^^^^^^^^^^^^^^^^^^^^^^^^^^
UnicodeEncodeError: 'charmap' codec can't encode character '\u20a6' in position 156: character maps to <undefined>
Call stack:
  File "C:\Users\MKPOUTO IDIBEKE\AppData\Local\Python\pythoncore-3.14-64\Lib\threading.py", line 1044, in _bootstrap
    self._bootstrap_inner()
  File "C:\Users\MKPOUTO IDIBEKE\AppData\Local\Python\pythoncore-3.14-64\Lib\threading.py", line 1082, in _bootstrap_inner
    self._context.run(self.run)
  File "C:\Users\MKPOUTO IDIBEKE\Documents\GitHub\Jummikville-Management-System\venv\Lib\site-packages\anyio\_backends\_asyncio.py", line 1033, in run
    result = context.run(func, *args)
  File "C:\Users\MKPOUTO IDIBEKE\Documents\GitHub\Jummikville-Management-System\app\routers\payments.py", line 48, in record_cash_payment
    payment = record_payment(
  File "C:\Users\MKPOUTO IDIBEKE\Documents\GitHub\Jummikville-Management-System\app\services\payment_service.py", line 127, in record_payment
    db.commit()
  File "C:\Users\MKPOUTO IDIBEKE\Documents\GitHub\Jummikville-Management-System\venv\Lib\site-packages\sqlalchemy\orm\session.py", line 2035, in commit
    trans.commit(_to_root=True)
  File "<string>", line 2, in commit
  File "C:\Users\MKPOUTO IDIBEKE\Documents\GitHub\Jummikville-Management-System\venv\Lib\site-packages\sqlalchemy\orm\state_changes.py", line 137, in _go
    ret_value = fn(self, *arg, **kw)
  File "C:\Users\MKPOUTO IDIBEKE\Documents\GitHub\Jummikville-Management-System\venv\Lib\site-packages\sqlalchemy\orm\session.py", line 1316, in commit
    self._prepare_impl()
  File "<string>", line 2, in _prepare_impl
  File "C:\Users\MKPOUTO IDIBEKE\Documents\GitHub\Jummikville-Management-System\venv\Lib\site-packages\sqlalchemy\orm\state_changes.py", line 137, in _go
    ret_value = fn(self, *arg, **kw)
  File "C:\Users\MKPOUTO IDIBEKE\Documents\GitHub\Jummikville-Management-System\venv\Lib\site-packages\sqlalchemy\orm\session.py", line 1290, in _prepare_impl
    self.session.flush()
  File "C:\Users\MKPOUTO IDIBEKE\Documents\GitHub\Jummikville-Management-System\venv\Lib\site-packages\sqlalchemy\orm\session.py", line 4353, in flush
    self._flush(objects)
  File "C:\Users\MKPOUTO IDIBEKE\Documents\GitHub\Jummikville-Management-System\venv\Lib\site-packages\sqlalchemy\orm\session.py", line 4449, in _flush
    flush_context.execute()
  File "C:\Users\MKPOUTO IDIBEKE\Documents\GitHub\Jummikville-Management-System\venv\Lib\site-packages\sqlalchemy\orm\unitofwork.py", line 465, in execute
    rec.execute(self)
  File "C:\Users\MKPOUTO IDIBEKE\Documents\GitHub\Jummikville-Management-System\venv\Lib\site-packages\sqlalchemy\orm\unitofwork.py", line 641, in execute
    util.preloaded.orm_persistence.save_obj(
  File "C:\Users\MKPOUTO IDIBEKE\Documents\GitHub\Jummikville-Management-System\venv\Lib\site-packages\sqlalchemy\orm\persistence.py", line 94, in save_obj
    _emit_insert_statements(
  File "C:\Users\MKPOUTO IDIBEKE\Documents\GitHub\Jummikville-Management-System\venv\Lib\site-packages\sqlalchemy\orm\persistence.py", line 1234, in _emit_insert_statements
    result = connection.execute(
  File "C:\Users\MKPOUTO IDIBEKE\Documents\GitHub\Jummikville-Management-System\venv\Lib\site-packages\sqlalchemy\engine\base.py", line 1421, in execute
    return meth(
  File "C:\Users\MKPOUTO IDIBEKE\Documents\GitHub\Jummikville-Management-System\venv\Lib\site-packages\sqlalchemy\sql\elements.py", line 526, in _execute_on_connection
    return connection._execute_clauseelement(
  File "C:\Users\MKPOUTO IDIBEKE\Documents\GitHub\Jummikville-Management-System\venv\Lib\site-packages\sqlalchemy\engine\base.py", line 1643, in _execute_clauseelement
    ret = self._execute_context(
  File "C:\Users\MKPOUTO IDIBEKE\Documents\GitHub\Jummikville-Management-System\venv\Lib\site-packages\sqlalchemy\engine\base.py", line 1848, in _execute_context
    return self._exec_single_context(
  File "C:\Users\MKPOUTO IDIBEKE\Documents\GitHub\Jummikville-Management-System\venv\Lib\site-packages\sqlalchemy\engine\base.py", line 1906, in _exec_single_context
    self._log_info(
  File "C:\Users\MKPOUTO IDIBEKE\Documents\GitHub\Jummikville-Management-System\venv\Lib\site-packages\sqlalchemy\engine\base.py", line 188, in _log_info
    self.engine.logger.info(message, *arg, **kw)
  File "C:\Users\MKPOUTO IDIBEKE\Documents\GitHub\Jummikville-Management-System\venv\Lib\site-packages\sqlalchemy\log.py", line 159, in info
    self.log(logging.INFO, msg, *args, **kwargs)
  File "C:\Users\MKPOUTO IDIBEKE\Documents\GitHub\Jummikville-Management-System\venv\Lib\site-packages\sqlalchemy\log.py", line 210, in log
    self.logger._log(level, msg, args, **kwargs)
Message: '[%s] %r'
Arguments: ('cached since 446.1s ago', (1, 1, 'payment_recorded', 'Payment confirmed for Kuyik-Abasi Idibke John — \u20a650,000.00 received via cash', '2026-08-01 12:52:26.339774'))
2026-08-01 13:52:26 | INFO     | sqlalchemy.engine.Engine | [cached since 446.1s ago] (1, 1, 'payment_recorded', 'Payment confirmed for Kuyik-Abasi Idibke John — \u20a650,000.00 received via cash', '2026-08-01 12:52:26.339774')
2026-08-01 13:52:26,402 INFO sqlalchemy.engine.Engine UPDATE fee_records SET amount_paid_kobo=?, status=?, updated_at=? WHERE fee_records.id = ?
2026-08-01 13:52:26 | INFO     | sqlalchemy.engine.Engine | UPDATE fee_records SET amount_paid_kobo=?, status=?, updated_at=? WHERE fee_records.id = ?
2026-08-01 13:52:26,403 INFO sqlalchemy.engine.Engine [generated in 0.00296s] (5000000, 'paid', '2026-08-01 12:52:26.402666', 1)
2026-08-01 13:52:26 | INFO     | sqlalchemy.engine.Engine | [generated in 0.00296s] (5000000, 'paid', '2026-08-01 12:52:26.402666', 1)
2026-08-01 13:52:26,408 INFO sqlalchemy.engine.Engine INSERT INTO payments (fee_record_id, amount_kobo, method, paystack_reference, recorded_by, note, paid_at, created_at) VALUES (?, ?, ?, ?, ?, ?, ?, ?)
2026-08-01 13:52:26 | INFO     | sqlalchemy.engine.Engine | INSERT INTO payments (fee_record_id, amount_kobo, method, paystack_reference, recorded_by, note, paid_at, created_at) VALUES (?, ?, ?, ?, ?, ?, ?, ?)
2026-08-01 13:52:26,409 INFO sqlalchemy.engine.Engine [generated in 0.00089s] (1, 5000000, 'cash', None, 'Mkpouko', 'paid at school', '2026-08-01 12:52:26.408391', '2026-08-01 12:52:26.408401')
2026-08-01 13:52:26 | INFO     | sqlalchemy.engine.Engine | [generated in 0.00089s] (1, 5000000, 'cash', None, 'Mkpouko', 'paid at school', '2026-08-01 12:52:26.408391', '2026-08-01 12:52:26.408401')
2026-08-01 13:52:26,411 INFO sqlalchemy.engine.Engine COMMIT
2026-08-01 13:52:26 | INFO     | sqlalchemy.engine.Engine | COMMIT
2026-08-01 13:52:26,435 INFO sqlalchemy.engine.Engine BEGIN (implicit)
2026-08-01 13:52:26 | INFO     | sqlalchemy.engine.Engine | BEGIN (implicit)
2026-08-01 13:52:26,438 INFO sqlalchemy.engine.Engine SELECT payments.id, payments.fee_record_id, payments.amount_kobo, payments.method, payments.paystack_reference, payments.recorded_by, payments.note, payments.paid_at, payments.created_at 
FROM payments 
WHERE payments.id = ?
2026-08-01 13:52:26 | INFO     | sqlalchemy.engine.Engine | SELECT payments.id, payments.fee_record_id, payments.amount_kobo, payments.method, payments.paystack_reference, payments.recorded_by, payments.note, payments.paid_at, payments.created_at 
FROM payments 
WHERE payments.id = ?
2026-08-01 13:52:26,439 INFO sqlalchemy.engine.Engine [generated in 0.00047s] (1,)
2026-08-01 13:52:26 | INFO     | sqlalchemy.engine.Engine | [generated in 0.00047s] (1,)
2026-08-01 13:52:26,582 INFO sqlalchemy.engine.Engine SELECT fee_records.id, fee_records.student_id, fee_records.fee_type_id, fee_records.total_fees_kobo, fee_records.amount_paid_kobo, fee_records.status, fee_records.created_at, fee_records.updated_at, schools_1.id AS id_1, schools_1.name, schools_1.slug, schools_1.phone, schools_1.email, schools_1.address, schools_1.is_active, schools_1.created_at AS created_at_1, students_1.id AS id_2, students_1.school_id, students_1.student_name, students_1.class_name, students_1.parent_name, students_1.parent_phone, students_1.parent_email, students_1.is_active AS is_active_1, students_1.created_at AS created_at_2, fee_types_1.id AS id_3, fee_types_1.school_id AS school_id_1, fee_types_1.name AS name_1, fee_types_1.term, fee_types_1.amount_kobo, fee_types_1.created_at AS created_at_3 
FROM fee_records LEFT OUTER JOIN students AS students_1 ON students_1.id = fee_records.student_id LEFT OUTER JOIN schools AS schools_1 ON schools_1.id = students_1.school_id LEFT OUTER JOIN fee_types AS fee_types_1 ON fee_types_1.id = fee_records.fee_type_id 
WHERE fee_records.id = ?
2026-08-01 13:52:26 | INFO     | sqlalchemy.engine.Engine | SELECT fee_records.id, fee_records.student_id, fee_records.fee_type_id, fee_records.total_fees_kobo, fee_records.amount_paid_kobo, fee_records.status, fee_records.created_at, fee_records.updated_at, schools_1.id AS id_1, schools_1.name, schools_1.slug, schools_1.phone, schools_1.email, schools_1.address, schools_1.is_active, schools_1.created_at AS created_at_1, students_1.id AS id_2, students_1.school_id, students_1.student_name, students_1.class_name, students_1.parent_name, students_1.parent_phone, students_1.parent_email, students_1.is_active AS is_active_1, students_1.created_at AS created_at_2, fee_types_1.id AS id_3, fee_types_1.school_id AS school_id_1, fee_types_1.name AS name_1, fee_types_1.term, fee_types_1.amount_kobo, fee_types_1.created_at AS created_at_3 
FROM fee_records LEFT OUTER JOIN students AS students_1 ON students_1.id = fee_records.student_id LEFT OUTER JOIN schools AS schools_1 ON schools_1.id = students_1.school_id LEFT OUTER JOIN fee_types AS fee_types_1 ON fee_types_1.id = fee_records.fee_type_id 
WHERE fee_records.id = ?
2026-08-01 13:52:26,587 INFO sqlalchemy.engine.Engine [generated in 0.00127s] (1,)
2026-08-01 13:52:26 | INFO     | sqlalchemy.engine.Engine | [generated in 0.00127s] (1,)
2026-08-01 13:52:26 | INFO     | app.services.payment_service | Payment recorded: 5000000 kobo via cash for fee_record 1. New balance: -1000000 kobo. Status: paid
2026-08-01 13:52:26 | INFO     | twilio.http_client | -- BEGIN Twilio API Request --
2026-08-01 13:52:26 | INFO     | twilio.http_client | POST Request: https://api.twilio.com/2010-04-01/Accounts/AC319cda2ac5feb82e07cb844eeb17307d/Messages.json
2026-08-01 13:52:26 | INFO     | twilio.http_client | Headers:
2026-08-01 13:52:26 | INFO     | twilio.http_client | Content-Type : application/x-www-form-urlencoded
2026-08-01 13:52:26 | INFO     | twilio.http_client | Accept : application/json
2026-08-01 13:52:26 | INFO     | twilio.http_client | User-Agent : twilio-python/9.10.9 (Windows AMD64) Python/3.14.6
2026-08-01 13:52:26 | INFO     | twilio.http_client | X-Twilio-Client : python-9.10.9
2026-08-01 13:52:26 | INFO     | twilio.http_client | Accept-Charset : utf-8
2026-08-01 13:52:26 | INFO     | twilio.http_client | -- END Twilio API Request --
2026-08-01 13:52:28 | INFO     | twilio.http_client | Response Status Code: 201
2026-08-01 13:52:28 | INFO     | twilio.http_client | Response Headers: {'Content-Type': 'application/json;charset=utf-8', 'Content-Length': '1196', 'Connection': 'keep-alive', 'Date': 'Sat, 01 Aug 2026 12:52:28 GMT', 'Twilio-Concurrent-Requests': '1', 'Twilio-Request-Id': 'RQa06939abf65ddbd186eab04ef85100ac', 'Twilio-Request-Duration': '0.144', 'X-Home-Region': 'us1', 'X-API-Domain': 'api.twilio.com', 'Strict-Transport-Security': 'max-age=31536000', 'X-Cache': 'Miss from cloudfront', 'Via': '1.1 89a2789e584c965cee4a77ee2a943764.cloudfront.net (CloudFront)', 'X-Amz-Cf-Pop': 'LOS50-P2', 'X-Amz-Cf-Id': 'Z1jRW0U0jJaJamv0qzzzSu_qrcsmO-RfYMRrKeBDvKmbb-IUgLbWMA==', 'X-Powered-By': 'AT-5000', 'X-Shenanigans': 'none', 'Vary': 'Origin'}
2026-08-01 13:52:28 | INFO     | app.services.twilio_wa | WhatsApp sent to +2348181724911: SID=SMa06939abf65ddbd186eab04ef85100ac
INFO:     127.0.0.1:54524 - "POST /api/v1/payments/cash HTTP/1.1" 200 OK
2026-08-01 13:52:28,224 INFO sqlalchemy.engine.Engine ROLLBACK
2026-08-01 13:52:28 | INFO     | sqlalchemy.engine.Engine | ROLLBACK
2026-08-01 13:52:28,261 INFO sqlalchemy.engine.Engine BEGIN (implicit)
2026-08-01 13:52:28 | INFO     | sqlalchemy.engine.Engine | BEGIN (implicit)
2026-08-01 13:52:28,262 INFO sqlalchemy.engine.Engine SELECT users.id AS users_id, users.school_id AS users_school_id, users.email AS users_email, users.hashed_password AS users_hashed_password, users.role AS users_role, users.is_active AS users_is_active, users.created_at AS users_created_at, users.last_login AS users_last_login 
FROM users 
WHERE users.id = ?
 LIMIT ? OFFSET ?
2026-08-01 13:52:28 | INFO     | sqlalchemy.engine.Engine | SELECT users.id AS users_id, users.school_id AS users_school_id, users.email AS users_email, users.hashed_password AS users_hashed_password, users.role AS users_role, users.is_active AS users_is_active, users.created_at AS users_created_at, users.last_login AS users_last_login 
FROM users 
WHERE users.id = ?
 LIMIT ? OFFSET ?
2026-08-01 13:52:28,262 INFO sqlalchemy.engine.Engine [cached since 1108s ago] (1, 1, 0)
2026-08-01 13:52:28 | INFO     | sqlalchemy.engine.Engine | [cached since 1108s ago] (1, 1, 0)
2026-08-01 13:52:28,271 INFO sqlalchemy.engine.Engine SELECT schools.id AS schools_id, schools.name AS schools_name, schools.slug AS schools_slug, schools.phone AS schools_phone, schools.email AS schools_email, schools.address AS schools_address, schools.is_active AS schools_is_active, schools.created_at AS schools_created_at 
FROM schools 
WHERE schools.id = ?
 LIMIT ? OFFSET ?
2026-08-01 13:52:28 | INFO     | sqlalchemy.engine.Engine | SELECT schools.id AS schools_id, schools.name AS schools_name, schools.slug AS schools_slug, schools.phone AS schools_phone, schools.email AS schools_email, schools.address AS schools_address, schools.is_active AS schools_is_active, schools.created_at AS schools_created_at 
FROM schools 
WHERE schools.id = ?
 LIMIT ? OFFSET ?
2026-08-01 13:52:28,272 INFO sqlalchemy.engine.Engine [cached since 1108s ago] (1, 1, 0)
2026-08-01 13:52:28 | INFO     | sqlalchemy.engine.Engine | [cached since 1108s ago] (1, 1, 0)
2026-08-01 13:52:28,274 INFO sqlalchemy.engine.Engine SELECT students.id AS students_id, students.school_id AS students_school_id, students.student_name AS students_student_name, students.class_name AS students_class_name, students.parent_name AS students_parent_name, students.parent_phone AS students_parent_phone, students.parent_email AS students_parent_email, students.is_active AS students_is_active, students.created_at AS students_created_at, fee_records_1.id AS fee_records_1_id, fee_records_1.student_id AS fee_records_1_student_id, fee_records_1.fee_type_id AS fee_records_1_fee_type_id, fee_records_1.total_fees_kobo AS fee_records_1_total_fees_kobo, fee_records_1.amount_paid_kobo AS fee_records_1_amount_paid_kobo, fee_records_1.status AS fee_records_1_status, fee_records_1.created_at AS fee_records_1_created_at, fee_records_1.updated_at AS fee_records_1_updated_at 
FROM students LEFT OUTER JOIN fee_records AS fee_records_1 ON students.id = fee_records_1.student_id 
WHERE students.school_id = ? AND students.is_active = 1 ORDER BY students.student_name
2026-08-01 13:52:28 | INFO     | sqlalchemy.engine.Engine | SELECT students.id AS students_id, students.school_id AS students_school_id, students.student_name AS students_student_name, students.class_name AS students_class_name, students.parent_name AS students_parent_name, students.parent_phone AS students_parent_phone, students.parent_email AS students_parent_email, students.is_active AS students_is_active, students.created_at AS students_created_at, fee_records_1.id AS fee_records_1_id, fee_records_1.student_id AS fee_records_1_student_id, fee_records_1.fee_type_id AS fee_records_1_fee_type_id, fee_records_1.total_fees_kobo AS fee_records_1_total_fees_kobo, fee_records_1.amount_paid_kobo AS fee_records_1_amount_paid_kobo, fee_records_1.status AS fee_records_1_status, fee_records_1.created_at AS fee_records_1_created_at, fee_records_1.updated_at AS fee_records_1_updated_at 
FROM students LEFT OUTER JOIN fee_records AS fee_records_1 ON students.id = fee_records_1.student_id 
WHERE students.school_id = ? AND students.is_active = 1 ORDER BY students.student_name
2026-08-01 13:52:28,274 INFO sqlalchemy.engine.Engine [cached since 1055s ago] (1,)
2026-08-01 13:52:28 | INFO     | sqlalchemy.engine.Engine | [cached since 1055s ago] (1,)
INFO:     127.0.0.1:54524 - "GET /api/v1/dashboard/students?school_id=1 HTTP/1.1" 200 OK
2026-08-01 13:52:28,284 INFO sqlalchemy.engine.Engine ROLLBACK
2026-08-01 13:52:28 | INFO     | sqlalchemy.engine.Engine | ROLLBACK
INFO:     127.0.0.1:54959 - "GET / HTTP/1.1" 304 Not Modified
INFO:     127.0.0.1:54959 - "GET /app.js HTTP/1.1" 304 Not Modified
2026-08-01 13:57:32,153 INFO sqlalchemy.engine.Engine BEGIN (implicit)
2026-08-01 13:57:32 | INFO     | sqlalchemy.engine.Engine | BEGIN (implicit)
2026-08-01 13:57:32,154 INFO sqlalchemy.engine.Engine SELECT users.id AS users_id, users.school_id AS users_school_id, users.email AS users_email, users.hashed_password AS users_hashed_password, users.role AS users_role, users.is_active AS users_is_active, users.created_at AS users_created_at, users.last_login AS users_last_login 
FROM users 
WHERE users.id = ?
 LIMIT ? OFFSET ?
2026-08-01 13:57:32 | INFO     | sqlalchemy.engine.Engine | SELECT users.id AS users_id, users.school_id AS users_school_id, users.email AS users_email, users.hashed_password AS users_hashed_password, users.role AS users_role, users.is_active AS users_is_active, users.created_at AS users_created_at, users.last_login AS users_last_login 
FROM users 
WHERE users.id = ?
 LIMIT ? OFFSET ?
2026-08-01 13:57:32,154 INFO sqlalchemy.engine.Engine [cached since 1412s ago] (1, 1, 0)
2026-08-01 13:57:32 | INFO     | sqlalchemy.engine.Engine | [cached since 1412s ago] (1, 1, 0)
INFO:     127.0.0.1:54959 - "GET /api/v1/auth/me HTTP/1.1" 200 OK
2026-08-01 13:57:32,165 INFO sqlalchemy.engine.Engine ROLLBACK
2026-08-01 13:57:32 | INFO     | sqlalchemy.engine.Engine | ROLLBACK
2026-08-01 13:57:32,452 INFO sqlalchemy.engine.Engine BEGIN (implicit)
2026-08-01 13:57:32 | INFO     | sqlalchemy.engine.Engine | BEGIN (implicit)
2026-08-01 13:57:32,452 INFO sqlalchemy.engine.Engine SELECT users.id AS users_id, users.school_id AS users_school_id, users.email AS users_email, users.hashed_password AS users_hashed_password, users.role AS users_role, users.is_active AS users_is_active, users.created_at AS users_created_at, users.last_login AS users_last_login 
FROM users 
WHERE users.id = ?
 LIMIT ? OFFSET ?
2026-08-01 13:57:32 | INFO     | sqlalchemy.engine.Engine | SELECT users.id AS users_id, users.school_id AS users_school_id, users.email AS users_email, users.hashed_password AS users_hashed_password, users.role AS users_role, users.is_active AS users_is_active, users.created_at AS users_created_at, users.last_login AS users_last_login 
FROM users 
WHERE users.id = ?
 LIMIT ? OFFSET ?
2026-08-01 13:57:32,452 INFO sqlalchemy.engine.Engine [cached since 1412s ago] (1, 1, 0)
2026-08-01 13:57:32 | INFO     | sqlalchemy.engine.Engine | [cached since 1412s ago] (1, 1, 0)
2026-08-01 13:57:32,453 INFO sqlalchemy.engine.Engine BEGIN (implicit)
2026-08-01 13:57:32 | INFO     | sqlalchemy.engine.Engine | BEGIN (implicit)
2026-08-01 13:57:32,454 INFO sqlalchemy.engine.Engine BEGIN (implicit)
2026-08-01 13:57:32,454 INFO sqlalchemy.engine.Engine SELECT users.id AS users_id, users.school_id AS users_school_id, users.email AS users_email, users.hashed_password AS users_hashed_password, users.role AS users_role, users.is_active AS users_is_active, users.created_at AS users_created_at, users.last_login AS users_last_login 
FROM users 
WHERE users.id = ?
 LIMIT ? OFFSET ?
2026-08-01 13:57:32 | INFO     | sqlalchemy.engine.Engine | BEGIN (implicit)
2026-08-01 13:57:32 | INFO     | sqlalchemy.engine.Engine | SELECT users.id AS users_id, users.school_id AS users_school_id, users.email AS users_email, users.hashed_password AS users_hashed_password, users.role AS users_role, users.is_active AS users_is_active, users.created_at AS users_created_at, users.last_login AS users_last_login 
FROM users 
WHERE users.id = ?
 LIMIT ? OFFSET ?
2026-08-01 13:57:32,455 INFO sqlalchemy.engine.Engine [cached since 1412s ago] (1, 1, 0)
2026-08-01 13:57:32 | INFO     | sqlalchemy.engine.Engine | [cached since 1412s ago] (1, 1, 0)
2026-08-01 13:57:32,457 INFO sqlalchemy.engine.Engine SELECT activity_logs.id AS activity_logs_id, activity_logs.school_id AS activity_logs_school_id, activity_logs.student_id AS activity_logs_student_id, activity_logs.action AS activity_logs_action, activity_logs.description AS activity_logs_description, activity_logs.created_at AS activity_logs_created_at 
FROM activity_logs 
WHERE activity_logs.school_id = ? ORDER BY activity_logs.created_at DESC
 LIMIT ? OFFSET ?
2026-08-01 13:57:32 | INFO     | sqlalchemy.engine.Engine | SELECT activity_logs.id AS activity_logs_id, activity_logs.school_id AS activity_logs_school_id, activity_logs.student_id AS activity_logs_student_id, activity_logs.action AS activity_logs_action, activity_logs.description AS activity_logs_description, activity_logs.created_at AS activity_logs_created_at 
FROM activity_logs 
WHERE activity_logs.school_id = ? ORDER BY activity_logs.created_at DESC
 LIMIT ? OFFSET ?
2026-08-01 13:57:32,458 INFO sqlalchemy.engine.Engine [cached since 1359s ago] (1, 6, 0)
2026-08-01 13:57:32 | INFO     | sqlalchemy.engine.Engine | [cached since 1359s ago] (1, 6, 0)
2026-08-01 13:57:32,455 INFO sqlalchemy.engine.Engine SELECT users.id AS users_id, users.school_id AS users_school_id, users.email AS users_email, users.hashed_password AS users_hashed_password, users.role AS users_role, users.is_active AS users_is_active, users.created_at AS users_created_at, users.last_login AS users_last_login 
FROM users 
WHERE users.id = ?
 LIMIT ? OFFSET ?
2026-08-01 13:57:32 | INFO     | sqlalchemy.engine.Engine | SELECT users.id AS users_id, users.school_id AS users_school_id, users.email AS users_email, users.hashed_password AS users_hashed_password, users.role AS users_role, users.is_active AS users_is_active, users.created_at AS users_created_at, users.last_login AS users_last_login 
FROM users 
WHERE users.id = ?
 LIMIT ? OFFSET ?
2026-08-01 13:57:32,459 INFO sqlalchemy.engine.Engine [cached since 1412s ago] (1, 1, 0)
2026-08-01 13:57:32 | INFO     | sqlalchemy.engine.Engine | [cached since 1412s ago] (1, 1, 0)
2026-08-01 13:57:32,462 INFO sqlalchemy.engine.Engine SELECT schools.id AS schools_id, schools.name AS schools_name, schools.slug AS schools_slug, schools.phone AS schools_phone, schools.email AS schools_email, schools.address AS schools_address, schools.is_active AS schools_is_active, schools.created_at AS schools_created_at 
FROM schools 
WHERE schools.id = ?
 LIMIT ? OFFSET ?
2026-08-01 13:57:32 | INFO     | sqlalchemy.engine.Engine | SELECT schools.id AS schools_id, schools.name AS schools_name, schools.slug AS schools_slug, schools.phone AS schools_phone, schools.email AS schools_email, schools.address AS schools_address, schools.is_active AS schools_is_active, schools.created_at AS schools_created_at 
FROM schools 
WHERE schools.id = ?
 LIMIT ? OFFSET ?
2026-08-01 13:57:32,462 INFO sqlalchemy.engine.Engine [cached since 1412s ago] (1, 1, 0)
2026-08-01 13:57:32 | INFO     | sqlalchemy.engine.Engine | [cached since 1412s ago] (1, 1, 0)
2026-08-01 13:57:32,471 INFO sqlalchemy.engine.Engine SELECT schools.id AS schools_id, schools.name AS schools_name, schools.slug AS schools_slug, schools.phone AS schools_phone, schools.email AS schools_email, schools.address AS schools_address, schools.is_active AS schools_is_active, schools.created_at AS schools_created_at 
FROM schools 
WHERE schools.id = ?
 LIMIT ? OFFSET ?
2026-08-01 13:57:32 | INFO     | sqlalchemy.engine.Engine | SELECT schools.id AS schools_id, schools.name AS schools_name, schools.slug AS schools_slug, schools.phone AS schools_phone, schools.email AS schools_email, schools.address AS schools_address, schools.is_active AS schools_is_active, schools.created_at AS schools_created_at 
FROM schools 
WHERE schools.id = ?
 LIMIT ? OFFSET ?
2026-08-01 13:57:32,472 INFO sqlalchemy.engine.Engine SELECT students.id AS students_id, students.school_id AS students_school_id, students.student_name AS students_student_name, students.class_name AS students_class_name, students.parent_name AS students_parent_name, students.parent_phone AS students_parent_phone, students.parent_email AS students_parent_email, students.is_active AS students_is_active, students.created_at AS students_created_at, fee_records_1.id AS fee_records_1_id, fee_records_1.student_id AS fee_records_1_student_id, fee_records_1.fee_type_id AS fee_records_1_fee_type_id, fee_records_1.total_fees_kobo AS fee_records_1_total_fees_kobo, fee_records_1.amount_paid_kobo AS fee_records_1_amount_paid_kobo, fee_records_1.status AS fee_records_1_status, fee_records_1.created_at AS fee_records_1_created_at, fee_records_1.updated_at AS fee_records_1_updated_at 
FROM students LEFT OUTER JOIN fee_records AS fee_records_1 ON students.id = fee_records_1.student_id 
WHERE students.school_id = ? AND students.is_active = 1
INFO:     127.0.0.1:54960 - "GET /api/v1/activity/?school_id=1&limit=6 HTTP/1.1" 200 OK
2026-08-01 13:57:32,473 INFO sqlalchemy.engine.Engine [cached since 1412s ago] (1, 1, 0)
2026-08-01 13:57:32 | INFO     | sqlalchemy.engine.Engine | [cached since 1412s ago] (1, 1, 0)
2026-08-01 13:57:32,474 INFO sqlalchemy.engine.Engine ROLLBACK
2026-08-01 13:57:32 | INFO     | sqlalchemy.engine.Engine | ROLLBACK
2026-08-01 13:57:32,480 INFO sqlalchemy.engine.Engine SELECT students.id AS students_id, students.school_id AS students_school_id, students.student_name AS students_student_name, students.class_name AS students_class_name, students.parent_name AS students_parent_name, students.parent_phone AS students_parent_phone, students.parent_email AS students_parent_email, students.is_active AS students_is_active, students.created_at AS students_created_at, fee_records_1.id AS fee_records_1_id, fee_records_1.student_id AS fee_records_1_student_id, fee_records_1.fee_type_id AS fee_records_1_fee_type_id, fee_records_1.total_fees_kobo AS fee_records_1_total_fees_kobo, fee_records_1.amount_paid_kobo AS fee_records_1_amount_paid_kobo, fee_records_1.status AS fee_records_1_status, fee_records_1.created_at AS fee_records_1_created_at, fee_records_1.updated_at AS fee_records_1_updated_at 
FROM students LEFT OUTER JOIN fee_records AS fee_records_1 ON students.id = fee_records_1.student_id 
WHERE students.school_id = ? AND students.is_active = 1 ORDER BY students.student_name
2026-08-01 13:57:32 | INFO     | sqlalchemy.engine.Engine | SELECT students.id AS students_id, students.school_id AS students_school_id, students.student_name AS students_student_name, students.class_name AS students_class_name, students.parent_name AS students_parent_name, students.parent_phone AS students_parent_phone, students.parent_email AS students_parent_email, students.is_active AS students_is_active, students.created_at AS students_created_at, fee_records_1.id AS fee_records_1_id, fee_records_1.student_id AS fee_records_1_student_id, fee_records_1.fee_type_id AS fee_records_1_fee_type_id, fee_records_1.total_fees_kobo AS fee_records_1_total_fees_kobo, fee_records_1.amount_paid_kobo AS fee_records_1_amount_paid_kobo, fee_records_1.status AS fee_records_1_status, fee_records_1.created_at AS fee_records_1_created_at, fee_records_1.updated_at AS fee_records_1_updated_at 
FROM students LEFT OUTER JOIN fee_records AS fee_records_1 ON students.id = fee_records_1.student_id 
WHERE students.school_id = ? AND students.is_active = 1 ORDER BY students.student_name
2026-08-01 13:57:32,481 INFO sqlalchemy.engine.Engine [cached since 1359s ago] (1,)
2026-08-01 13:57:32 | INFO     | sqlalchemy.engine.Engine | SELECT students.id AS students_id, students.school_id AS students_school_id, students.student_name AS students_student_name, students.class_name AS students_class_name, students.parent_name AS students_parent_name, students.parent_phone AS students_parent_phone, students.parent_email AS students_parent_email, students.is_active AS students_is_active, students.created_at AS students_created_at, fee_records_1.id AS fee_records_1_id, fee_records_1.student_id AS fee_records_1_student_id, fee_records_1.fee_type_id AS fee_records_1_fee_type_id, fee_records_1.total_fees_kobo AS fee_records_1_total_fees_kobo, fee_records_1.amount_paid_kobo AS fee_records_1_amount_paid_kobo, fee_records_1.status AS fee_records_1_status, fee_records_1.created_at AS fee_records_1_created_at, fee_records_1.updated_at AS fee_records_1_updated_at 
FROM students LEFT OUTER JOIN fee_records AS fee_records_1 ON students.id = fee_records_1.student_id 
WHERE students.school_id = ? AND students.is_active = 1
2026-08-01 13:57:32 | INFO     | sqlalchemy.engine.Engine | [cached since 1359s ago] (1,)
2026-08-01 13:57:32,482 INFO sqlalchemy.engine.Engine [cached since 1412s ago] (1,)
2026-08-01 13:57:32 | INFO     | sqlalchemy.engine.Engine | [cached since 1412s ago] (1,)
2026-08-01 13:57:32,488 INFO sqlalchemy.engine.Engine BEGIN (implicit)
2026-08-01 13:57:32 | INFO     | sqlalchemy.engine.Engine | BEGIN (implicit)
INFO:     127.0.0.1:54959 - "GET /api/v1/dashboard/summary?school_id=1 HTTP/1.1" 200 OK
2026-08-01 13:57:32,489 INFO sqlalchemy.engine.Engine SELECT users.id AS users_id, users.school_id AS users_school_id, users.email AS users_email, users.hashed_password AS users_hashed_password, users.role AS users_role, users.is_active AS users_is_active, users.created_at AS users_created_at, users.last_login AS users_last_login 
FROM users 
WHERE users.id = ?
 LIMIT ? OFFSET ?
2026-08-01 13:57:32 | INFO     | sqlalchemy.engine.Engine | SELECT users.id AS users_id, users.school_id AS users_school_id, users.email AS users_email, users.hashed_password AS users_hashed_password, users.role AS users_role, users.is_active AS users_is_active, users.created_at AS users_created_at, users.last_login AS users_last_login 
FROM users 
WHERE users.id = ?
 LIMIT ? OFFSET ?
2026-08-01 13:57:32,490 INFO sqlalchemy.engine.Engine [cached since 1412s ago] (1, 1, 0)
2026-08-01 13:57:32 | INFO     | sqlalchemy.engine.Engine | [cached since 1412s ago] (1, 1, 0)
INFO:     127.0.0.1:54961 - "GET /api/v1/dashboard/students?school_id=1 HTTP/1.1" 200 OK
2026-08-01 13:57:32,497 INFO sqlalchemy.engine.Engine ROLLBACK
2026-08-01 13:57:32 | INFO     | sqlalchemy.engine.Engine | ROLLBACK
2026-08-01 13:57:32,497 INFO sqlalchemy.engine.Engine ROLLBACK
2026-08-01 13:57:32 | INFO     | sqlalchemy.engine.Engine | ROLLBACK
2026-08-01 13:57:32,498 INFO sqlalchemy.engine.Engine SELECT fee_types.id AS fee_types_id, fee_types.school_id AS fee_types_school_id, fee_types.name AS fee_types_name, fee_types.term AS fee_types_term, fee_types.amount_kobo AS fee_types_amount_kobo, fee_types.created_at AS fee_types_created_at 
FROM fee_types 
WHERE fee_types.school_id = ? ORDER BY fee_types.term DESC, fee_types.name
2026-08-01 13:57:32 | INFO     | sqlalchemy.engine.Engine | SELECT fee_types.id AS fee_types_id, fee_types.school_id AS fee_types_school_id, fee_types.name AS fee_types_name, fee_types.term AS fee_types_term, fee_types.amount_kobo AS fee_types_amount_kobo, fee_types.created_at AS fee_types_created_at 
FROM fee_types 
WHERE fee_types.school_id = ? ORDER BY fee_types.term DESC, fee_types.name
2026-08-01 13:57:32,500 INFO sqlalchemy.engine.Engine [cached since 1359s ago] (1,)
2026-08-01 13:57:32 | INFO     | sqlalchemy.engine.Engine | [cached since 1359s ago] (1,)
2026-08-01 13:57:32,504 INFO sqlalchemy.engine.Engine BEGIN (implicit)
2026-08-01 13:57:32 | INFO     | sqlalchemy.engine.Engine | BEGIN (implicit)
2026-08-01 13:57:32,505 INFO sqlalchemy.engine.Engine SELECT users.id AS users_id, users.school_id AS users_school_id, users.email AS users_email, users.hashed_password AS users_hashed_password, users.role AS users_role, users.is_active AS users_is_active, users.created_at AS users_created_at, users.last_login AS users_last_login 
FROM users 
WHERE users.id = ?
 LIMIT ? OFFSET ?
2026-08-01 13:57:32 | INFO     | sqlalchemy.engine.Engine | SELECT users.id AS users_id, users.school_id AS users_school_id, users.email AS users_email, users.hashed_password AS users_hashed_password, users.role AS users_role, users.is_active AS users_is_active, users.created_at AS users_created_at, users.last_login AS users_last_login 
FROM users 
WHERE users.id = ?
 LIMIT ? OFFSET ?
INFO:     127.0.0.1:54960 - "GET /api/v1/fees/types?school_id=1 HTTP/1.1" 200 OK
2026-08-01 13:57:32,506 INFO sqlalchemy.engine.Engine [cached since 1413s ago] (1, 1, 0)
2026-08-01 13:57:32 | INFO     | sqlalchemy.engine.Engine | [cached since 1413s ago] (1, 1, 0)
2026-08-01 13:57:32,512 INFO sqlalchemy.engine.Engine SELECT activity_logs.id AS activity_logs_id, activity_logs.school_id AS activity_logs_school_id, activity_logs.student_id AS activity_logs_student_id, activity_logs.action AS activity_logs_action, activity_logs.description AS activity_logs_description, activity_logs.created_at AS activity_logs_created_at 
FROM activity_logs 
WHERE activity_logs.school_id = ? ORDER BY activity_logs.created_at DESC
 LIMIT ? OFFSET ?
2026-08-01 13:57:32 | INFO     | sqlalchemy.engine.Engine | SELECT activity_logs.id AS activity_logs_id, activity_logs.school_id AS activity_logs_school_id, activity_logs.student_id AS activity_logs_student_id, activity_logs.action AS activity_logs_action, activity_logs.description AS activity_logs_description, activity_logs.created_at AS activity_logs_created_at 
FROM activity_logs 
WHERE activity_logs.school_id = ? ORDER BY activity_logs.created_at DESC
 LIMIT ? OFFSET ?
2026-08-01 13:57:32,512 INFO sqlalchemy.engine.Engine ROLLBACK
2026-08-01 13:57:32 | INFO     | sqlalchemy.engine.Engine | ROLLBACK
2026-08-01 13:57:32,512 INFO sqlalchemy.engine.Engine [cached since 1359s ago] (1, 100, 0)
2026-08-01 13:57:32 | INFO     | sqlalchemy.engine.Engine | [cached since 1359s ago] (1, 100, 0)
INFO:     127.0.0.1:54959 - "GET /api/v1/activity/?school_id=1&limit=100 HTTP/1.1" 200 OK
2026-08-01 13:57:32,516 INFO sqlalchemy.engine.Engine ROLLBACK
2026-08-01 13:57:32 | INFO     | sqlalchemy.engine.Engine | ROLLBACK
INFO:     127.0.0.1:55798 - "POST /api/v1/auth/logout HTTP/1.1" 200 OK
2026-08-01 14:08:43,333 INFO sqlalchemy.engine.Engine BEGIN (implicit)
2026-08-01 14:08:43 | INFO     | sqlalchemy.engine.Engine | BEGIN (implicit)
2026-08-01 14:08:43,457 INFO sqlalchemy.engine.Engine SELECT users.id AS users_id, users.school_id AS users_school_id, users.email AS users_email, users.hashed_password AS users_hashed_password, users.role AS users_role, users.is_active AS users_is_active, users.created_at AS users_created_at, users.last_login AS users_last_login 
FROM users 
WHERE users.email = ?
 LIMIT ? OFFSET ?
2026-08-01 14:08:43 | INFO     | sqlalchemy.engine.Engine | SELECT users.id AS users_id, users.school_id AS users_school_id, users.email AS users_email, users.hashed_password AS users_hashed_password, users.role AS users_role, users.is_active AS users_is_active, users.created_at AS users_created_at, users.last_login AS users_last_login 
FROM users 
WHERE users.email = ?
 LIMIT ? OFFSET ?
2026-08-01 14:08:43,460 INFO sqlalchemy.engine.Engine [cached since 2116s ago] ('admin@jummikville.sch', 1, 0)
2026-08-01 14:08:43 | INFO     | sqlalchemy.engine.Engine | [cached since 2116s ago] ('admin@jummikville.sch', 1, 0)
2026-08-01 14:08:43,815 INFO sqlalchemy.engine.Engine UPDATE users SET last_login=? WHERE users.id = ?
2026-08-01 14:08:43 | INFO     | sqlalchemy.engine.Engine | UPDATE users SET last_login=? WHERE users.id = ?
2026-08-01 14:08:43,815 INFO sqlalchemy.engine.Engine [cached since 2085s ago] ('2026-08-01 13:08:43.794954', 1)
2026-08-01 14:08:43 | INFO     | sqlalchemy.engine.Engine | [cached since 2085s ago] ('2026-08-01 13:08:43.794954', 1)
2026-08-01 14:08:43,840 INFO sqlalchemy.engine.Engine COMMIT
2026-08-01 14:08:43 | INFO     | sqlalchemy.engine.Engine | COMMIT
2026-08-01 14:08:43,879 INFO sqlalchemy.engine.Engine BEGIN (implicit)
2026-08-01 14:08:43 | INFO     | sqlalchemy.engine.Engine | BEGIN (implicit)
2026-08-01 14:08:43,880 INFO sqlalchemy.engine.Engine SELECT users.id, users.school_id, users.email, users.hashed_password, users.role, users.is_active, users.created_at, users.last_login 
FROM users 
WHERE users.id = ?
2026-08-01 14:08:43 | INFO     | sqlalchemy.engine.Engine | SELECT users.id, users.school_id, users.email, users.hashed_password, users.role, users.is_active, users.created_at, users.last_login 
FROM users 
WHERE users.id = ?
2026-08-01 14:08:43,880 INFO sqlalchemy.engine.Engine [cached since 2085s ago] (1,)
2026-08-01 14:08:43 | INFO     | sqlalchemy.engine.Engine | [cached since 2085s ago] (1,)
2026-08-01 14:08:43 | INFO     | app.routers.auth | Login successful: admin@jummikville.sch (id=1)
INFO:     127.0.0.1:55799 - "POST /api/v1/auth/login HTTP/1.1" 200 OK
2026-08-01 14:08:43,890 INFO sqlalchemy.engine.Engine ROLLBACK
2026-08-01 14:08:43 | INFO     | sqlalchemy.engine.Engine | ROLLBACK
2026-08-01 14:08:43,919 INFO sqlalchemy.engine.Engine BEGIN (implicit)
2026-08-01 14:08:43 | INFO     | sqlalchemy.engine.Engine | BEGIN (implicit)
2026-08-01 14:08:43,921 INFO sqlalchemy.engine.Engine SELECT users.id AS users_id, users.school_id AS users_school_id, users.email AS users_email, users.hashed_password AS users_hashed_password, users.role AS users_role, users.is_active AS users_is_active, users.created_at AS users_created_at, users.last_login AS users_last_login 
FROM users 
WHERE users.id = ?
 LIMIT ? OFFSET ?
2026-08-01 14:08:43 | INFO     | sqlalchemy.engine.Engine | SELECT users.id AS users_id, users.school_id AS users_school_id, users.email AS users_email, users.hashed_password AS users_hashed_password, users.role AS users_role, users.is_active AS users_is_active, users.created_at AS users_created_at, users.last_login AS users_last_login 
FROM users 
WHERE users.id = ?
 LIMIT ? OFFSET ?
2026-08-01 14:08:43,921 INFO sqlalchemy.engine.Engine [cached since 2084s ago] (1, 1, 0)
2026-08-01 14:08:43 | INFO     | sqlalchemy.engine.Engine | [cached since 2084s ago] (1, 1, 0)
2026-08-01 14:08:43,928 INFO sqlalchemy.engine.Engine SELECT schools.id AS schools_id, schools.name AS schools_name, schools.slug AS schools_slug, schools.phone AS schools_phone, schools.email AS schools_email, schools.address AS schools_address, schools.is_active AS schools_is_active, schools.created_at AS schools_created_at 
FROM schools 
WHERE schools.id = ?
 LIMIT ? OFFSET ?
2026-08-01 14:08:43 | INFO     | sqlalchemy.engine.Engine | SELECT schools.id AS schools_id, schools.name AS schools_name, schools.slug AS schools_slug, schools.phone AS schools_phone, schools.email AS schools_email, schools.address AS schools_address, schools.is_active AS schools_is_active, schools.created_at AS schools_created_at 
FROM schools 
WHERE schools.id = ?
 LIMIT ? OFFSET ?
2026-08-01 14:08:43,928 INFO sqlalchemy.engine.Engine [cached since 2084s ago] (1, 1, 0)
2026-08-01 14:08:43 | INFO     | sqlalchemy.engine.Engine | [cached since 2084s ago] (1, 1, 0)
2026-08-01 14:08:43,933 INFO sqlalchemy.engine.Engine SELECT students.id AS students_id, students.school_id AS students_school_id, students.student_name AS students_student_name, students.class_name AS students_class_name, students.parent_name AS students_parent_name, students.parent_phone AS students_parent_phone, students.parent_email AS students_parent_email, students.is_active AS students_is_active, students.created_at AS students_created_at, fee_records_1.id AS fee_records_1_id, fee_records_1.student_id AS fee_records_1_student_id, fee_records_1.fee_type_id AS fee_records_1_fee_type_id, fee_records_1.total_fees_kobo AS fee_records_1_total_fees_kobo, fee_records_1.amount_paid_kobo AS fee_records_1_amount_paid_kobo, fee_records_1.status AS fee_records_1_status, fee_records_1.created_at AS fee_records_1_created_at, fee_records_1.updated_at AS fee_records_1_updated_at 
FROM students LEFT OUTER JOIN fee_records AS fee_records_1 ON students.id = fee_records_1.student_id 
WHERE students.school_id = ? AND students.is_active = 1
2026-08-01 14:08:43 | INFO     | sqlalchemy.engine.Engine | SELECT students.id AS students_id, students.school_id AS students_school_id, students.student_name AS students_student_name, students.class_name AS students_class_name, students.parent_name AS students_parent_name, students.parent_phone AS students_parent_phone, students.parent_email AS students_parent_email, students.is_active AS students_is_active, students.created_at AS students_created_at, fee_records_1.id AS fee_records_1_id, fee_records_1.student_id AS fee_records_1_student_id, fee_records_1.fee_type_id AS fee_records_1_fee_type_id, fee_records_1.total_fees_kobo AS fee_records_1_total_fees_kobo, fee_records_1.amount_paid_kobo AS fee_records_1_amount_paid_kobo, fee_records_1.status AS fee_records_1_status, fee_records_1.created_at AS fee_records_1_created_at, fee_records_1.updated_at AS fee_records_1_updated_at 
FROM students LEFT OUTER JOIN fee_records AS fee_records_1 ON students.id = fee_records_1.student_id 
WHERE students.school_id = ? AND students.is_active = 1
2026-08-01 14:08:44,043 INFO sqlalchemy.engine.Engine [cached since 2084s ago] (1,)
2026-08-01 14:08:44 | INFO     | sqlalchemy.engine.Engine | [cached since 2084s ago] (1,)
INFO:     127.0.0.1:55799 - "GET /api/v1/dashboard/summary?school_id=1 HTTP/1.1" 200 OK
2026-08-01 14:08:44,074 INFO sqlalchemy.engine.Engine ROLLBACK
2026-08-01 14:08:44 | INFO     | sqlalchemy.engine.Engine | ROLLBACK
2026-08-01 14:08:44,098 INFO sqlalchemy.engine.Engine BEGIN (implicit)
2026-08-01 14:08:44 | INFO     | sqlalchemy.engine.Engine | BEGIN (implicit)
2026-08-01 14:08:44,099 INFO sqlalchemy.engine.Engine SELECT users.id AS users_id, users.school_id AS users_school_id, users.email AS users_email, users.hashed_password AS users_hashed_password, users.role AS users_role, users.is_active AS users_is_active, users.created_at AS users_created_at, users.last_login AS users_last_login 
FROM users 
WHERE users.id = ?
 LIMIT ? OFFSET ?
2026-08-01 14:08:44 | INFO     | sqlalchemy.engine.Engine | SELECT users.id AS users_id, users.school_id AS users_school_id, users.email AS users_email, users.hashed_password AS users_hashed_password, users.role AS users_role, users.is_active AS users_is_active, users.created_at AS users_created_at, users.last_login AS users_last_login 
FROM users 
WHERE users.id = ?
 LIMIT ? OFFSET ?
2026-08-01 14:08:44,099 INFO sqlalchemy.engine.Engine [cached since 2084s ago] (1, 1, 0)
2026-08-01 14:08:44 | INFO     | sqlalchemy.engine.Engine | [cached since 2084s ago] (1, 1, 0)
2026-08-01 14:08:44,109 INFO sqlalchemy.engine.Engine SELECT schools.id AS schools_id, schools.name AS schools_name, schools.slug AS schools_slug, schools.phone AS schools_phone, schools.email AS schools_email, schools.address AS schools_address, schools.is_active AS schools_is_active, schools.created_at AS schools_created_at 
FROM schools 
WHERE schools.id = ?
 LIMIT ? OFFSET ?
2026-08-01 14:08:44 | INFO     | sqlalchemy.engine.Engine | SELECT schools.id AS schools_id, schools.name AS schools_name, schools.slug AS schools_slug, schools.phone AS schools_phone, schools.email AS schools_email, schools.address AS schools_address, schools.is_active AS schools_is_active, schools.created_at AS schools_created_at 
FROM schools 
WHERE schools.id = ?
 LIMIT ? OFFSET ?
2026-08-01 14:08:44,109 INFO sqlalchemy.engine.Engine [cached since 2084s ago] (1, 1, 0)
2026-08-01 14:08:44 | INFO     | sqlalchemy.engine.Engine | [cached since 2084s ago] (1, 1, 0)
2026-08-01 14:08:44,115 INFO sqlalchemy.engine.Engine SELECT students.id AS students_id, students.school_id AS students_school_id, students.student_name AS students_student_name, students.class_name AS students_class_name, students.parent_name AS students_parent_name, students.parent_phone AS students_parent_phone, students.parent_email AS students_parent_email, students.is_active AS students_is_active, students.created_at AS students_created_at, fee_records_1.id AS fee_records_1_id, fee_records_1.student_id AS fee_records_1_student_id, fee_records_1.fee_type_id AS fee_records_1_fee_type_id, fee_records_1.total_fees_kobo AS fee_records_1_total_fees_kobo, fee_records_1.amount_paid_kobo AS fee_records_1_amount_paid_kobo, fee_records_1.status AS fee_records_1_status, fee_records_1.created_at AS fee_records_1_created_at, fee_records_1.updated_at AS fee_records_1_updated_at 
FROM students LEFT OUTER JOIN fee_records AS fee_records_1 ON students.id = fee_records_1.student_id 
WHERE students.school_id = ? AND students.is_active = 1 ORDER BY students.student_name
2026-08-01 14:08:44 | INFO     | sqlalchemy.engine.Engine | SELECT students.id AS students_id, students.school_id AS students_school_id, students.student_name AS students_student_name, students.class_name AS students_class_name, students.parent_name AS students_parent_name, students.parent_phone AS students_parent_phone, students.parent_email AS students_parent_email, students.is_active AS students_is_active, students.created_at AS students_created_at, fee_records_1.id AS fee_records_1_id, fee_records_1.student_id AS fee_records_1_student_id, fee_records_1.fee_type_id AS fee_records_1_fee_type_id, fee_records_1.total_fees_kobo AS fee_records_1_total_fees_kobo, fee_records_1.amount_paid_kobo AS fee_records_1_amount_paid_kobo, fee_records_1.status AS fee_records_1_status, fee_records_1.created_at AS fee_records_1_created_at, fee_records_1.updated_at AS fee_records_1_updated_at 
FROM students LEFT OUTER JOIN fee_records AS fee_records_1 ON students.id = fee_records_1.student_id 
WHERE students.school_id = ? AND students.is_active = 1 ORDER BY students.student_name
2026-08-01 14:08:44,116 INFO sqlalchemy.engine.Engine [cached since 2030s ago] (1,)
2026-08-01 14:08:44 | INFO     | sqlalchemy.engine.Engine | [cached since 2030s ago] (1,)
INFO:     127.0.0.1:55799 - "GET /api/v1/dashboard/students?school_id=1 HTTP/1.1" 200 OK
2026-08-01 14:08:44,119 INFO sqlalchemy.engine.Engine ROLLBACK
2026-08-01 14:08:44 | INFO     | sqlalchemy.engine.Engine | ROLLBACK
2026-08-01 14:08:44,125 INFO sqlalchemy.engine.Engine BEGIN (implicit)
2026-08-01 14:08:44 | INFO     | sqlalchemy.engine.Engine | BEGIN (implicit)
2026-08-01 14:08:44,126 INFO sqlalchemy.engine.Engine SELECT users.id AS users_id, users.school_id AS users_school_id, users.email AS users_email, users.hashed_password AS users_hashed_password, users.role AS users_role, users.is_active AS users_is_active, users.created_at AS users_created_at, users.last_login AS users_last_login 
FROM users 
WHERE users.id = ?
 LIMIT ? OFFSET ?
2026-08-01 14:08:44 | INFO     | sqlalchemy.engine.Engine | SELECT users.id AS users_id, users.school_id AS users_school_id, users.email AS users_email, users.hashed_password AS users_hashed_password, users.role AS users_role, users.is_active AS users_is_active, users.created_at AS users_created_at, users.last_login AS users_last_login 
FROM users 
WHERE users.id = ?
 LIMIT ? OFFSET ?
2026-08-01 14:08:44,128 INFO sqlalchemy.engine.Engine [cached since 2084s ago] (1, 1, 0)
2026-08-01 14:08:44 | INFO     | sqlalchemy.engine.Engine | [cached since 2084s ago] (1, 1, 0)
2026-08-01 14:08:44,133 INFO sqlalchemy.engine.Engine SELECT fee_types.id AS fee_types_id, fee_types.school_id AS fee_types_school_id, fee_types.name AS fee_types_name, fee_types.term AS fee_types_term, fee_types.amount_kobo AS fee_types_amount_kobo, fee_types.created_at AS fee_types_created_at 
FROM fee_types 
WHERE fee_types.school_id = ? ORDER BY fee_types.term DESC, fee_types.name
2026-08-01 14:08:44 | INFO     | sqlalchemy.engine.Engine | SELECT fee_types.id AS fee_types_id, fee_types.school_id AS fee_types_school_id, fee_types.name AS fee_types_name, fee_types.term AS fee_types_term, fee_types.amount_kobo AS fee_types_amount_kobo, fee_types.created_at AS fee_types_created_at 
FROM fee_types 
WHERE fee_types.school_id = ? ORDER BY fee_types.term DESC, fee_types.name
2026-08-01 14:08:44,133 INFO sqlalchemy.engine.Engine [cached since 2030s ago] (1,)
2026-08-01 14:08:44 | INFO     | sqlalchemy.engine.Engine | [cached since 2030s ago] (1,)
INFO:     127.0.0.1:55799 - "GET /api/v1/fees/types?school_id=1 HTTP/1.1" 200 OK
2026-08-01 14:08:44,137 INFO sqlalchemy.engine.Engine ROLLBACK
2026-08-01 14:08:44 | INFO     | sqlalchemy.engine.Engine | ROLLBACK
2026-08-01 14:08:44,149 INFO sqlalchemy.engine.Engine BEGIN (implicit)
2026-08-01 14:08:44 | INFO     | sqlalchemy.engine.Engine | BEGIN (implicit)
2026-08-01 14:08:44,149 INFO sqlalchemy.engine.Engine SELECT users.id AS users_id, users.school_id AS users_school_id, users.email AS users_email, users.hashed_password AS users_hashed_password, users.role AS users_role, users.is_active AS users_is_active, users.created_at AS users_created_at, users.last_login AS users_last_login 
FROM users 
WHERE users.id = ?
 LIMIT ? OFFSET ?
2026-08-01 14:08:44 | INFO     | sqlalchemy.engine.Engine | SELECT users.id AS users_id, users.school_id AS users_school_id, users.email AS users_email, users.hashed_password AS users_hashed_password, users.role AS users_role, users.is_active AS users_is_active, users.created_at AS users_created_at, users.last_login AS users_last_login 
FROM users 
WHERE users.id = ?
 LIMIT ? OFFSET ?
2026-08-01 14:08:44,150 INFO sqlalchemy.engine.Engine [cached since 2084s ago] (1, 1, 0)
2026-08-01 14:08:44 | INFO     | sqlalchemy.engine.Engine | [cached since 2084s ago] (1, 1, 0)
2026-08-01 14:08:44,159 INFO sqlalchemy.engine.Engine SELECT activity_logs.id AS activity_logs_id, activity_logs.school_id AS activity_logs_school_id, activity_logs.student_id AS activity_logs_student_id, activity_logs.action AS activity_logs_action, activity_logs.description AS activity_logs_description, activity_logs.created_at AS activity_logs_created_at 
FROM activity_logs 
WHERE activity_logs.school_id = ? ORDER BY activity_logs.created_at DESC
 LIMIT ? OFFSET ?
2026-08-01 14:08:44 | INFO     | sqlalchemy.engine.Engine | SELECT activity_logs.id AS activity_logs_id, activity_logs.school_id AS activity_logs_school_id, activity_logs.student_id AS activity_logs_student_id, activity_logs.action AS activity_logs_action, activity_logs.description AS activity_logs_description, activity_logs.created_at AS activity_logs_created_at 
FROM activity_logs 
WHERE activity_logs.school_id = ? ORDER BY activity_logs.created_at DESC
 LIMIT ? OFFSET ?
2026-08-01 14:08:44,159 INFO sqlalchemy.engine.Engine [cached since 2030s ago] (1, 100, 0)
2026-08-01 14:08:44 | INFO     | sqlalchemy.engine.Engine | [cached since 2030s ago] (1, 100, 0)
INFO:     127.0.0.1:55799 - "GET /api/v1/activity/?school_id=1&limit=100 HTTP/1.1" 200 OK
2026-08-01 14:08:44,165 INFO sqlalchemy.engine.Engine ROLLBACK
2026-08-01 14:08:44 | INFO     | sqlalchemy.engine.Engine | ROLLBACK
2026-08-01 14:08:44,171 INFO sqlalchemy.engine.Engine BEGIN (implicit)
2026-08-01 14:08:44 | INFO     | sqlalchemy.engine.Engine | BEGIN (implicit)
2026-08-01 14:08:44,174 INFO sqlalchemy.engine.Engine SELECT users.id AS users_id, users.school_id AS users_school_id, users.email AS users_email, users.hashed_password AS users_hashed_password, users.role AS users_role, users.is_active AS users_is_active, users.created_at AS users_created_at, users.last_login AS users_last_login 
FROM users 
WHERE users.id = ?
 LIMIT ? OFFSET ?
2026-08-01 14:08:44 | INFO     | sqlalchemy.engine.Engine | SELECT users.id AS users_id, users.school_id AS users_school_id, users.email AS users_email, users.hashed_password AS users_hashed_password, users.role AS users_role, users.is_active AS users_is_active, users.created_at AS users_created_at, users.last_login AS users_last_login 
FROM users 
WHERE users.id = ?
 LIMIT ? OFFSET ?
2026-08-01 14:08:44,174 INFO sqlalchemy.engine.Engine [cached since 2084s ago] (1, 1, 0)
2026-08-01 14:08:44 | INFO     | sqlalchemy.engine.Engine | [cached since 2084s ago] (1, 1, 0)
2026-08-01 14:08:44,178 INFO sqlalchemy.engine.Engine SELECT activity_logs.id AS activity_logs_id, activity_logs.school_id AS activity_logs_school_id, activity_logs.student_id AS activity_logs_student_id, activity_logs.action AS activity_logs_action, activity_logs.description AS activity_logs_description, activity_logs.created_at AS activity_logs_created_at 
FROM activity_logs 
WHERE activity_logs.school_id = ? ORDER BY activity_logs.created_at DESC
 LIMIT ? OFFSET ?
2026-08-01 14:08:44 | INFO     | sqlalchemy.engine.Engine | SELECT activity_logs.id AS activity_logs_id, activity_logs.school_id AS activity_logs_school_id, activity_logs.student_id AS activity_logs_student_id, activity_logs.action AS activity_logs_action, activity_logs.description AS activity_logs_description, activity_logs.created_at AS activity_logs_created_at 
FROM activity_logs 
WHERE activity_logs.school_id = ? ORDER BY activity_logs.created_at DESC
 LIMIT ? OFFSET ?
2026-08-01 14:08:44,178 INFO sqlalchemy.engine.Engine [cached since 2030s ago] (1, 6, 0)
2026-08-01 14:08:44 | INFO     | sqlalchemy.engine.Engine | [cached since 2030s ago] (1, 6, 0)
INFO:     127.0.0.1:55799 - "GET /api/v1/activity/?school_id=1&limit=6 HTTP/1.1" 200 OK
2026-08-01 14:08:44,182 INFO sqlalchemy.engine.Engine ROLLBACK
2026-08-01 14:08:44 | INFO     | sqlalchemy.engine.Engine | ROLLBACK
2026-08-01 14:09:00,114 INFO sqlalchemy.engine.Engine BEGIN (implicit)
2026-08-01 14:09:00 | INFO     | sqlalchemy.engine.Engine | BEGIN (implicit)
2026-08-01 14:09:00,115 INFO sqlalchemy.engine.Engine SELECT users.id AS users_id, users.school_id AS users_school_id, users.email AS users_email, users.hashed_password AS users_hashed_password, users.role AS users_role, users.is_active AS users_is_active, users.created_at AS users_created_at, users.last_login AS users_last_login 
FROM users 
WHERE users.id = ?
 LIMIT ? OFFSET ?
2026-08-01 14:09:00 | INFO     | sqlalchemy.engine.Engine | SELECT users.id AS users_id, users.school_id AS users_school_id, users.email AS users_email, users.hashed_password AS users_hashed_password, users.role AS users_role, users.is_active AS users_is_active, users.created_at AS users_created_at, users.last_login AS users_last_login 
FROM users 
WHERE users.id = ?
 LIMIT ? OFFSET ?
2026-08-01 14:09:00,115 INFO sqlalchemy.engine.Engine [cached since 2100s ago] (1, 1, 0)
2026-08-01 14:09:00 | INFO     | sqlalchemy.engine.Engine | [cached since 2100s ago] (1, 1, 0)
2026-08-01 14:09:00,118 INFO sqlalchemy.engine.Engine SELECT fee_types.id AS fee_types_id, fee_types.school_id AS fee_types_school_id, fee_types.name AS fee_types_name, fee_types.term AS fee_types_term, fee_types.amount_kobo AS fee_types_amount_kobo, fee_types.created_at AS fee_types_created_at 
FROM fee_types 
WHERE fee_types.school_id = ? ORDER BY fee_types.term DESC, fee_types.name
2026-08-01 14:09:00 | INFO     | sqlalchemy.engine.Engine | SELECT fee_types.id AS fee_types_id, fee_types.school_id AS fee_types_school_id, fee_types.name AS fee_types_name, fee_types.term AS fee_types_term, fee_types.amount_kobo AS fee_types_amount_kobo, fee_types.created_at AS fee_types_created_at 
FROM fee_types 
WHERE fee_types.school_id = ? ORDER BY fee_types.term DESC, fee_types.name
2026-08-01 14:09:00,118 INFO sqlalchemy.engine.Engine [cached since 2046s ago] (1,)
2026-08-01 14:09:00 | INFO     | sqlalchemy.engine.Engine | [cached since 2046s ago] (1,)
INFO:     127.0.0.1:55892 - "GET /api/v1/fees/types?school_id=1 HTTP/1.1" 200 OK
2026-08-01 14:09:00,122 INFO sqlalchemy.engine.Engine ROLLBACK
2026-08-01 14:09:00 | INFO     | sqlalchemy.engine.Engine | ROLLBACK
2026-08-01 14:10:12,608 INFO sqlalchemy.engine.Engine BEGIN (implicit)
2026-08-01 14:10:12 | INFO     | sqlalchemy.engine.Engine | BEGIN (implicit)
2026-08-01 14:10:12,617 INFO sqlalchemy.engine.Engine SELECT users.id AS users_id, users.school_id AS users_school_id, users.email AS users_email, users.hashed_password AS users_hashed_password, users.role AS users_role, users.is_active AS users_is_active, users.created_at AS users_created_at, users.last_login AS users_last_login 
FROM users 
WHERE users.id = ?
 LIMIT ? OFFSET ?
2026-08-01 14:10:12 | INFO     | sqlalchemy.engine.Engine | SELECT users.id AS users_id, users.school_id AS users_school_id, users.email AS users_email, users.hashed_password AS users_hashed_password, users.role AS users_role, users.is_active AS users_is_active, users.created_at AS users_created_at, users.last_login AS users_last_login 
FROM users 
WHERE users.id = ?
 LIMIT ? OFFSET ?
2026-08-01 14:10:12,618 INFO sqlalchemy.engine.Engine [cached since 2173s ago] (1, 1, 0)
2026-08-01 14:10:12 | INFO     | sqlalchemy.engine.Engine | [cached since 2173s ago] (1, 1, 0)
2026-08-01 14:10:12,639 INFO sqlalchemy.engine.Engine SELECT schools.id AS schools_id, schools.name AS schools_name, schools.slug AS schools_slug, schools.phone AS schools_phone, schools.email AS schools_email, schools.address AS schools_address, schools.is_active AS schools_is_active, schools.created_at AS schools_created_at 
FROM schools 
WHERE schools.id = ?
 LIMIT ? OFFSET ?
2026-08-01 14:10:12 | INFO     | sqlalchemy.engine.Engine | SELECT schools.id AS schools_id, schools.name AS schools_name, schools.slug AS schools_slug, schools.phone AS schools_phone, schools.email AS schools_email, schools.address AS schools_address, schools.is_active AS schools_is_active, schools.created_at AS schools_created_at 
FROM schools 
WHERE schools.id = ?
 LIMIT ? OFFSET ?
2026-08-01 14:10:12,640 INFO sqlalchemy.engine.Engine [cached since 2173s ago] (1, 1, 0)
2026-08-01 14:10:12 | INFO     | sqlalchemy.engine.Engine | [cached since 2173s ago] (1, 1, 0)
2026-08-01 14:10:12,668 INFO sqlalchemy.engine.Engine SELECT fee_records.id AS fee_records_id, fee_records.student_id AS fee_records_student_id, fee_records.fee_type_id AS fee_records_fee_type_id, fee_records.total_fees_kobo AS fee_records_total_fees_kobo, fee_records.amount_paid_kobo AS fee_records_amount_paid_kobo, fee_records.status AS fee_records_status, fee_records.created_at AS fee_records_created_at, fee_records.updated_at AS fee_records_updated_at, schools_1.id AS schools_1_id, schools_1.name AS schools_1_name, schools_1.slug AS schools_1_slug, schools_1.phone AS schools_1_phone, schools_1.email AS schools_1_email, schools_1.address AS schools_1_address, schools_1.is_active AS schools_1_is_active, schools_1.created_at AS schools_1_created_at, students_1.id AS students_1_id, students_1.school_id AS students_1_school_id, students_1.student_name AS students_1_student_name, students_1.class_name AS students_1_class_name, students_1.parent_name AS students_1_parent_name, students_1.parent_phone AS students_1_parent_phone, students_1.parent_email AS students_1_parent_email, students_1.is_active AS students_1_is_active, students_1.created_at AS students_1_created_at, fee_types_1.id AS fee_types_1_id, fee_types_1.school_id AS fee_types_1_school_id, fee_types_1.name AS fee_types_1_name, fee_types_1.term AS fee_types_1_term, fee_types_1.amount_kobo AS fee_types_1_amount_kobo, fee_types_1.created_at AS fee_types_1_created_at 
FROM fee_records JOIN students ON students.id = fee_records.student_id JOIN fee_types ON fee_types.id = fee_records.fee_type_id LEFT OUTER JOIN students AS students_1 ON students_1.id = fee_records.student_id LEFT OUTER JOIN schools AS schools_1 ON schools_1.id = students_1.school_id LEFT OUTER JOIN fee_types AS fee_types_1 ON fee_types_1.id = fee_records.fee_type_id 
WHERE students.school_id = ? AND students.is_active = 1 AND fee_records.status IN (?, ?)
2026-08-01 14:10:12 | INFO     | sqlalchemy.engine.Engine | SELECT fee_records.id AS fee_records_id, fee_records.student_id AS fee_records_student_id, fee_records.fee_type_id AS fee_records_fee_type_id, fee_records.total_fees_kobo AS fee_records_total_fees_kobo, fee_records.amount_paid_kobo AS fee_records_amount_paid_kobo, fee_records.status AS fee_records_status, fee_records.created_at AS fee_records_created_at, fee_records.updated_at AS fee_records_updated_at, schools_1.id AS schools_1_id, schools_1.name AS schools_1_name, schools_1.slug AS schools_1_slug, schools_1.phone AS schools_1_phone, schools_1.email AS schools_1_email, schools_1.address AS schools_1_address, schools_1.is_active AS schools_1_is_active, schools_1.created_at AS schools_1_created_at, students_1.id AS students_1_id, students_1.school_id AS students_1_school_id, students_1.student_name AS students_1_student_name, students_1.class_name AS students_1_class_name, students_1.parent_name AS students_1_parent_name, students_1.parent_phone AS students_1_parent_phone, students_1.parent_email AS students_1_parent_email, students_1.is_active AS students_1_is_active, students_1.created_at AS students_1_created_at, fee_types_1.id AS fee_types_1_id, fee_types_1.school_id AS fee_types_1_school_id, fee_types_1.name AS fee_types_1_name, fee_types_1.term AS fee_types_1_term, fee_types_1.amount_kobo AS fee_types_1_amount_kobo, fee_types_1.created_at AS fee_types_1_created_at 
FROM fee_records JOIN students ON students.id = fee_records.student_id JOIN fee_types ON fee_types.id = fee_records.fee_type_id LEFT OUTER JOIN students AS students_1 ON students_1.id = fee_records.student_id LEFT OUTER JOIN schools AS schools_1 ON schools_1.id = students_1.school_id LEFT OUTER JOIN fee_types AS fee_types_1 ON fee_types_1.id = fee_records.fee_type_id 
WHERE students.school_id = ? AND students.is_active = 1 AND fee_records.status IN (?, ?)
2026-08-01 14:10:12,670 INFO sqlalchemy.engine.Engine [cached since 1517s ago] (1, 'unpaid', 'partial')
2026-08-01 14:10:12 | INFO     | sqlalchemy.engine.Engine | [cached since 1517s ago] (1, 'unpaid', 'partial')
2026-08-01 14:10:12 | INFO     | app.services.reminder_service | Reminder batch complete: 0 sent, 0 failed, 0 skipped out of 0 records
2026-08-01 14:10:12,696 INFO sqlalchemy.engine.Engine COMMIT
2026-08-01 14:10:12 | INFO     | sqlalchemy.engine.Engine | COMMIT
2026-08-01 14:10:12,705 INFO sqlalchemy.engine.Engine BEGIN (implicit)
2026-08-01 14:10:12 | INFO     | sqlalchemy.engine.Engine | BEGIN (implicit)
2026-08-01 14:10:12,715 INFO sqlalchemy.engine.Engine SELECT schools.id AS schools_id, schools.name AS schools_name, schools.slug AS schools_slug, schools.phone AS schools_phone, schools.email AS schools_email, schools.address AS schools_address, schools.is_active AS schools_is_active, schools.created_at AS schools_created_at 
FROM schools 
WHERE schools.id = ?
2026-08-01 14:10:12 | INFO     | sqlalchemy.engine.Engine | SELECT schools.id AS schools_id, schools.name AS schools_name, schools.slug AS schools_slug, schools.phone AS schools_phone, schools.email AS schools_email, schools.address AS schools_address, schools.is_active AS schools_is_active, schools.created_at AS schools_created_at 
FROM schools 
WHERE schools.id = ?
2026-08-01 14:10:12,716 INFO sqlalchemy.engine.Engine [cached since 1512s ago] (1,)
2026-08-01 14:10:12 | INFO     | sqlalchemy.engine.Engine | [cached since 1512s ago] (1,)
INFO:     127.0.0.1:56020 - "POST /api/v1/reminders/send?school_id=1&include_payment_link=false HTTP/1.1" 200 OK
2026-08-01 14:10:12,724 INFO sqlalchemy.engine.Engine ROLLBACK
2026-08-01 14:10:12 | INFO     | sqlalchemy.engine.Engine | ROLLBACK
2026-08-01 14:10:12,742 INFO sqlalchemy.engine.Engine BEGIN (implicit)
2026-08-01 14:10:12 | INFO     | sqlalchemy.engine.Engine | BEGIN (implicit)
2026-08-01 14:10:12,743 INFO sqlalchemy.engine.Engine SELECT users.id AS users_id, users.school_id AS users_school_id, users.email AS users_email, users.hashed_password AS users_hashed_password, users.role AS users_role, users.is_active AS users_is_active, users.created_at AS users_created_at, users.last_login AS users_last_login 
FROM users 
WHERE users.id = ?
 LIMIT ? OFFSET ?
2026-08-01 14:10:12 | INFO     | sqlalchemy.engine.Engine | SELECT users.id AS users_id, users.school_id AS users_school_id, users.email AS users_email, users.hashed_password AS users_hashed_password, users.role AS users_role, users.is_active AS users_is_active, users.created_at AS users_created_at, users.last_login AS users_last_login 
FROM users 
WHERE users.id = ?
 LIMIT ? OFFSET ?
2026-08-01 14:10:12,747 INFO sqlalchemy.engine.Engine [cached since 2173s ago] (1, 1, 0)
2026-08-01 14:10:12 | INFO     | sqlalchemy.engine.Engine | [cached since 2173s ago] (1, 1, 0)
2026-08-01 14:10:12,752 INFO sqlalchemy.engine.Engine SELECT schools.id AS schools_id, schools.name AS schools_name, schools.slug AS schools_slug, schools.phone AS schools_phone, schools.email AS schools_email, schools.address AS schools_address, schools.is_active AS schools_is_active, schools.created_at AS schools_created_at 
FROM schools 
WHERE schools.id = ?
 LIMIT ? OFFSET ?
2026-08-01 14:10:12 | INFO     | sqlalchemy.engine.Engine | SELECT schools.id AS schools_id, schools.name AS schools_name, schools.slug AS schools_slug, schools.phone AS schools_phone, schools.email AS schools_email, schools.address AS schools_address, schools.is_active AS schools_is_active, schools.created_at AS schools_created_at 
FROM schools 
WHERE schools.id = ?
 LIMIT ? OFFSET ?
2026-08-01 14:10:12,754 INFO sqlalchemy.engine.Engine [cached since 2173s ago] (1, 1, 0)
2026-08-01 14:10:12 | INFO     | sqlalchemy.engine.Engine | [cached since 2173s ago] (1, 1, 0)
2026-08-01 14:10:12,758 INFO sqlalchemy.engine.Engine SELECT students.id AS students_id, students.school_id AS students_school_id, students.student_name AS students_student_name, students.class_name AS students_class_name, students.parent_name AS students_parent_name, students.parent_phone AS students_parent_phone, students.parent_email AS students_parent_email, students.is_active AS students_is_active, students.created_at AS students_created_at, fee_records_1.id AS fee_records_1_id, fee_records_1.student_id AS fee_records_1_student_id, fee_records_1.fee_type_id AS fee_records_1_fee_type_id, fee_records_1.total_fees_kobo AS fee_records_1_total_fees_kobo, fee_records_1.amount_paid_kobo AS fee_records_1_amount_paid_kobo, fee_records_1.status AS fee_records_1_status, fee_records_1.created_at AS fee_records_1_created_at, fee_records_1.updated_at AS fee_records_1_updated_at 
FROM students LEFT OUTER JOIN fee_records AS fee_records_1 ON students.id = fee_records_1.student_id 
WHERE students.school_id = ? AND students.is_active = 1
2026-08-01 14:10:12 | INFO     | sqlalchemy.engine.Engine | SELECT students.id AS students_id, students.school_id AS students_school_id, students.student_name AS students_student_name, students.class_name AS students_class_name, students.parent_name AS students_parent_name, students.parent_phone AS students_parent_phone, students.parent_email AS students_parent_email, students.is_active AS students_is_active, students.created_at AS students_created_at, fee_records_1.id AS fee_records_1_id, fee_records_1.student_id AS fee_records_1_student_id, fee_records_1.fee_type_id AS fee_records_1_fee_type_id, fee_records_1.total_fees_kobo AS fee_records_1_total_fees_kobo, fee_records_1.amount_paid_kobo AS fee_records_1_amount_paid_kobo, fee_records_1.status AS fee_records_1_status, fee_records_1.created_at AS fee_records_1_created_at, fee_records_1.updated_at AS fee_records_1_updated_at 
FROM students LEFT OUTER JOIN fee_records AS fee_records_1 ON students.id = fee_records_1.student_id 
WHERE students.school_id = ? AND students.is_active = 1
2026-08-01 14:10:12,758 INFO sqlalchemy.engine.Engine [cached since 2173s ago] (1,)
2026-08-01 14:10:12 | INFO     | sqlalchemy.engine.Engine | [cached since 2173s ago] (1,)
INFO:     127.0.0.1:56020 - "GET /api/v1/dashboard/summary?school_id=1 HTTP/1.1" 200 OK
2026-08-01 14:10:12,866 INFO sqlalchemy.engine.Engine ROLLBACK
2026-08-01 14:10:12 | INFO     | sqlalchemy.engine.Engine | ROLLBACK
2026-08-01 14:10:12,871 INFO sqlalchemy.engine.Engine BEGIN (implicit)
2026-08-01 14:10:12 | INFO     | sqlalchemy.engine.Engine | BEGIN (implicit)
2026-08-01 14:10:12,872 INFO sqlalchemy.engine.Engine SELECT users.id AS users_id, users.school_id AS users_school_id, users.email AS users_email, users.hashed_password AS users_hashed_password, users.role AS users_role, users.is_active AS users_is_active, users.created_at AS users_created_at, users.last_login AS users_last_login 
FROM users 
WHERE users.id = ?
 LIMIT ? OFFSET ?
2026-08-01 14:10:12 | INFO     | sqlalchemy.engine.Engine | SELECT users.id AS users_id, users.school_id AS users_school_id, users.email AS users_email, users.hashed_password AS users_hashed_password, users.role AS users_role, users.is_active AS users_is_active, users.created_at AS users_created_at, users.last_login AS users_last_login 
FROM users 
WHERE users.id = ?
 LIMIT ? OFFSET ?
2026-08-01 14:10:12,872 INFO sqlalchemy.engine.Engine [cached since 2173s ago] (1, 1, 0)
2026-08-01 14:10:12 | INFO     | sqlalchemy.engine.Engine | [cached since 2173s ago] (1, 1, 0)
2026-08-01 14:10:12,955 INFO sqlalchemy.engine.Engine SELECT activity_logs.id AS activity_logs_id, activity_logs.school_id AS activity_logs_school_id, activity_logs.student_id AS activity_logs_student_id, activity_logs.action AS activity_logs_action, activity_logs.description AS activity_logs_description, activity_logs.created_at AS activity_logs_created_at 
FROM activity_logs 
WHERE activity_logs.school_id = ? ORDER BY activity_logs.created_at DESC
 LIMIT ? OFFSET ?
2026-08-01 14:10:12 | INFO     | sqlalchemy.engine.Engine | SELECT activity_logs.id AS activity_logs_id, activity_logs.school_id AS activity_logs_school_id, activity_logs.student_id AS activity_logs_student_id, activity_logs.action AS activity_logs_action, activity_logs.description AS activity_logs_description, activity_logs.created_at AS activity_logs_created_at 
FROM activity_logs 
WHERE activity_logs.school_id = ? ORDER BY activity_logs.created_at DESC
 LIMIT ? OFFSET ?
2026-08-01 14:10:12,955 INFO sqlalchemy.engine.Engine [cached since 2119s ago] (1, 6, 0)
2026-08-01 14:10:12 | INFO     | sqlalchemy.engine.Engine | [cached since 2119s ago] (1, 6, 0)
INFO:     127.0.0.1:56022 - "GET /api/v1/activity/?school_id=1&limit=6 HTTP/1.1" 200 OK
2026-08-01 14:10:12,958 INFO sqlalchemy.engine.Engine ROLLBACK
2026-08-01 14:10:12 | INFO     | sqlalchemy.engine.Engine | ROLLBACK
