2026-08-01 17:08:39 | INFO     | app.main | Frontend mounted from C:\Users\MKPOUTO IDIBEKE\Documents\GitHub\Jummikville-Management-System\frontend
INFO:     Started server process [1928]
INFO:     Waiting for application startup.
2026-08-01 17:08:40 | INFO     | app.main | Creating database tables...
2026-08-01 17:08:40,152 INFO sqlalchemy.engine.Engine BEGIN (implicit)
2026-08-01 17:08:40 | INFO     | sqlalchemy.engine.Engine | BEGIN (implicit)
2026-08-01 17:08:40,153 INFO sqlalchemy.engine.Engine PRAGMA main.table_info("schools")
2026-08-01 17:08:40 | INFO     | sqlalchemy.engine.Engine | PRAGMA main.table_info("schools")
2026-08-01 17:08:40,154 INFO sqlalchemy.engine.Engine [raw sql] ()
2026-08-01 17:08:40 | INFO     | sqlalchemy.engine.Engine | [raw sql] ()
2026-08-01 17:08:40,163 INFO sqlalchemy.engine.Engine PRAGMA main.table_info("students")
2026-08-01 17:08:40 | INFO     | sqlalchemy.engine.Engine | PRAGMA main.table_info("students")
2026-08-01 17:08:40,163 INFO sqlalchemy.engine.Engine [raw sql] ()
2026-08-01 17:08:40 | INFO     | sqlalchemy.engine.Engine | [raw sql] ()
2026-08-01 17:08:40,164 INFO sqlalchemy.engine.Engine PRAGMA main.table_info("fee_categories")
2026-08-01 17:08:40 | INFO     | sqlalchemy.engine.Engine | PRAGMA main.table_info("fee_categories")
2026-08-01 17:08:40,164 INFO sqlalchemy.engine.Engine [raw sql] ()
2026-08-01 17:08:40 | INFO     | sqlalchemy.engine.Engine | [raw sql] ()
2026-08-01 17:08:40,164 INFO sqlalchemy.engine.Engine PRAGMA main.table_info("fee_types")
2026-08-01 17:08:40 | INFO     | sqlalchemy.engine.Engine | PRAGMA main.table_info("fee_types")
2026-08-01 17:08:40,164 INFO sqlalchemy.engine.Engine [raw sql] ()
2026-08-01 17:08:40 | INFO     | sqlalchemy.engine.Engine | [raw sql] ()
2026-08-01 17:08:40,165 INFO sqlalchemy.engine.Engine PRAGMA main.table_info("fee_records")
2026-08-01 17:08:40 | INFO     | sqlalchemy.engine.Engine | PRAGMA main.table_info("fee_records")
2026-08-01 17:08:40,165 INFO sqlalchemy.engine.Engine [raw sql] ()
2026-08-01 17:08:40 | INFO     | sqlalchemy.engine.Engine | [raw sql] ()
2026-08-01 17:08:40,165 INFO sqlalchemy.engine.Engine PRAGMA main.table_info("payments")
2026-08-01 17:08:40 | INFO     | sqlalchemy.engine.Engine | PRAGMA main.table_info("payments")
2026-08-01 17:08:40,165 INFO sqlalchemy.engine.Engine [raw sql] ()
2026-08-01 17:08:40 | INFO     | sqlalchemy.engine.Engine | [raw sql] ()
2026-08-01 17:08:40,166 INFO sqlalchemy.engine.Engine PRAGMA main.table_info("activity_logs")
2026-08-01 17:08:40 | INFO     | sqlalchemy.engine.Engine | PRAGMA main.table_info("activity_logs")
2026-08-01 17:08:40,166 INFO sqlalchemy.engine.Engine [raw sql] ()
2026-08-01 17:08:40 | INFO     | sqlalchemy.engine.Engine | [raw sql] ()
2026-08-01 17:08:40,166 INFO sqlalchemy.engine.Engine PRAGMA main.table_info("users")
2026-08-01 17:08:40 | INFO     | sqlalchemy.engine.Engine | PRAGMA main.table_info("users")
2026-08-01 17:08:40,166 INFO sqlalchemy.engine.Engine [raw sql] ()
2026-08-01 17:08:40 | INFO     | sqlalchemy.engine.Engine | [raw sql] ()
2026-08-01 17:08:40,167 INFO sqlalchemy.engine.Engine COMMIT
2026-08-01 17:08:40 | INFO     | sqlalchemy.engine.Engine | COMMIT
2026-08-01 17:08:40 | INFO     | app.main | Database tables ready.
2026-08-01 17:08:40,213 INFO sqlalchemy.engine.Engine BEGIN (implicit)
2026-08-01 17:08:40 | INFO     | sqlalchemy.engine.Engine | BEGIN (implicit)
2026-08-01 17:08:40,217 INFO sqlalchemy.engine.Engine SELECT users.id AS users_id, users.school_id AS users_school_id, users.email AS users_email, users.hashed_password AS users_hashed_password, users.role AS users_role, users.is_active AS users_is_active, users.created_at AS users_created_at, users.last_login AS users_last_login 
FROM users 
WHERE users.email = ?
 LIMIT ? OFFSET ?
2026-08-01 17:08:40 | INFO     | sqlalchemy.engine.Engine | SELECT users.id AS users_id, users.school_id AS users_school_id, users.email AS users_email, users.hashed_password AS users_hashed_password, users.role AS users_role, users.is_active AS users_is_active, users.created_at AS users_created_at, users.last_login AS users_last_login 
FROM users 
WHERE users.email = ?
 LIMIT ? OFFSET ?
2026-08-01 17:08:40,218 INFO sqlalchemy.engine.Engine [generated in 0.00036s] ('admin@jummikville.sch', 1, 0)
2026-08-01 17:08:40 | INFO     | sqlalchemy.engine.Engine | [generated in 0.00036s] ('admin@jummikville.sch', 1, 0)
2026-08-01 17:08:40,222 INFO sqlalchemy.engine.Engine SELECT schools.id AS schools_id, schools.name AS schools_name, schools.slug AS schools_slug, schools.phone AS schools_phone, schools.email AS schools_email, schools.address AS schools_address, schools.is_active AS schools_is_active, schools.created_at AS schools_created_at 
FROM schools 
WHERE schools.slug = ?
 LIMIT ? OFFSET ?
2026-08-01 17:08:40 | INFO     | sqlalchemy.engine.Engine | SELECT schools.id AS schools_id, schools.name AS schools_name, schools.slug AS schools_slug, schools.phone AS schools_phone, schools.email AS schools_email, schools.address AS schools_address, schools.is_active AS schools_is_active, schools.created_at AS schools_created_at 
FROM schools 
WHERE schools.slug = ?
 LIMIT ? OFFSET ?
2026-08-01 17:08:40,222 INFO sqlalchemy.engine.Engine [generated in 0.00038s] ('jummikville', 1, 0)
2026-08-01 17:08:40 | INFO     | sqlalchemy.engine.Engine | [generated in 0.00038s] ('jummikville', 1, 0)
2026-08-01 17:08:40,386 INFO sqlalchemy.engine.Engine INSERT INTO users (school_id, email, hashed_password, role, is_active, created_at, last_login) VALUES (?, ?, ?, ?, ?, ?, ?)
2026-08-01 17:08:40 | INFO     | sqlalchemy.engine.Engine | INSERT INTO users (school_id, email, hashed_password, role, is_active, created_at, last_login) VALUES (?, ?, ?, ?, ?, ?, ?)
2026-08-01 17:08:40,387 INFO sqlalchemy.engine.Engine [generated in 0.00105s] (1, 'admin@jummikville.sch', 'pbkdf2_sha256$200000$40a48bac67ae0c2ae91a188d28f81d8f$48f5ca94647b86f7cdb647b092e1fa1dd302090e92a23c53c1620ef12d1d84f2', 'admin', 1, '2026-08-01 16:08:40.386639', None)
2026-08-01 17:08:40 | INFO     | sqlalchemy.engine.Engine | [generated in 0.00105s] (1, 'admin@jummikville.sch', 'pbkdf2_sha256$200000$40a48bac67ae0c2ae91a188d28f81d8f$48f5ca94647b86f7cdb647b092e1fa1dd302090e92a23c53c1620ef12d1d84f2', 'admin', 1, '2026-08-01 16:08:40.386639', None)
2026-08-01 17:08:40,392 INFO sqlalchemy.engine.Engine COMMIT
2026-08-01 17:08:40 | INFO     | sqlalchemy.engine.Engine | COMMIT
2026-08-01 17:08:40,408 INFO sqlalchemy.engine.Engine BEGIN (implicit)
2026-08-01 17:08:40 | INFO     | sqlalchemy.engine.Engine | BEGIN (implicit)
2026-08-01 17:08:40,410 INFO sqlalchemy.engine.Engine SELECT users.id AS users_id, users.school_id AS users_school_id, users.email AS users_email, users.hashed_password AS users_hashed_password, users.role AS users_role, users.is_active AS users_is_active, users.created_at AS users_created_at, users.last_login AS users_last_login 
FROM users 
WHERE users.id = ?
2026-08-01 17:08:40 | INFO     | sqlalchemy.engine.Engine | SELECT users.id AS users_id, users.school_id AS users_school_id, users.email AS users_email, users.hashed_password AS users_hashed_password, users.role AS users_role, users.is_active AS users_is_active, users.created_at AS users_created_at, users.last_login AS users_last_login 
FROM users 
WHERE users.id = ?
2026-08-01 17:08:40,410 INFO sqlalchemy.engine.Engine [generated in 0.00026s] (1,)
2026-08-01 17:08:40 | INFO     | sqlalchemy.engine.Engine | [generated in 0.00026s] (1,)
2026-08-01 17:08:40 | INFO     | app.main | Seeded admin account: admin@jummikville.sch
2026-08-01 17:08:40 | WARNING  | app.main | ====================================================================
  ADMIN LOGIN CREATED
  Email:    admin@jummikville.sch
  Password: yCB8j7b1gaF9lCB8
  Save this now — it will NOT be shown again. Set ADMIN_PASSWORD in .env to choose your own.
====================================================================
2026-08-01 17:08:40,411 INFO sqlalchemy.engine.Engine ROLLBACK
2026-08-01 17:08:40 | INFO     | sqlalchemy.engine.Engine | ROLLBACK
2026-08-01 17:08:40,411 INFO sqlalchemy.engine.Engine BEGIN (implicit)
2026-08-01 17:08:40 | INFO     | sqlalchemy.engine.Engine | BEGIN (implicit)
2026-08-01 17:08:40,412 INFO sqlalchemy.engine.Engine SELECT schools.id AS schools_id, schools.name AS schools_name, schools.slug AS schools_slug, schools.phone AS schools_phone, schools.email AS schools_email, schools.address AS schools_address, schools.is_active AS schools_is_active, schools.created_at AS schools_created_at 
FROM schools 
WHERE schools.slug = ?
 LIMIT ? OFFSET ?
2026-08-01 17:08:40 | INFO     | sqlalchemy.engine.Engine | SELECT schools.id AS schools_id, schools.name AS schools_name, schools.slug AS schools_slug, schools.phone AS schools_phone, schools.email AS schools_email, schools.address AS schools_address, schools.is_active AS schools_is_active, schools.created_at AS schools_created_at 
FROM schools 
WHERE schools.slug = ?
 LIMIT ? OFFSET ?
2026-08-01 17:08:40,412 INFO sqlalchemy.engine.Engine [cached since 0.1902s ago] ('jummikville', 1, 0)
2026-08-01 17:08:40 | INFO     | sqlalchemy.engine.Engine | [cached since 0.1902s ago] ('jummikville', 1, 0)
2026-08-01 17:08:40,414 INFO sqlalchemy.engine.Engine SELECT fee_categories.name AS fee_categories_name 
FROM fee_categories 
WHERE fee_categories.school_id = ?
2026-08-01 17:08:40 | INFO     | sqlalchemy.engine.Engine | SELECT fee_categories.name AS fee_categories_name 
FROM fee_categories 
WHERE fee_categories.school_id = ?
2026-08-01 17:08:40,414 INFO sqlalchemy.engine.Engine [generated in 0.00027s] (1,)
2026-08-01 17:08:40 | INFO     | sqlalchemy.engine.Engine | [generated in 0.00027s] (1,)
2026-08-01 17:08:40 | INFO     | app.main | Fee categories already present — nothing to seed.
2026-08-01 17:08:40,415 INFO sqlalchemy.engine.Engine ROLLBACK
2026-08-01 17:08:40 | INFO     | sqlalchemy.engine.Engine | ROLLBACK
INFO:     Application startup complete.
INFO:     Uvicorn running on http://127.0.0.1:8000 (Press CTRL+C to quit)
INFO:     127.0.0.1:55402 - "GET / HTTP/1.1" 200 OK
INFO:     127.0.0.1:55402 - "GET /app.js HTTP/1.1" 200 OK
INFO:     127.0.0.1:55402 - "GET /api/v1/auth/me HTTP/1.1" 401 Unauthorized
INFO:     127.0.0.1:55416 - "GET / HTTP/1.1" 200 OK
INFO:     127.0.0.1:55417 - "GET /app.js HTTP/1.1" 200 OK
INFO:     127.0.0.1:55418 - "GET /api/v1/fees/categories?school_id=1 HTTP/1.1" 401 Unauthorized
INFO:     127.0.0.1:55529 - "GET /api/v1/auth/me HTTP/1.1" 401 Unauthorized
INFO:     127.0.0.1:55529 - "GET /api/v1/auth/me HTTP/1.1" 401 Unauthorized
2026-08-01 17:11:21,755 INFO sqlalchemy.engine.Engine BEGIN (implicit)
2026-08-01 17:11:21 | INFO     | sqlalchemy.engine.Engine | BEGIN (implicit)
2026-08-01 17:11:21,756 INFO sqlalchemy.engine.Engine SELECT users.id AS users_id, users.school_id AS users_school_id, users.email AS users_email, users.hashed_password AS users_hashed_password, users.role AS users_role, users.is_active AS users_is_active, users.created_at AS users_created_at, users.last_login AS users_last_login 
FROM users 
WHERE users.email = ?
 LIMIT ? OFFSET ?
2026-08-01 17:11:21 | INFO     | sqlalchemy.engine.Engine | SELECT users.id AS users_id, users.school_id AS users_school_id, users.email AS users_email, users.hashed_password AS users_hashed_password, users.role AS users_role, users.is_active AS users_is_active, users.created_at AS users_created_at, users.last_login AS users_last_login 
FROM users 
WHERE users.email = ?
 LIMIT ? OFFSET ?
2026-08-01 17:11:21,756 INFO sqlalchemy.engine.Engine [cached since 161.5s ago] ('admin@jummikville.sch', 1, 0)
2026-08-01 17:11:21 | INFO     | sqlalchemy.engine.Engine | [cached since 161.5s ago] ('admin@jummikville.sch', 1, 0)
2026-08-01 17:11:21,970 INFO sqlalchemy.engine.Engine ROLLBACK
2026-08-01 17:11:21 | INFO     | sqlalchemy.engine.Engine | ROLLBACK
INFO:     127.0.0.1:55528 - "POST /api/v1/auth/login HTTP/1.1" 401 Unauthorized
2026-08-01 17:11:52,668 INFO sqlalchemy.engine.Engine BEGIN (implicit)
2026-08-01 17:11:52 | INFO     | sqlalchemy.engine.Engine | BEGIN (implicit)
2026-08-01 17:11:52,669 INFO sqlalchemy.engine.Engine SELECT users.id AS users_id, users.school_id AS users_school_id, users.email AS users_email, users.hashed_password AS users_hashed_password, users.role AS users_role, users.is_active AS users_is_active, users.created_at AS users_created_at, users.last_login AS users_last_login 
FROM users 
WHERE users.email = ?
 LIMIT ? OFFSET ?
2026-08-01 17:11:52 | INFO     | sqlalchemy.engine.Engine | SELECT users.id AS users_id, users.school_id AS users_school_id, users.email AS users_email, users.hashed_password AS users_hashed_password, users.role AS users_role, users.is_active AS users_is_active, users.created_at AS users_created_at, users.last_login AS users_last_login 
FROM users 
WHERE users.email = ?
 LIMIT ? OFFSET ?
2026-08-01 17:11:52,669 INFO sqlalchemy.engine.Engine [cached since 192.5s ago] ('admin@jummikville.sch', 1, 0)
2026-08-01 17:11:52 | INFO     | sqlalchemy.engine.Engine | [cached since 192.5s ago] ('admin@jummikville.sch', 1, 0)
2026-08-01 17:11:52,859 INFO sqlalchemy.engine.Engine ROLLBACK
2026-08-01 17:11:52 | INFO     | sqlalchemy.engine.Engine | ROLLBACK
INFO:     127.0.0.1:55642 - "POST /api/v1/auth/login HTTP/1.1" 401 Unauthorized
2026-08-01 17:12:13,187 INFO sqlalchemy.engine.Engine BEGIN (implicit)
2026-08-01 17:12:13 | INFO     | sqlalchemy.engine.Engine | BEGIN (implicit)
2026-08-01 17:12:13,188 INFO sqlalchemy.engine.Engine SELECT users.id AS users_id, users.school_id AS users_school_id, users.email AS users_email, users.hashed_password AS users_hashed_password, users.role AS users_role, users.is_active AS users_is_active, users.created_at AS users_created_at, users.last_login AS users_last_login 
FROM users 
WHERE users.email = ?
 LIMIT ? OFFSET ?
2026-08-01 17:12:13 | INFO     | sqlalchemy.engine.Engine | SELECT users.id AS users_id, users.school_id AS users_school_id, users.email AS users_email, users.hashed_password AS users_hashed_password, users.role AS users_role, users.is_active AS users_is_active, users.created_at AS users_created_at, users.last_login AS users_last_login 
FROM users 
WHERE users.email = ?
 LIMIT ? OFFSET ?
2026-08-01 17:12:13,188 INFO sqlalchemy.engine.Engine [cached since 213s ago] ('admin@jummikville.sch', 1, 0)
2026-08-01 17:12:13 | INFO     | sqlalchemy.engine.Engine | [cached since 213s ago] ('admin@jummikville.sch', 1, 0)
2026-08-01 17:12:13,358 INFO sqlalchemy.engine.Engine ROLLBACK
2026-08-01 17:12:13 | INFO     | sqlalchemy.engine.Engine | ROLLBACK
INFO:     127.0.0.1:55643 - "POST /api/v1/auth/login HTTP/1.1" 401 Unauthorized
2026-08-01 17:12:34,555 INFO sqlalchemy.engine.Engine BEGIN (implicit)
2026-08-01 17:12:34 | INFO     | sqlalchemy.engine.Engine | BEGIN (implicit)
2026-08-01 17:12:34,556 INFO sqlalchemy.engine.Engine SELECT users.id AS users_id, users.school_id AS users_school_id, users.email AS users_email, users.hashed_password AS users_hashed_password, users.role AS users_role, users.is_active AS users_is_active, users.created_at AS users_created_at, users.last_login AS users_last_login 
FROM users 
WHERE users.email = ?
 LIMIT ? OFFSET ?
2026-08-01 17:12:34 | INFO     | sqlalchemy.engine.Engine | SELECT users.id AS users_id, users.school_id AS users_school_id, users.email AS users_email, users.hashed_password AS users_hashed_password, users.role AS users_role, users.is_active AS users_is_active, users.created_at AS users_created_at, users.last_login AS users_last_login 
FROM users 
WHERE users.email = ?
 LIMIT ? OFFSET ?
2026-08-01 17:12:34,556 INFO sqlalchemy.engine.Engine [cached since 234.3s ago] ('admin@jummikville.sch', 1, 0)
2026-08-01 17:12:34 | INFO     | sqlalchemy.engine.Engine | [cached since 234.3s ago] ('admin@jummikville.sch', 1, 0)
2026-08-01 17:12:34,730 INFO sqlalchemy.engine.Engine ROLLBACK
2026-08-01 17:12:34 | INFO     | sqlalchemy.engine.Engine | ROLLBACK
INFO:     127.0.0.1:55687 - "POST /api/v1/auth/login HTTP/1.1" 401 Unauthorized
2026-08-01 17:12:43,999 INFO sqlalchemy.engine.Engine BEGIN (implicit)
2026-08-01 17:12:43 | INFO     | sqlalchemy.engine.Engine | BEGIN (implicit)
2026-08-01 17:12:44,000 INFO sqlalchemy.engine.Engine SELECT users.id AS users_id, users.school_id AS users_school_id, users.email AS users_email, users.hashed_password AS users_hashed_password, users.role AS users_role, users.is_active AS users_is_active, users.created_at AS users_created_at, users.last_login AS users_last_login 
FROM users 
WHERE users.email = ?
 LIMIT ? OFFSET ?
2026-08-01 17:12:44 | INFO     | sqlalchemy.engine.Engine | SELECT users.id AS users_id, users.school_id AS users_school_id, users.email AS users_email, users.hashed_password AS users_hashed_password, users.role AS users_role, users.is_active AS users_is_active, users.created_at AS users_created_at, users.last_login AS users_last_login 
FROM users 
WHERE users.email = ?
 LIMIT ? OFFSET ?
2026-08-01 17:12:44,001 INFO sqlalchemy.engine.Engine [cached since 243.8s ago] ('admin@jummikville.sch', 1, 0)
2026-08-01 17:12:44 | INFO     | sqlalchemy.engine.Engine | [cached since 243.8s ago] ('admin@jummikville.sch', 1, 0)
2026-08-01 17:12:44,170 INFO sqlalchemy.engine.Engine ROLLBACK
2026-08-01 17:12:44 | INFO     | sqlalchemy.engine.Engine | ROLLBACK
INFO:     127.0.0.1:55688 - "POST /api/v1/auth/login HTTP/1.1" 401 Unauthorized
2026-08-01 17:12:45,177 INFO sqlalchemy.engine.Engine BEGIN (implicit)
2026-08-01 17:12:45 | INFO     | sqlalchemy.engine.Engine | BEGIN (implicit)
2026-08-01 17:12:45,178 INFO sqlalchemy.engine.Engine SELECT users.id AS users_id, users.school_id AS users_school_id, users.email AS users_email, users.hashed_password AS users_hashed_password, users.role AS users_role, users.is_active AS users_is_active, users.created_at AS users_created_at, users.last_login AS users_last_login 
FROM users 
WHERE users.email = ?
 LIMIT ? OFFSET ?
2026-08-01 17:12:45 | INFO     | sqlalchemy.engine.Engine | SELECT users.id AS users_id, users.school_id AS users_school_id, users.email AS users_email, users.hashed_password AS users_hashed_password, users.role AS users_role, users.is_active AS users_is_active, users.created_at AS users_created_at, users.last_login AS users_last_login 
FROM users 
WHERE users.email = ?
 LIMIT ? OFFSET ?
2026-08-01 17:12:45,178 INFO sqlalchemy.engine.Engine [cached since 245s ago] ('admin@jummikville.sch', 1, 0)
2026-08-01 17:12:45 | INFO     | sqlalchemy.engine.Engine | [cached since 245s ago] ('admin@jummikville.sch', 1, 0)
2026-08-01 17:12:45,384 INFO sqlalchemy.engine.Engine ROLLBACK
2026-08-01 17:12:45 | INFO     | sqlalchemy.engine.Engine | ROLLBACK
INFO:     127.0.0.1:55688 - "POST /api/v1/auth/login HTTP/1.1" 401 Unauthorized
2026-08-01 17:14:18,251 INFO sqlalchemy.engine.Engine BEGIN (implicit)
2026-08-01 17:14:18 | INFO     | sqlalchemy.engine.Engine | BEGIN (implicit)
2026-08-01 17:14:18,252 INFO sqlalchemy.engine.Engine SELECT users.id AS users_id, users.school_id AS users_school_id, users.email AS users_email, users.hashed_password AS users_hashed_password, users.role AS users_role, users.is_active AS users_is_active, users.created_at AS users_created_at, users.last_login AS users_last_login 
FROM users 
WHERE users.email = ?
 LIMIT ? OFFSET ?
2026-08-01 17:14:18 | INFO     | sqlalchemy.engine.Engine | SELECT users.id AS users_id, users.school_id AS users_school_id, users.email AS users_email, users.hashed_password AS users_hashed_password, users.role AS users_role, users.is_active AS users_is_active, users.created_at AS users_created_at, users.last_login AS users_last_login 
FROM users 
WHERE users.email = ?
 LIMIT ? OFFSET ?
2026-08-01 17:14:18,253 INFO sqlalchemy.engine.Engine [cached since 338s ago] ('admin@jummikville.sch', 1, 0)
2026-08-01 17:14:18 | INFO     | sqlalchemy.engine.Engine | [cached since 338s ago] ('admin@jummikville.sch', 1, 0)
2026-08-01 17:14:18,634 INFO sqlalchemy.engine.Engine UPDATE users SET last_login=? WHERE users.id = ?
2026-08-01 17:14:18 | INFO     | sqlalchemy.engine.Engine | UPDATE users SET last_login=? WHERE users.id = ?
2026-08-01 17:14:18,634 INFO sqlalchemy.engine.Engine [generated in 0.00182s] ('2026-08-01 16:14:18.586927', 1)
2026-08-01 17:14:18 | INFO     | sqlalchemy.engine.Engine | [generated in 0.00182s] ('2026-08-01 16:14:18.586927', 1)
2026-08-01 17:14:18,639 INFO sqlalchemy.engine.Engine COMMIT
2026-08-01 17:14:18 | INFO     | sqlalchemy.engine.Engine | COMMIT
2026-08-01 17:14:18,662 INFO sqlalchemy.engine.Engine BEGIN (implicit)
2026-08-01 17:14:18 | INFO     | sqlalchemy.engine.Engine | BEGIN (implicit)
2026-08-01 17:14:18,675 INFO sqlalchemy.engine.Engine SELECT users.id, users.school_id, users.email, users.hashed_password, users.role, users.is_active, users.created_at, users.last_login 
FROM users 
WHERE users.id = ?
2026-08-01 17:14:18 | INFO     | sqlalchemy.engine.Engine | SELECT users.id, users.school_id, users.email, users.hashed_password, users.role, users.is_active, users.created_at, users.last_login 
FROM users 
WHERE users.id = ?
2026-08-01 17:14:18,677 INFO sqlalchemy.engine.Engine [generated in 0.00155s] (1,)
2026-08-01 17:14:18 | INFO     | sqlalchemy.engine.Engine | [generated in 0.00155s] (1,)
2026-08-01 17:14:18 | INFO     | app.routers.auth | Login successful: admin@jummikville.sch (id=1)
INFO:     127.0.0.1:55851 - "POST /api/v1/auth/login HTTP/1.1" 200 OK
2026-08-01 17:14:18,734 INFO sqlalchemy.engine.Engine ROLLBACK
2026-08-01 17:14:18 | INFO     | sqlalchemy.engine.Engine | ROLLBACK
2026-08-01 17:14:19,084 INFO sqlalchemy.engine.Engine BEGIN (implicit)
2026-08-01 17:14:19 | INFO     | sqlalchemy.engine.Engine | BEGIN (implicit)
2026-08-01 17:14:19,086 INFO sqlalchemy.engine.Engine SELECT users.id AS users_id, users.school_id AS users_school_id, users.email AS users_email, users.hashed_password AS users_hashed_password, users.role AS users_role, users.is_active AS users_is_active, users.created_at AS users_created_at, users.last_login AS users_last_login 
FROM users 
WHERE users.id = ?
 LIMIT ? OFFSET ?
2026-08-01 17:14:19 | INFO     | sqlalchemy.engine.Engine | SELECT users.id AS users_id, users.school_id AS users_school_id, users.email AS users_email, users.hashed_password AS users_hashed_password, users.role AS users_role, users.is_active AS users_is_active, users.created_at AS users_created_at, users.last_login AS users_last_login 
FROM users 
WHERE users.id = ?
 LIMIT ? OFFSET ?
2026-08-01 17:14:19,086 INFO sqlalchemy.engine.Engine [generated in 0.00033s] (1, 1, 0)
2026-08-01 17:14:19 | INFO     | sqlalchemy.engine.Engine | [generated in 0.00033s] (1, 1, 0)
2026-08-01 17:14:19,102 INFO sqlalchemy.engine.Engine SELECT fee_categories.id AS fee_categories_id, fee_categories.school_id AS fee_categories_school_id, fee_categories.name AS fee_categories_name, fee_categories.created_at AS fee_categories_created_at 
FROM fee_categories 
WHERE fee_categories.school_id = ? ORDER BY fee_categories.name
2026-08-01 17:14:19 | INFO     | sqlalchemy.engine.Engine | SELECT fee_categories.id AS fee_categories_id, fee_categories.school_id AS fee_categories_school_id, fee_categories.name AS fee_categories_name, fee_categories.created_at AS fee_categories_created_at 
FROM fee_categories 
WHERE fee_categories.school_id = ? ORDER BY fee_categories.name
2026-08-01 17:14:19,102 INFO sqlalchemy.engine.Engine [generated in 0.00048s] (1,)
2026-08-01 17:14:19 | INFO     | sqlalchemy.engine.Engine | [generated in 0.00048s] (1,)
INFO:     127.0.0.1:55852 - "GET /api/v1/fees/categories?school_id=1 HTTP/1.1" 200 OK
2026-08-01 17:14:19,115 INFO sqlalchemy.engine.Engine ROLLBACK
2026-08-01 17:14:19 | INFO     | sqlalchemy.engine.Engine | ROLLBACK
2026-08-01 17:15:21,196 INFO sqlalchemy.engine.Engine BEGIN (implicit)
2026-08-01 17:15:21 | INFO     | sqlalchemy.engine.Engine | BEGIN (implicit)
2026-08-01 17:15:21,197 INFO sqlalchemy.engine.Engine SELECT users.id AS users_id, users.school_id AS users_school_id, users.email AS users_email, users.hashed_password AS users_hashed_password, users.role AS users_role, users.is_active AS users_is_active, users.created_at AS users_created_at, users.last_login AS users_last_login 
FROM users 
WHERE users.email = ?
 LIMIT ? OFFSET ?
2026-08-01 17:15:21 | INFO     | sqlalchemy.engine.Engine | SELECT users.id AS users_id, users.school_id AS users_school_id, users.email AS users_email, users.hashed_password AS users_hashed_password, users.role AS users_role, users.is_active AS users_is_active, users.created_at AS users_created_at, users.last_login AS users_last_login 
FROM users 
WHERE users.email = ?
 LIMIT ? OFFSET ?
2026-08-01 17:15:21,197 INFO sqlalchemy.engine.Engine [cached since 401s ago] ('admin@jummikville.sch', 1, 0)
2026-08-01 17:15:21 | INFO     | sqlalchemy.engine.Engine | [cached since 401s ago] ('admin@jummikville.sch', 1, 0)
2026-08-01 17:15:21,348 INFO sqlalchemy.engine.Engine UPDATE users SET last_login=? WHERE users.id = ?
2026-08-01 17:15:21 | INFO     | sqlalchemy.engine.Engine | UPDATE users SET last_login=? WHERE users.id = ?
2026-08-01 17:15:21,348 INFO sqlalchemy.engine.Engine [cached since 62.72s ago] ('2026-08-01 16:15:21.347586', 1)
2026-08-01 17:15:21 | INFO     | sqlalchemy.engine.Engine | [cached since 62.72s ago] ('2026-08-01 16:15:21.347586', 1)
2026-08-01 17:15:21,349 INFO sqlalchemy.engine.Engine COMMIT
2026-08-01 17:15:21 | INFO     | sqlalchemy.engine.Engine | COMMIT
2026-08-01 17:15:21,383 INFO sqlalchemy.engine.Engine BEGIN (implicit)
2026-08-01 17:15:21 | INFO     | sqlalchemy.engine.Engine | BEGIN (implicit)
2026-08-01 17:15:21,383 INFO sqlalchemy.engine.Engine SELECT users.id, users.school_id, users.email, users.hashed_password, users.role, users.is_active, users.created_at, users.last_login 
FROM users 
WHERE users.id = ?
2026-08-01 17:15:21 | INFO     | sqlalchemy.engine.Engine | SELECT users.id, users.school_id, users.email, users.hashed_password, users.role, users.is_active, users.created_at, users.last_login 
FROM users 
WHERE users.id = ?
2026-08-01 17:15:21,383 INFO sqlalchemy.engine.Engine [cached since 62.71s ago] (1,)
2026-08-01 17:15:21 | INFO     | sqlalchemy.engine.Engine | [cached since 62.71s ago] (1,)
2026-08-01 17:15:21 | INFO     | app.routers.auth | Login successful: admin@jummikville.sch (id=1)
INFO:     127.0.0.1:55940 - "POST /api/v1/auth/login HTTP/1.1" 200 OK
2026-08-01 17:15:21,387 INFO sqlalchemy.engine.Engine ROLLBACK
2026-08-01 17:15:21 | INFO     | sqlalchemy.engine.Engine | ROLLBACK
2026-08-01 17:15:21,581 INFO sqlalchemy.engine.Engine BEGIN (implicit)
2026-08-01 17:15:21 | INFO     | sqlalchemy.engine.Engine | BEGIN (implicit)
2026-08-01 17:15:21,586 INFO sqlalchemy.engine.Engine SELECT users.id AS users_id, users.school_id AS users_school_id, users.email AS users_email, users.hashed_password AS users_hashed_password, users.role AS users_role, users.is_active AS users_is_active, users.created_at AS users_created_at, users.last_login AS users_last_login 
FROM users 
WHERE users.id = ?
 LIMIT ? OFFSET ?
2026-08-01 17:15:21 | INFO     | sqlalchemy.engine.Engine | SELECT users.id AS users_id, users.school_id AS users_school_id, users.email AS users_email, users.hashed_password AS users_hashed_password, users.role AS users_role, users.is_active AS users_is_active, users.created_at AS users_created_at, users.last_login AS users_last_login 
FROM users 
WHERE users.id = ?
 LIMIT ? OFFSET ?
2026-08-01 17:15:21,586 INFO sqlalchemy.engine.Engine [cached since 62.5s ago] (1, 1, 0)
2026-08-01 17:15:21 | INFO     | sqlalchemy.engine.Engine | [cached since 62.5s ago] (1, 1, 0)
2026-08-01 17:15:21,600 INFO sqlalchemy.engine.Engine BEGIN (implicit)
2026-08-01 17:15:21 | INFO     | sqlalchemy.engine.Engine | BEGIN (implicit)
2026-08-01 17:15:21,607 INFO sqlalchemy.engine.Engine SELECT schools.id AS schools_id, schools.name AS schools_name, schools.slug AS schools_slug, schools.phone AS schools_phone, schools.email AS schools_email, schools.address AS schools_address, schools.is_active AS schools_is_active, schools.created_at AS schools_created_at 
FROM schools 
WHERE schools.id = ?
 LIMIT ? OFFSET ?
2026-08-01 17:15:21 | INFO     | sqlalchemy.engine.Engine | SELECT schools.id AS schools_id, schools.name AS schools_name, schools.slug AS schools_slug, schools.phone AS schools_phone, schools.email AS schools_email, schools.address AS schools_address, schools.is_active AS schools_is_active, schools.created_at AS schools_created_at 
FROM schools 
WHERE schools.id = ?
 LIMIT ? OFFSET ?
2026-08-01 17:15:21,607 INFO sqlalchemy.engine.Engine SELECT users.id AS users_id, users.school_id AS users_school_id, users.email AS users_email, users.hashed_password AS users_hashed_password, users.role AS users_role, users.is_active AS users_is_active, users.created_at AS users_created_at, users.last_login AS users_last_login 
FROM users 
WHERE users.id = ?
 LIMIT ? OFFSET ?
2026-08-01 17:15:21 | INFO     | sqlalchemy.engine.Engine | SELECT users.id AS users_id, users.school_id AS users_school_id, users.email AS users_email, users.hashed_password AS users_hashed_password, users.role AS users_role, users.is_active AS users_is_active, users.created_at AS users_created_at, users.last_login AS users_last_login 
FROM users 
WHERE users.id = ?
 LIMIT ? OFFSET ?
2026-08-01 17:15:21,607 INFO sqlalchemy.engine.Engine [generated in 0.00075s] (1, 1, 0)
2026-08-01 17:15:21,607 INFO sqlalchemy.engine.Engine [cached since 62.52s ago] (1, 1, 0)
2026-08-01 17:15:21 | INFO     | sqlalchemy.engine.Engine | [generated in 0.00075s] (1, 1, 0)
2026-08-01 17:15:21 | INFO     | sqlalchemy.engine.Engine | [cached since 62.52s ago] (1, 1, 0)
2026-08-01 17:15:21,653 INFO sqlalchemy.engine.Engine SELECT students.id AS students_id, students.school_id AS students_school_id, students.student_name AS students_student_name, students.section AS students_section, students.class_name AS students_class_name, students.parent_name AS students_parent_name, students.parent_phone AS students_parent_phone, students.parent_email AS students_parent_email, students.is_active AS students_is_active, students.created_at AS students_created_at, fee_records_1.id AS fee_records_1_id, fee_records_1.student_id AS fee_records_1_student_id, fee_records_1.fee_type_id AS fee_records_1_fee_type_id, fee_records_1.total_fees_kobo AS fee_records_1_total_fees_kobo, fee_records_1.amount_paid_kobo AS fee_records_1_amount_paid_kobo, fee_records_1.status AS fee_records_1_status, fee_records_1.created_at AS fee_records_1_created_at, fee_records_1.updated_at AS fee_records_1_updated_at 
FROM students LEFT OUTER JOIN fee_records AS fee_records_1 ON students.id = fee_records_1.student_id 
WHERE students.school_id = ? AND students.is_active = 1 ORDER BY students.student_name
2026-08-01 17:15:21 | INFO     | sqlalchemy.engine.Engine | SELECT students.id AS students_id, students.school_id AS students_school_id, students.student_name AS students_student_name, students.section AS students_section, students.class_name AS students_class_name, students.parent_name AS students_parent_name, students.parent_phone AS students_parent_phone, students.parent_email AS students_parent_email, students.is_active AS students_is_active, students.created_at AS students_created_at, fee_records_1.id AS fee_records_1_id, fee_records_1.student_id AS fee_records_1_student_id, fee_records_1.fee_type_id AS fee_records_1_fee_type_id, fee_records_1.total_fees_kobo AS fee_records_1_total_fees_kobo, fee_records_1.amount_paid_kobo AS fee_records_1_amount_paid_kobo, fee_records_1.status AS fee_records_1_status, fee_records_1.created_at AS fee_records_1_created_at, fee_records_1.updated_at AS fee_records_1_updated_at 
FROM students LEFT OUTER JOIN fee_records AS fee_records_1 ON students.id = fee_records_1.student_id 
WHERE students.school_id = ? AND students.is_active = 1 ORDER BY students.student_name
2026-08-01 17:15:21,654 INFO sqlalchemy.engine.Engine [generated in 0.00080s] (1,)
2026-08-01 17:15:21 | INFO     | sqlalchemy.engine.Engine | [generated in 0.00080s] (1,)
2026-08-01 17:15:21,658 INFO sqlalchemy.engine.Engine SELECT schools.id AS schools_id, schools.name AS schools_name, schools.slug AS schools_slug, schools.phone AS schools_phone, schools.email AS schools_email, schools.address AS schools_address, schools.is_active AS schools_is_active, schools.created_at AS schools_created_at 
FROM schools 
WHERE schools.id = ?
 LIMIT ? OFFSET ?
2026-08-01 17:15:21 | INFO     | sqlalchemy.engine.Engine | SELECT schools.id AS schools_id, schools.name AS schools_name, schools.slug AS schools_slug, schools.phone AS schools_phone, schools.email AS schools_email, schools.address AS schools_address, schools.is_active AS schools_is_active, schools.created_at AS schools_created_at 
FROM schools 
WHERE schools.id = ?
 LIMIT ? OFFSET ?
2026-08-01 17:15:21,658 INFO sqlalchemy.engine.Engine [cached since 0.05184s ago] (1, 1, 0)
2026-08-01 17:15:21 | INFO     | sqlalchemy.engine.Engine | [cached since 0.05184s ago] (1, 1, 0)
2026-08-01 17:15:21,674 INFO sqlalchemy.engine.Engine SELECT students.id AS students_id, students.school_id AS students_school_id, students.student_name AS students_student_name, students.section AS students_section, students.class_name AS students_class_name, students.parent_name AS students_parent_name, students.parent_phone AS students_parent_phone, students.parent_email AS students_parent_email, students.is_active AS students_is_active, students.created_at AS students_created_at, fee_types_1.id AS fee_types_1_id, fee_types_1.school_id AS fee_types_1_school_id, fee_types_1.category_id AS fee_types_1_category_id, fee_types_1.section AS fee_types_1_section, fee_types_1.term AS fee_types_1_term, fee_types_1.amount_kobo AS fee_types_1_amount_kobo, fee_types_1.created_at AS fee_types_1_created_at, fee_records_1.id AS fee_records_1_id, fee_records_1.student_id AS fee_records_1_student_id, fee_records_1.fee_type_id AS fee_records_1_fee_type_id, fee_records_1.total_fees_kobo AS fee_records_1_total_fees_kobo, fee_records_1.amount_paid_kobo AS fee_records_1_amount_paid_kobo, fee_records_1.status AS fee_records_1_status, fee_records_1.created_at AS fee_records_1_created_at, fee_records_1.updated_at AS fee_records_1_updated_at 
FROM students LEFT OUTER JOIN fee_records AS fee_records_1 ON students.id = fee_records_1.student_id LEFT OUTER JOIN fee_types AS fee_types_1 ON fee_types_1.id = fee_records_1.fee_type_id 
WHERE students.school_id = ? AND students.is_active = 1
2026-08-01 17:15:21 | INFO     | sqlalchemy.engine.Engine | SELECT students.id AS students_id, students.school_id AS students_school_id, students.student_name AS students_student_name, students.section AS students_section, students.class_name AS students_class_name, students.parent_name AS students_parent_name, students.parent_phone AS students_parent_phone, students.parent_email AS students_parent_email, students.is_active AS students_is_active, students.created_at AS students_created_at, fee_types_1.id AS fee_types_1_id, fee_types_1.school_id AS fee_types_1_school_id, fee_types_1.category_id AS fee_types_1_category_id, fee_types_1.section AS fee_types_1_section, fee_types_1.term AS fee_types_1_term, fee_types_1.amount_kobo AS fee_types_1_amount_kobo, fee_types_1.created_at AS fee_types_1_created_at, fee_records_1.id AS fee_records_1_id, fee_records_1.student_id AS fee_records_1_student_id, fee_records_1.fee_type_id AS fee_records_1_fee_type_id, fee_records_1.total_fees_kobo AS fee_records_1_total_fees_kobo, fee_records_1.amount_paid_kobo AS fee_records_1_amount_paid_kobo, fee_records_1.status AS fee_records_1_status, fee_records_1.created_at AS fee_records_1_created_at, fee_records_1.updated_at AS fee_records_1_updated_at 
FROM students LEFT OUTER JOIN fee_records AS fee_records_1 ON students.id = fee_records_1.student_id LEFT OUTER JOIN fee_types AS fee_types_1 ON fee_types_1.id = fee_records_1.fee_type_id 
WHERE students.school_id = ? AND students.is_active = 1
2026-08-01 17:15:21,675 INFO sqlalchemy.engine.Engine [generated in 0.00053s] (1,)
2026-08-01 17:15:21 | INFO     | sqlalchemy.engine.Engine | [generated in 0.00053s] (1,)
2026-08-01 17:15:21,694 INFO sqlalchemy.engine.Engine SELECT students.id AS students_id, students.school_id AS students_school_id, students.student_name AS students_student_name, students.section AS students_section, students.class_name AS students_class_name, students.parent_name AS students_parent_name, students.parent_phone AS students_parent_phone, students.parent_email AS students_parent_email, students.is_active AS students_is_active, students.created_at AS students_created_at, fee_records_1.id AS fee_records_1_id, fee_records_1.student_id AS fee_records_1_student_id, fee_records_1.fee_type_id AS fee_records_1_fee_type_id, fee_records_1.total_fees_kobo AS fee_records_1_total_fees_kobo, fee_records_1.amount_paid_kobo AS fee_records_1_amount_paid_kobo, fee_records_1.status AS fee_records_1_status, fee_records_1.created_at AS fee_records_1_created_at, fee_records_1.updated_at AS fee_records_1_updated_at 
FROM students LEFT OUTER JOIN fee_records AS fee_records_1 ON students.id = fee_records_1.student_id 
WHERE students.school_id = ? AND students.is_active = 1
2026-08-01 17:15:21 | INFO     | sqlalchemy.engine.Engine | SELECT students.id AS students_id, students.school_id AS students_school_id, students.student_name AS students_student_name, students.section AS students_section, students.class_name AS students_class_name, students.parent_name AS students_parent_name, students.parent_phone AS students_parent_phone, students.parent_email AS students_parent_email, students.is_active AS students_is_active, students.created_at AS students_created_at, fee_records_1.id AS fee_records_1_id, fee_records_1.student_id AS fee_records_1_student_id, fee_records_1.fee_type_id AS fee_records_1_fee_type_id, fee_records_1.total_fees_kobo AS fee_records_1_total_fees_kobo, fee_records_1.amount_paid_kobo AS fee_records_1_amount_paid_kobo, fee_records_1.status AS fee_records_1_status, fee_records_1.created_at AS fee_records_1_created_at, fee_records_1.updated_at AS fee_records_1_updated_at 
FROM students LEFT OUTER JOIN fee_records AS fee_records_1 ON students.id = fee_records_1.student_id 
WHERE students.school_id = ? AND students.is_active = 1
2026-08-01 17:15:21,700 INFO sqlalchemy.engine.Engine [generated in 0.00570s] (1,)
2026-08-01 17:15:21 | INFO     | sqlalchemy.engine.Engine | [generated in 0.00570s] (1,)
INFO:     127.0.0.1:55940 - "GET /api/v1/dashboard/students?school_id=1 HTTP/1.1" 200 OK
2026-08-01 17:15:21,704 INFO sqlalchemy.engine.Engine ROLLBACK
2026-08-01 17:15:21 | INFO     | sqlalchemy.engine.Engine | ROLLBACK
2026-08-01 17:15:21,706 INFO sqlalchemy.engine.Engine SELECT fee_categories.id AS fee_categories_id, fee_categories.school_id AS fee_categories_school_id, fee_categories.name AS fee_categories_name, fee_categories.created_at AS fee_categories_created_at 
FROM fee_categories 
WHERE fee_categories.school_id = ? ORDER BY fee_categories.name
2026-08-01 17:15:21 | INFO     | sqlalchemy.engine.Engine | SELECT fee_categories.id AS fee_categories_id, fee_categories.school_id AS fee_categories_school_id, fee_categories.name AS fee_categories_name, fee_categories.created_at AS fee_categories_created_at 
FROM fee_categories 
WHERE fee_categories.school_id = ? ORDER BY fee_categories.name
2026-08-01 17:15:21,709 INFO sqlalchemy.engine.Engine [cached since 62.61s ago] (1,)
2026-08-01 17:15:21 | INFO     | sqlalchemy.engine.Engine | [cached since 62.61s ago] (1,)
2026-08-01 17:15:21,714 INFO sqlalchemy.engine.Engine SELECT fee_types.id AS fee_types_id, fee_types.school_id AS fee_types_school_id, fee_types.category_id AS fee_types_category_id, fee_types.section AS fee_types_section, fee_types.term AS fee_types_term, fee_types.amount_kobo AS fee_types_amount_kobo, fee_types.created_at AS fee_types_created_at 
FROM fee_types 
WHERE fee_types.category_id = ?
2026-08-01 17:15:21 | INFO     | sqlalchemy.engine.Engine | SELECT fee_types.id AS fee_types_id, fee_types.school_id AS fee_types_school_id, fee_types.category_id AS fee_types_category_id, fee_types.section AS fee_types_section, fee_types.term AS fee_types_term, fee_types.amount_kobo AS fee_types_amount_kobo, fee_types.created_at AS fee_types_created_at 
FROM fee_types 
WHERE fee_types.category_id = ?
2026-08-01 17:15:21,714 INFO sqlalchemy.engine.Engine [generated in 0.00065s] (8,)
2026-08-01 17:15:21 | INFO     | sqlalchemy.engine.Engine | [generated in 0.00065s] (8,)
2026-08-01 17:15:21,717 INFO sqlalchemy.engine.Engine BEGIN (implicit)
2026-08-01 17:15:21 | INFO     | sqlalchemy.engine.Engine | BEGIN (implicit)
2026-08-01 17:15:21,720 INFO sqlalchemy.engine.Engine SELECT fee_types.id AS fee_types_id, fee_types.school_id AS fee_types_school_id, fee_types.category_id AS fee_types_category_id, fee_types.section AS fee_types_section, fee_types.term AS fee_types_term, fee_types.amount_kobo AS fee_types_amount_kobo, fee_types.created_at AS fee_types_created_at 
FROM fee_types 
WHERE fee_types.category_id = ?
2026-08-01 17:15:21 | INFO     | sqlalchemy.engine.Engine | SELECT fee_types.id AS fee_types_id, fee_types.school_id AS fee_types_school_id, fee_types.category_id AS fee_types_category_id, fee_types.section AS fee_types_section, fee_types.term AS fee_types_term, fee_types.amount_kobo AS fee_types_amount_kobo, fee_types.created_at AS fee_types_created_at 
FROM fee_types 
WHERE fee_types.category_id = ?
2026-08-01 17:15:21,720 INFO sqlalchemy.engine.Engine SELECT users.id AS users_id, users.school_id AS users_school_id, users.email AS users_email, users.hashed_password AS users_hashed_password, users.role AS users_role, users.is_active AS users_is_active, users.created_at AS users_created_at, users.last_login AS users_last_login 
FROM users 
WHERE users.id = ?
 LIMIT ? OFFSET ?
2026-08-01 17:15:21 | INFO     | sqlalchemy.engine.Engine | SELECT users.id AS users_id, users.school_id AS users_school_id, users.email AS users_email, users.hashed_password AS users_hashed_password, users.role AS users_role, users.is_active AS users_is_active, users.created_at AS users_created_at, users.last_login AS users_last_login 
FROM users 
WHERE users.id = ?
 LIMIT ? OFFSET ?
2026-08-01 17:15:21,721 INFO sqlalchemy.engine.Engine [cached since 0.006921s ago] (3,)
2026-08-01 17:15:21 | INFO     | sqlalchemy.engine.Engine | [cached since 0.006921s ago] (3,)
2026-08-01 17:15:21,721 INFO sqlalchemy.engine.Engine [cached since 62.64s ago] (1, 1, 0)
2026-08-01 17:15:21 | INFO     | sqlalchemy.engine.Engine | [cached since 62.64s ago] (1, 1, 0)
2026-08-01 17:15:21,722 INFO sqlalchemy.engine.Engine SELECT fee_types.id AS fee_types_id, fee_types.school_id AS fee_types_school_id, fee_types.category_id AS fee_types_category_id, fee_types.section AS fee_types_section, fee_types.term AS fee_types_term, fee_types.amount_kobo AS fee_types_amount_kobo, fee_types.created_at AS fee_types_created_at 
FROM fee_types 
WHERE fee_types.category_id = ?
2026-08-01 17:15:21 | INFO     | sqlalchemy.engine.Engine | SELECT fee_types.id AS fee_types_id, fee_types.school_id AS fee_types_school_id, fee_types.category_id AS fee_types_category_id, fee_types.section AS fee_types_section, fee_types.term AS fee_types_term, fee_types.amount_kobo AS fee_types_amount_kobo, fee_types.created_at AS fee_types_created_at 
FROM fee_types 
WHERE fee_types.category_id = ?
2026-08-01 17:15:21,723 INFO sqlalchemy.engine.Engine [cached since 0.009261s ago] (6,)
2026-08-01 17:15:21 | INFO     | sqlalchemy.engine.Engine | [cached since 0.009261s ago] (6,)
2026-08-01 17:15:21,729 INFO sqlalchemy.engine.Engine SELECT fee_types.id AS fee_types_id, fee_types.school_id AS fee_types_school_id, fee_types.category_id AS fee_types_category_id, fee_types.section AS fee_types_section, fee_types.term AS fee_types_term, fee_types.amount_kobo AS fee_types_amount_kobo, fee_types.created_at AS fee_types_created_at 
FROM fee_types 
WHERE fee_types.category_id = ?
2026-08-01 17:15:21 | INFO     | sqlalchemy.engine.Engine | SELECT fee_types.id AS fee_types_id, fee_types.school_id AS fee_types_school_id, fee_types.category_id AS fee_types_category_id, fee_types.section AS fee_types_section, fee_types.term AS fee_types_term, fee_types.amount_kobo AS fee_types_amount_kobo, fee_types.created_at AS fee_types_created_at 
FROM fee_types 
WHERE fee_types.category_id = ?
2026-08-01 17:15:21,738 INFO sqlalchemy.engine.Engine SELECT activity_logs.id AS activity_logs_id, activity_logs.school_id AS activity_logs_school_id, activity_logs.student_id AS activity_logs_student_id, activity_logs.action AS activity_logs_action, activity_logs.description AS activity_logs_description, activity_logs.created_at AS activity_logs_created_at 
FROM activity_logs 
WHERE activity_logs.school_id = ? ORDER BY activity_logs.created_at DESC
 LIMIT ? OFFSET ?
2026-08-01 17:15:21 | INFO     | sqlalchemy.engine.Engine | SELECT activity_logs.id AS activity_logs_id, activity_logs.school_id AS activity_logs_school_id, activity_logs.student_id AS activity_logs_student_id, activity_logs.action AS activity_logs_action, activity_logs.description AS activity_logs_description, activity_logs.created_at AS activity_logs_created_at 
FROM activity_logs 
WHERE activity_logs.school_id = ? ORDER BY activity_logs.created_at DESC
 LIMIT ? OFFSET ?
2026-08-01 17:15:21,738 INFO sqlalchemy.engine.Engine [generated in 0.00089s] (1, 6, 0)
2026-08-01 17:15:21 | INFO     | sqlalchemy.engine.Engine | [generated in 0.00089s] (1, 6, 0)
2026-08-01 17:15:21,738 INFO sqlalchemy.engine.Engine [cached since 0.02408s ago] (4,)
2026-08-01 17:15:21 | INFO     | sqlalchemy.engine.Engine | [cached since 0.02408s ago] (4,)
2026-08-01 17:15:21,740 INFO sqlalchemy.engine.Engine SELECT fee_types.id AS fee_types_id, fee_types.school_id AS fee_types_school_id, fee_types.category_id AS fee_types_category_id, fee_types.section AS fee_types_section, fee_types.term AS fee_types_term, fee_types.amount_kobo AS fee_types_amount_kobo, fee_types.created_at AS fee_types_created_at 
FROM fee_types 
WHERE fee_types.category_id = ?
2026-08-01 17:15:21 | INFO     | sqlalchemy.engine.Engine | SELECT fee_types.id AS fee_types_id, fee_types.school_id AS fee_types_school_id, fee_types.category_id AS fee_types_category_id, fee_types.section AS fee_types_section, fee_types.term AS fee_types_term, fee_types.amount_kobo AS fee_types_amount_kobo, fee_types.created_at AS fee_types_created_at 
FROM fee_types 
WHERE fee_types.category_id = ?
2026-08-01 17:15:21,741 INFO sqlalchemy.engine.Engine [cached since 0.02696s ago] (7,)
2026-08-01 17:15:21 | INFO     | sqlalchemy.engine.Engine | [cached since 0.02696s ago] (7,)
2026-08-01 17:15:21,742 INFO sqlalchemy.engine.Engine SELECT fee_types.id AS fee_types_id, fee_types.school_id AS fee_types_school_id, fee_types.category_id AS fee_types_category_id, fee_types.section AS fee_types_section, fee_types.term AS fee_types_term, fee_types.amount_kobo AS fee_types_amount_kobo, fee_types.created_at AS fee_types_created_at 
FROM fee_types 
WHERE fee_types.category_id = ?
2026-08-01 17:15:21 | INFO     | sqlalchemy.engine.Engine | SELECT fee_types.id AS fee_types_id, fee_types.school_id AS fee_types_school_id, fee_types.category_id AS fee_types_category_id, fee_types.section AS fee_types_section, fee_types.term AS fee_types_term, fee_types.amount_kobo AS fee_types_amount_kobo, fee_types.created_at AS fee_types_created_at 
FROM fee_types 
WHERE fee_types.category_id = ?
2026-08-01 17:15:21,743 INFO sqlalchemy.engine.Engine [cached since 0.02903s ago] (2,)
2026-08-01 17:15:21 | INFO     | sqlalchemy.engine.Engine | [cached since 0.02903s ago] (2,)
INFO:     127.0.0.1:55940 - "GET /api/v1/activity/?school_id=1&limit=6 HTTP/1.1" 200 OK
2026-08-01 17:15:21,867 INFO sqlalchemy.engine.Engine SELECT fee_records.id AS fee_records_id, fee_records.student_id AS fee_records_student_id, fee_records.fee_type_id AS fee_records_fee_type_id, fee_records.total_fees_kobo AS fee_records_total_fees_kobo, fee_records.amount_paid_kobo AS fee_records_amount_paid_kobo, fee_records.status AS fee_records_status, fee_records.created_at AS fee_records_created_at, fee_records.updated_at AS fee_records_updated_at 
FROM fee_records 
WHERE fee_records.fee_type_id IN (?)
2026-08-01 17:15:21 | INFO     | sqlalchemy.engine.Engine | SELECT fee_records.id AS fee_records_id, fee_records.student_id AS fee_records_student_id, fee_records.fee_type_id AS fee_records_fee_type_id, fee_records.total_fees_kobo AS fee_records_total_fees_kobo, fee_records.amount_paid_kobo AS fee_records_amount_paid_kobo, fee_records.status AS fee_records_status, fee_records.created_at AS fee_records_created_at, fee_records.updated_at AS fee_records_updated_at 
FROM fee_records 
WHERE fee_records.fee_type_id IN (?)
2026-08-01 17:15:21,870 INFO sqlalchemy.engine.Engine [generated in 0.00426s] (2,)
2026-08-01 17:15:21 | INFO     | sqlalchemy.engine.Engine | [generated in 0.00426s] (2,)
2026-08-01 17:15:21,884 INFO sqlalchemy.engine.Engine ROLLBACK
2026-08-01 17:15:21 | INFO     | sqlalchemy.engine.Engine | ROLLBACK
2026-08-01 17:15:21,890 INFO sqlalchemy.engine.Engine SELECT fee_types.id AS fee_types_id, fee_types.school_id AS fee_types_school_id, fee_types.category_id AS fee_types_category_id, fee_types.section AS fee_types_section, fee_types.term AS fee_types_term, fee_types.amount_kobo AS fee_types_amount_kobo, fee_types.created_at AS fee_types_created_at 
FROM fee_types 
WHERE fee_types.category_id = ?
2026-08-01 17:15:21 | INFO     | sqlalchemy.engine.Engine | SELECT fee_types.id AS fee_types_id, fee_types.school_id AS fee_types_school_id, fee_types.category_id AS fee_types_category_id, fee_types.section AS fee_types_section, fee_types.term AS fee_types_term, fee_types.amount_kobo AS fee_types_amount_kobo, fee_types.created_at AS fee_types_created_at 
FROM fee_types 
WHERE fee_types.category_id = ?
2026-08-01 17:15:21,893 INFO sqlalchemy.engine.Engine [cached since 0.179s ago] (1,)
2026-08-01 17:15:21 | INFO     | sqlalchemy.engine.Engine | [cached since 0.179s ago] (1,)
2026-08-01 17:15:21,896 INFO sqlalchemy.engine.Engine SELECT fee_records.id AS fee_records_id, fee_records.student_id AS fee_records_student_id, fee_records.fee_type_id AS fee_records_fee_type_id, fee_records.total_fees_kobo AS fee_records_total_fees_kobo, fee_records.amount_paid_kobo AS fee_records_amount_paid_kobo, fee_records.status AS fee_records_status, fee_records.created_at AS fee_records_created_at, fee_records.updated_at AS fee_records_updated_at 
FROM fee_records 
WHERE fee_records.fee_type_id IN (?)
2026-08-01 17:15:21 | INFO     | sqlalchemy.engine.Engine | SELECT fee_records.id AS fee_records_id, fee_records.student_id AS fee_records_student_id, fee_records.fee_type_id AS fee_records_fee_type_id, fee_records.total_fees_kobo AS fee_records_total_fees_kobo, fee_records.amount_paid_kobo AS fee_records_amount_paid_kobo, fee_records.status AS fee_records_status, fee_records.created_at AS fee_records_created_at, fee_records.updated_at AS fee_records_updated_at 
FROM fee_records 
WHERE fee_records.fee_type_id IN (?)
2026-08-01 17:15:21,899 INFO sqlalchemy.engine.Engine [cached since 0.0327s ago] (1,)
2026-08-01 17:15:21 | INFO     | sqlalchemy.engine.Engine | [cached since 0.0327s ago] (1,)
2026-08-01 17:15:21,906 INFO sqlalchemy.engine.Engine BEGIN (implicit)
2026-08-01 17:15:21 | INFO     | sqlalchemy.engine.Engine | BEGIN (implicit)
2026-08-01 17:15:21,907 INFO sqlalchemy.engine.Engine SELECT fee_types.id AS fee_types_id, fee_types.school_id AS fee_types_school_id, fee_types.category_id AS fee_types_category_id, fee_types.section AS fee_types_section, fee_types.term AS fee_types_term, fee_types.amount_kobo AS fee_types_amount_kobo, fee_types.created_at AS fee_types_created_at 
FROM fee_types 
WHERE fee_types.category_id = ?
2026-08-01 17:15:21 | INFO     | sqlalchemy.engine.Engine | SELECT fee_types.id AS fee_types_id, fee_types.school_id AS fee_types_school_id, fee_types.category_id AS fee_types_category_id, fee_types.section AS fee_types_section, fee_types.term AS fee_types_term, fee_types.amount_kobo AS fee_types_amount_kobo, fee_types.created_at AS fee_types_created_at 
FROM fee_types 
WHERE fee_types.category_id = ?
2026-08-01 17:15:21,908 INFO sqlalchemy.engine.Engine SELECT users.id AS users_id, users.school_id AS users_school_id, users.email AS users_email, users.hashed_password AS users_hashed_password, users.role AS users_role, users.is_active AS users_is_active, users.created_at AS users_created_at, users.last_login AS users_last_login 
FROM users 
WHERE users.id = ?
 LIMIT ? OFFSET ?
2026-08-01 17:15:21 | INFO     | sqlalchemy.engine.Engine | SELECT users.id AS users_id, users.school_id AS users_school_id, users.email AS users_email, users.hashed_password AS users_hashed_password, users.role AS users_role, users.is_active AS users_is_active, users.created_at AS users_created_at, users.last_login AS users_last_login 
FROM users 
WHERE users.id = ?
 LIMIT ? OFFSET ?
2026-08-01 17:15:21,908 INFO sqlalchemy.engine.Engine [cached since 0.1946s ago] (5,)
2026-08-01 17:15:21 | INFO     | sqlalchemy.engine.Engine | [cached since 0.1946s ago] (5,)
2026-08-01 17:15:21,909 INFO sqlalchemy.engine.Engine [cached since 62.82s ago] (1, 1, 0)
2026-08-01 17:15:21 | INFO     | sqlalchemy.engine.Engine | [cached since 62.82s ago] (1, 1, 0)
2026-08-01 17:15:21,911 INFO sqlalchemy.engine.Engine BEGIN (implicit)
2026-08-01 17:15:21 | INFO     | sqlalchemy.engine.Engine | BEGIN (implicit)
2026-08-01 17:15:21,911 INFO sqlalchemy.engine.Engine SELECT users.id AS users_id, users.school_id AS users_school_id, users.email AS users_email, users.hashed_password AS users_hashed_password, users.role AS users_role, users.is_active AS users_is_active, users.created_at AS users_created_at, users.last_login AS users_last_login 
FROM users 
WHERE users.id = ?
 LIMIT ? OFFSET ?
2026-08-01 17:15:21 | INFO     | sqlalchemy.engine.Engine | SELECT users.id AS users_id, users.school_id AS users_school_id, users.email AS users_email, users.hashed_password AS users_hashed_password, users.role AS users_role, users.is_active AS users_is_active, users.created_at AS users_created_at, users.last_login AS users_last_login 
FROM users 
WHERE users.id = ?
 LIMIT ? OFFSET ?
2026-08-01 17:15:21,913 INFO sqlalchemy.engine.Engine [cached since 62.83s ago] (1, 1, 0)
2026-08-01 17:15:21 | INFO     | sqlalchemy.engine.Engine | [cached since 62.83s ago] (1, 1, 0)
2026-08-01 17:15:21,912 INFO sqlalchemy.engine.Engine BEGIN (implicit)
INFO:     127.0.0.1:55942 - "GET /api/v1/dashboard/summary?school_id=1 HTTP/1.1" 200 OK
2026-08-01 17:15:21 | INFO     | sqlalchemy.engine.Engine | BEGIN (implicit)
2026-08-01 17:15:21,916 INFO sqlalchemy.engine.Engine SELECT users.id AS users_id, users.school_id AS users_school_id, users.email AS users_email, users.hashed_password AS users_hashed_password, users.role AS users_role, users.is_active AS users_is_active, users.created_at AS users_created_at, users.last_login AS users_last_login 
FROM users 
WHERE users.id = ?
 LIMIT ? OFFSET ?
2026-08-01 17:15:21 | INFO     | sqlalchemy.engine.Engine | SELECT users.id AS users_id, users.school_id AS users_school_id, users.email AS users_email, users.hashed_password AS users_hashed_password, users.role AS users_role, users.is_active AS users_is_active, users.created_at AS users_created_at, users.last_login AS users_last_login 
FROM users 
WHERE users.id = ?
 LIMIT ? OFFSET ?
2026-08-01 17:15:21,922 INFO sqlalchemy.engine.Engine ROLLBACK
2026-08-01 17:15:21 | INFO     | sqlalchemy.engine.Engine | ROLLBACK
2026-08-01 17:15:21,922 INFO sqlalchemy.engine.Engine [cached since 62.84s ago] (1, 1, 0)
2026-08-01 17:15:21 | INFO     | sqlalchemy.engine.Engine | [cached since 62.84s ago] (1, 1, 0)
2026-08-01 17:15:21,923 INFO sqlalchemy.engine.Engine SELECT fee_categories.id AS fee_categories_id, fee_categories.school_id AS fee_categories_school_id, fee_categories.name AS fee_categories_name, fee_categories.created_at AS fee_categories_created_at 
FROM fee_categories 
WHERE fee_categories.school_id = ? ORDER BY fee_categories.name
2026-08-01 17:15:21,926 INFO sqlalchemy.engine.Engine SELECT fee_types.id AS fee_types_id, fee_types.school_id AS fee_types_school_id, fee_types.category_id AS fee_types_category_id, fee_types.section AS fee_types_section, fee_types.term AS fee_types_term, fee_types.amount_kobo AS fee_types_amount_kobo, fee_types.created_at AS fee_types_created_at, fee_categories_1.id AS fee_categories_1_id, fee_categories_1.school_id AS fee_categories_1_school_id, fee_categories_1.name AS fee_categories_1_name, fee_categories_1.created_at AS fee_categories_1_created_at 
FROM fee_types LEFT OUTER JOIN fee_categories AS fee_categories_1 ON fee_categories_1.id = fee_types.category_id 
WHERE fee_types.school_id = ? ORDER BY fee_types.term DESC, fee_types.section
2026-08-01 17:15:21 | INFO     | sqlalchemy.engine.Engine | SELECT fee_categories.id AS fee_categories_id, fee_categories.school_id AS fee_categories_school_id, fee_categories.name AS fee_categories_name, fee_categories.created_at AS fee_categories_created_at 
FROM fee_categories 
WHERE fee_categories.school_id = ? ORDER BY fee_categories.name
2026-08-01 17:15:21,927 INFO sqlalchemy.engine.Engine [cached since 62.83s ago] (1,)
2026-08-01 17:15:21 | INFO     | sqlalchemy.engine.Engine | SELECT fee_types.id AS fee_types_id, fee_types.school_id AS fee_types_school_id, fee_types.category_id AS fee_types_category_id, fee_types.section AS fee_types_section, fee_types.term AS fee_types_term, fee_types.amount_kobo AS fee_types_amount_kobo, fee_types.created_at AS fee_types_created_at, fee_categories_1.id AS fee_categories_1_id, fee_categories_1.school_id AS fee_categories_1_school_id, fee_categories_1.name AS fee_categories_1_name, fee_categories_1.created_at AS fee_categories_1_created_at 
FROM fee_types LEFT OUTER JOIN fee_categories AS fee_categories_1 ON fee_categories_1.id = fee_types.category_id 
WHERE fee_types.school_id = ? ORDER BY fee_types.term DESC, fee_types.section
2026-08-01 17:15:21 | INFO     | sqlalchemy.engine.Engine | [cached since 62.83s ago] (1,)
2026-08-01 17:15:21,927 INFO sqlalchemy.engine.Engine [generated in 0.00173s] (1,)
2026-08-01 17:15:21 | INFO     | sqlalchemy.engine.Engine | [generated in 0.00173s] (1,)
2026-08-01 17:15:21,933 INFO sqlalchemy.engine.Engine SELECT activity_logs.id AS activity_logs_id, activity_logs.school_id AS activity_logs_school_id, activity_logs.student_id AS activity_logs_student_id, activity_logs.action AS activity_logs_action, activity_logs.description AS activity_logs_description, activity_logs.created_at AS activity_logs_created_at 
FROM activity_logs 
WHERE activity_logs.school_id = ? ORDER BY activity_logs.created_at DESC
 LIMIT ? OFFSET ?
2026-08-01 17:15:21 | INFO     | sqlalchemy.engine.Engine | SELECT activity_logs.id AS activity_logs_id, activity_logs.school_id AS activity_logs_school_id, activity_logs.student_id AS activity_logs_student_id, activity_logs.action AS activity_logs_action, activity_logs.description AS activity_logs_description, activity_logs.created_at AS activity_logs_created_at 
FROM activity_logs 
WHERE activity_logs.school_id = ? ORDER BY activity_logs.created_at DESC
 LIMIT ? OFFSET ?
2026-08-01 17:15:21,933 INFO sqlalchemy.engine.Engine [cached since 0.1954s ago] (1, 100, 0)
2026-08-01 17:15:21 | INFO     | sqlalchemy.engine.Engine | [cached since 0.1954s ago] (1, 100, 0)
INFO:     127.0.0.1:55947 - "GET /api/v1/fees/categories?school_id=1 HTTP/1.1" 200 OK
INFO:     127.0.0.1:55940 - "GET /api/v1/fees/types?school_id=1 HTTP/1.1" 200 OK
2026-08-01 17:15:21,941 INFO sqlalchemy.engine.Engine ROLLBACK
2026-08-01 17:15:21 | INFO     | sqlalchemy.engine.Engine | ROLLBACK
INFO:     127.0.0.1:55948 - "GET /api/v1/activity/?school_id=1&limit=100 HTTP/1.1" 200 OK
2026-08-01 17:15:21,942 INFO sqlalchemy.engine.Engine ROLLBACK
2026-08-01 17:15:21 | INFO     | sqlalchemy.engine.Engine | ROLLBACK
2026-08-01 17:15:21,944 INFO sqlalchemy.engine.Engine ROLLBACK
2026-08-01 17:15:21 | INFO     | sqlalchemy.engine.Engine | ROLLBACK
2026-08-01 17:15:38,449 INFO sqlalchemy.engine.Engine BEGIN (implicit)
2026-08-01 17:15:38 | INFO     | sqlalchemy.engine.Engine | BEGIN (implicit)
2026-08-01 17:15:38,452 INFO sqlalchemy.engine.Engine SELECT users.id AS users_id, users.school_id AS users_school_id, users.email AS users_email, users.hashed_password AS users_hashed_password, users.role AS users_role, users.is_active AS users_is_active, users.created_at AS users_created_at, users.last_login AS users_last_login 
FROM users 
WHERE users.id = ?
 LIMIT ? OFFSET ?
2026-08-01 17:15:38 | INFO     | sqlalchemy.engine.Engine | SELECT users.id AS users_id, users.school_id AS users_school_id, users.email AS users_email, users.hashed_password AS users_hashed_password, users.role AS users_role, users.is_active AS users_is_active, users.created_at AS users_created_at, users.last_login AS users_last_login 
FROM users 
WHERE users.id = ?
 LIMIT ? OFFSET ?
2026-08-01 17:15:38,452 INFO sqlalchemy.engine.Engine [cached since 79.37s ago] (1, 1, 0)
2026-08-01 17:15:38 | INFO     | sqlalchemy.engine.Engine | [cached since 79.37s ago] (1, 1, 0)
2026-08-01 17:15:38,495 INFO sqlalchemy.engine.Engine SELECT anon_1.students_id AS anon_1_students_id, anon_1.students_school_id AS anon_1_students_school_id, anon_1.students_student_name AS anon_1_students_student_name, anon_1.students_section AS anon_1_students_section, anon_1.students_class_name AS anon_1_students_class_name, anon_1.students_parent_name AS anon_1_students_parent_name, anon_1.students_parent_phone AS anon_1_students_parent_phone, anon_1.students_parent_email AS anon_1_students_parent_email, anon_1.students_is_active AS anon_1_students_is_active, anon_1.students_created_at AS anon_1_students_created_at, fee_categories_1.id AS fee_categories_1_id, fee_categories_1.school_id AS fee_categories_1_school_id, fee_categories_1.name AS fee_categories_1_name, fee_categories_1.created_at AS fee_categories_1_created_at, fee_types_1.id AS fee_types_1_id, fee_types_1.school_id AS fee_types_1_school_id, fee_types_1.category_id AS fee_types_1_category_id, fee_types_1.section AS fee_types_1_section, fee_types_1.term AS fee_types_1_term, fee_types_1.amount_kobo AS fee_types_1_amount_kobo, fee_types_1.created_at AS fee_types_1_created_at, payments_1.id AS payments_1_id, payments_1.fee_record_id AS payments_1_fee_record_id, payments_1.amount_kobo AS payments_1_amount_kobo, payments_1.method AS payments_1_method, payments_1.paystack_reference AS payments_1_paystack_reference, payments_1.recorded_by AS payments_1_recorded_by, payments_1.note AS payments_1_note, payments_1.paid_at AS payments_1_paid_at, payments_1.created_at AS payments_1_created_at, fee_records_1.id AS fee_records_1_id, fee_records_1.student_id AS fee_records_1_student_id, fee_records_1.fee_type_id AS fee_records_1_fee_type_id, fee_records_1.total_fees_kobo AS fee_records_1_total_fees_kobo, fee_records_1.amount_paid_kobo AS fee_records_1_amount_paid_kobo, fee_records_1.status AS fee_records_1_status, fee_records_1.created_at AS fee_records_1_created_at, fee_records_1.updated_at AS fee_records_1_updated_at 
FROM (SELECT students.id AS students_id, students.school_id AS students_school_id, students.student_name AS students_student_name, students.section AS students_section, students.class_name AS students_class_name, students.parent_name AS students_parent_name, students.parent_phone AS students_parent_phone, students.parent_email AS students_parent_email, students.is_active AS students_is_active, students.created_at AS students_created_at 
FROM students 
WHERE students.id = ?
 LIMIT ? OFFSET ?) AS anon_1 LEFT OUTER JOIN fee_records AS fee_records_1 ON anon_1.students_id = fee_records_1.student_id LEFT OUTER JOIN fee_types AS fee_types_1 ON fee_types_1.id = fee_records_1.fee_type_id LEFT OUTER JOIN fee_categories AS fee_categories_1 ON fee_categories_1.id = fee_types_1.category_id LEFT OUTER JOIN payments AS payments_1 ON fee_records_1.id = payments_1.fee_record_id
2026-08-01 17:15:38 | INFO     | sqlalchemy.engine.Engine | SELECT anon_1.students_id AS anon_1_students_id, anon_1.students_school_id AS anon_1_students_school_id, anon_1.students_student_name AS anon_1_students_student_name, anon_1.students_section AS anon_1_students_section, anon_1.students_class_name AS anon_1_students_class_name, anon_1.students_parent_name AS anon_1_students_parent_name, anon_1.students_parent_phone AS anon_1_students_parent_phone, anon_1.students_parent_email AS anon_1_students_parent_email, anon_1.students_is_active AS anon_1_students_is_active, anon_1.students_created_at AS anon_1_students_created_at, fee_categories_1.id AS fee_categories_1_id, fee_categories_1.school_id AS fee_categories_1_school_id, fee_categories_1.name AS fee_categories_1_name, fee_categories_1.created_at AS fee_categories_1_created_at, fee_types_1.id AS fee_types_1_id, fee_types_1.school_id AS fee_types_1_school_id, fee_types_1.category_id AS fee_types_1_category_id, fee_types_1.section AS fee_types_1_section, fee_types_1.term AS fee_types_1_term, fee_types_1.amount_kobo AS fee_types_1_amount_kobo, fee_types_1.created_at AS fee_types_1_created_at, payments_1.id AS payments_1_id, payments_1.fee_record_id AS payments_1_fee_record_id, payments_1.amount_kobo AS payments_1_amount_kobo, payments_1.method AS payments_1_method, payments_1.paystack_reference AS payments_1_paystack_reference, payments_1.recorded_by AS payments_1_recorded_by, payments_1.note AS payments_1_note, payments_1.paid_at AS payments_1_paid_at, payments_1.created_at AS payments_1_created_at, fee_records_1.id AS fee_records_1_id, fee_records_1.student_id AS fee_records_1_student_id, fee_records_1.fee_type_id AS fee_records_1_fee_type_id, fee_records_1.total_fees_kobo AS fee_records_1_total_fees_kobo, fee_records_1.amount_paid_kobo AS fee_records_1_amount_paid_kobo, fee_records_1.status AS fee_records_1_status, fee_records_1.created_at AS fee_records_1_created_at, fee_records_1.updated_at AS fee_records_1_updated_at 
FROM (SELECT students.id AS students_id, students.school_id AS students_school_id, students.student_name AS students_student_name, students.section AS students_section, students.class_name AS students_class_name, students.parent_name AS students_parent_name, students.parent_phone AS students_parent_phone, students.parent_email AS students_parent_email, students.is_active AS students_is_active, students.created_at AS students_created_at 
FROM students 
WHERE students.id = ?
 LIMIT ? OFFSET ?) AS anon_1 LEFT OUTER JOIN fee_records AS fee_records_1 ON anon_1.students_id = fee_records_1.student_id LEFT OUTER JOIN fee_types AS fee_types_1 ON fee_types_1.id = fee_records_1.fee_type_id LEFT OUTER JOIN fee_categories AS fee_categories_1 ON fee_categories_1.id = fee_types_1.category_id LEFT OUTER JOIN payments AS payments_1 ON fee_records_1.id = payments_1.fee_record_id
2026-08-01 17:15:38,495 INFO sqlalchemy.engine.Engine [generated in 0.00072s] (3, 1, 0)
2026-08-01 17:15:38 | INFO     | sqlalchemy.engine.Engine | [generated in 0.00072s] (3, 1, 0)
2026-08-01 17:15:38,511 INFO sqlalchemy.engine.Engine SELECT activity_logs.id AS activity_logs_id, activity_logs.school_id AS activity_logs_school_id, activity_logs.student_id AS activity_logs_student_id, activity_logs.action AS activity_logs_action, activity_logs.description AS activity_logs_description, activity_logs.created_at AS activity_logs_created_at 
FROM activity_logs 
WHERE activity_logs.student_id = ? ORDER BY activity_logs.created_at DESC
2026-08-01 17:15:38 | INFO     | sqlalchemy.engine.Engine | SELECT activity_logs.id AS activity_logs_id, activity_logs.school_id AS activity_logs_school_id, activity_logs.student_id AS activity_logs_student_id, activity_logs.action AS activity_logs_action, activity_logs.description AS activity_logs_description, activity_logs.created_at AS activity_logs_created_at 
FROM activity_logs 
WHERE activity_logs.student_id = ? ORDER BY activity_logs.created_at DESC
2026-08-01 17:15:38,511 INFO sqlalchemy.engine.Engine [generated in 0.00063s] (3,)
2026-08-01 17:15:38 | INFO     | sqlalchemy.engine.Engine | [generated in 0.00063s] (3,)
INFO:     127.0.0.1:55949 - "GET /api/v1/dashboard/students/3 HTTP/1.1" 200 OK
2026-08-01 17:15:38,515 INFO sqlalchemy.engine.Engine ROLLBACK
2026-08-01 17:15:38 | INFO     | sqlalchemy.engine.Engine | ROLLBACK
2026-08-01 17:15:54,215 INFO sqlalchemy.engine.Engine BEGIN (implicit)
2026-08-01 17:15:54 | INFO     | sqlalchemy.engine.Engine | BEGIN (implicit)
2026-08-01 17:15:54,218 INFO sqlalchemy.engine.Engine SELECT users.id AS users_id, users.school_id AS users_school_id, users.email AS users_email, users.hashed_password AS users_hashed_password, users.role AS users_role, users.is_active AS users_is_active, users.created_at AS users_created_at, users.last_login AS users_last_login 
FROM users 
WHERE users.id = ?
 LIMIT ? OFFSET ?
2026-08-01 17:15:54 | INFO     | sqlalchemy.engine.Engine | SELECT users.id AS users_id, users.school_id AS users_school_id, users.email AS users_email, users.hashed_password AS users_hashed_password, users.role AS users_role, users.is_active AS users_is_active, users.created_at AS users_created_at, users.last_login AS users_last_login 
FROM users 
WHERE users.id = ?
 LIMIT ? OFFSET ?
2026-08-01 17:15:54,218 INFO sqlalchemy.engine.Engine [cached since 95.13s ago] (1, 1, 0)
2026-08-01 17:15:54 | INFO     | sqlalchemy.engine.Engine | [cached since 95.13s ago] (1, 1, 0)
2026-08-01 17:15:54,221 INFO sqlalchemy.engine.Engine SELECT anon_1.students_id AS anon_1_students_id, anon_1.students_school_id AS anon_1_students_school_id, anon_1.students_student_name AS anon_1_students_student_name, anon_1.students_section AS anon_1_students_section, anon_1.students_class_name AS anon_1_students_class_name, anon_1.students_parent_name AS anon_1_students_parent_name, anon_1.students_parent_phone AS anon_1_students_parent_phone, anon_1.students_parent_email AS anon_1_students_parent_email, anon_1.students_is_active AS anon_1_students_is_active, anon_1.students_created_at AS anon_1_students_created_at, fee_categories_1.id AS fee_categories_1_id, fee_categories_1.school_id AS fee_categories_1_school_id, fee_categories_1.name AS fee_categories_1_name, fee_categories_1.created_at AS fee_categories_1_created_at, fee_types_1.id AS fee_types_1_id, fee_types_1.school_id AS fee_types_1_school_id, fee_types_1.category_id AS fee_types_1_category_id, fee_types_1.section AS fee_types_1_section, fee_types_1.term AS fee_types_1_term, fee_types_1.amount_kobo AS fee_types_1_amount_kobo, fee_types_1.created_at AS fee_types_1_created_at, payments_1.id AS payments_1_id, payments_1.fee_record_id AS payments_1_fee_record_id, payments_1.amount_kobo AS payments_1_amount_kobo, payments_1.method AS payments_1_method, payments_1.paystack_reference AS payments_1_paystack_reference, payments_1.recorded_by AS payments_1_recorded_by, payments_1.note AS payments_1_note, payments_1.paid_at AS payments_1_paid_at, payments_1.created_at AS payments_1_created_at, fee_records_1.id AS fee_records_1_id, fee_records_1.student_id AS fee_records_1_student_id, fee_records_1.fee_type_id AS fee_records_1_fee_type_id, fee_records_1.total_fees_kobo AS fee_records_1_total_fees_kobo, fee_records_1.amount_paid_kobo AS fee_records_1_amount_paid_kobo, fee_records_1.status AS fee_records_1_status, fee_records_1.created_at AS fee_records_1_created_at, fee_records_1.updated_at AS fee_records_1_updated_at 
FROM (SELECT students.id AS students_id, students.school_id AS students_school_id, students.student_name AS students_student_name, students.section AS students_section, students.class_name AS students_class_name, students.parent_name AS students_parent_name, students.parent_phone AS students_parent_phone, students.parent_email AS students_parent_email, students.is_active AS students_is_active, students.created_at AS students_created_at 
FROM students 
WHERE students.id = ?
 LIMIT ? OFFSET ?) AS anon_1 LEFT OUTER JOIN fee_records AS fee_records_1 ON anon_1.students_id = fee_records_1.student_id LEFT OUTER JOIN fee_types AS fee_types_1 ON fee_types_1.id = fee_records_1.fee_type_id LEFT OUTER JOIN fee_categories AS fee_categories_1 ON fee_categories_1.id = fee_types_1.category_id LEFT OUTER JOIN payments AS payments_1 ON fee_records_1.id = payments_1.fee_record_id
2026-08-01 17:15:54 | INFO     | sqlalchemy.engine.Engine | SELECT anon_1.students_id AS anon_1_students_id, anon_1.students_school_id AS anon_1_students_school_id, anon_1.students_student_name AS anon_1_students_student_name, anon_1.students_section AS anon_1_students_section, anon_1.students_class_name AS anon_1_students_class_name, anon_1.students_parent_name AS anon_1_students_parent_name, anon_1.students_parent_phone AS anon_1_students_parent_phone, anon_1.students_parent_email AS anon_1_students_parent_email, anon_1.students_is_active AS anon_1_students_is_active, anon_1.students_created_at AS anon_1_students_created_at, fee_categories_1.id AS fee_categories_1_id, fee_categories_1.school_id AS fee_categories_1_school_id, fee_categories_1.name AS fee_categories_1_name, fee_categories_1.created_at AS fee_categories_1_created_at, fee_types_1.id AS fee_types_1_id, fee_types_1.school_id AS fee_types_1_school_id, fee_types_1.category_id AS fee_types_1_category_id, fee_types_1.section AS fee_types_1_section, fee_types_1.term AS fee_types_1_term, fee_types_1.amount_kobo AS fee_types_1_amount_kobo, fee_types_1.created_at AS fee_types_1_created_at, payments_1.id AS payments_1_id, payments_1.fee_record_id AS payments_1_fee_record_id, payments_1.amount_kobo AS payments_1_amount_kobo, payments_1.method AS payments_1_method, payments_1.paystack_reference AS payments_1_paystack_reference, payments_1.recorded_by AS payments_1_recorded_by, payments_1.note AS payments_1_note, payments_1.paid_at AS payments_1_paid_at, payments_1.created_at AS payments_1_created_at, fee_records_1.id AS fee_records_1_id, fee_records_1.student_id AS fee_records_1_student_id, fee_records_1.fee_type_id AS fee_records_1_fee_type_id, fee_records_1.total_fees_kobo AS fee_records_1_total_fees_kobo, fee_records_1.amount_paid_kobo AS fee_records_1_amount_paid_kobo, fee_records_1.status AS fee_records_1_status, fee_records_1.created_at AS fee_records_1_created_at, fee_records_1.updated_at AS fee_records_1_updated_at 
FROM (SELECT students.id AS students_id, students.school_id AS students_school_id, students.student_name AS students_student_name, students.section AS students_section, students.class_name AS students_class_name, students.parent_name AS students_parent_name, students.parent_phone AS students_parent_phone, students.parent_email AS students_parent_email, students.is_active AS students_is_active, students.created_at AS students_created_at 
FROM students 
WHERE students.id = ?
 LIMIT ? OFFSET ?) AS anon_1 LEFT OUTER JOIN fee_records AS fee_records_1 ON anon_1.students_id = fee_records_1.student_id LEFT OUTER JOIN fee_types AS fee_types_1 ON fee_types_1.id = fee_records_1.fee_type_id LEFT OUTER JOIN fee_categories AS fee_categories_1 ON fee_categories_1.id = fee_types_1.category_id LEFT OUTER JOIN payments AS payments_1 ON fee_records_1.id = payments_1.fee_record_id
2026-08-01 17:15:54,222 INFO sqlalchemy.engine.Engine [cached since 15.73s ago] (1, 1, 0)
2026-08-01 17:15:54 | INFO     | sqlalchemy.engine.Engine | [cached since 15.73s ago] (1, 1, 0)
2026-08-01 17:15:54,225 INFO sqlalchemy.engine.Engine SELECT activity_logs.id AS activity_logs_id, activity_logs.school_id AS activity_logs_school_id, activity_logs.student_id AS activity_logs_student_id, activity_logs.action AS activity_logs_action, activity_logs.description AS activity_logs_description, activity_logs.created_at AS activity_logs_created_at 
FROM activity_logs 
WHERE activity_logs.student_id = ? ORDER BY activity_logs.created_at DESC
2026-08-01 17:15:54 | INFO     | sqlalchemy.engine.Engine | SELECT activity_logs.id AS activity_logs_id, activity_logs.school_id AS activity_logs_school_id, activity_logs.student_id AS activity_logs_student_id, activity_logs.action AS activity_logs_action, activity_logs.description AS activity_logs_description, activity_logs.created_at AS activity_logs_created_at 
FROM activity_logs 
WHERE activity_logs.student_id = ? ORDER BY activity_logs.created_at DESC
2026-08-01 17:15:54,225 INFO sqlalchemy.engine.Engine [cached since 15.71s ago] (1,)
2026-08-01 17:15:54 | INFO     | sqlalchemy.engine.Engine | [cached since 15.71s ago] (1,)
INFO:     127.0.0.1:55950 - "GET /api/v1/dashboard/students/1 HTTP/1.1" 200 OK
2026-08-01 17:15:54,236 INFO sqlalchemy.engine.Engine ROLLBACK
2026-08-01 17:15:54 | INFO     | sqlalchemy.engine.Engine | ROLLBACK
2026-08-01 17:16:17,667 INFO sqlalchemy.engine.Engine BEGIN (implicit)
2026-08-01 17:16:17 | INFO     | sqlalchemy.engine.Engine | BEGIN (implicit)
2026-08-01 17:16:17,667 INFO sqlalchemy.engine.Engine SELECT users.id AS users_id, users.school_id AS users_school_id, users.email AS users_email, users.hashed_password AS users_hashed_password, users.role AS users_role, users.is_active AS users_is_active, users.created_at AS users_created_at, users.last_login AS users_last_login 
FROM users 
WHERE users.id = ?
 LIMIT ? OFFSET ?
2026-08-01 17:16:17 | INFO     | sqlalchemy.engine.Engine | SELECT users.id AS users_id, users.school_id AS users_school_id, users.email AS users_email, users.hashed_password AS users_hashed_password, users.role AS users_role, users.is_active AS users_is_active, users.created_at AS users_created_at, users.last_login AS users_last_login 
FROM users 
WHERE users.id = ?
 LIMIT ? OFFSET ?
2026-08-01 17:16:17,668 INFO sqlalchemy.engine.Engine BEGIN (implicit)
2026-08-01 17:16:17,668 INFO sqlalchemy.engine.Engine [cached since 118.6s ago] (1, 1, 0)
2026-08-01 17:16:17 | INFO     | sqlalchemy.engine.Engine | [cached since 118.6s ago] (1, 1, 0)
2026-08-01 17:16:17 | INFO     | sqlalchemy.engine.Engine | BEGIN (implicit)
2026-08-01 17:16:17,669 INFO sqlalchemy.engine.Engine SELECT users.id AS users_id, users.school_id AS users_school_id, users.email AS users_email, users.hashed_password AS users_hashed_password, users.role AS users_role, users.is_active AS users_is_active, users.created_at AS users_created_at, users.last_login AS users_last_login 
FROM users 
WHERE users.id = ?
 LIMIT ? OFFSET ?
2026-08-01 17:16:17 | INFO     | sqlalchemy.engine.Engine | SELECT users.id AS users_id, users.school_id AS users_school_id, users.email AS users_email, users.hashed_password AS users_hashed_password, users.role AS users_role, users.is_active AS users_is_active, users.created_at AS users_created_at, users.last_login AS users_last_login 
FROM users 
WHERE users.id = ?
 LIMIT ? OFFSET ?
2026-08-01 17:16:17,669 INFO sqlalchemy.engine.Engine [cached since 118.6s ago] (1, 1, 0)
2026-08-01 17:16:17 | INFO     | sqlalchemy.engine.Engine | [cached since 118.6s ago] (1, 1, 0)
2026-08-01 17:16:17,671 INFO sqlalchemy.engine.Engine SELECT activity_logs.id AS activity_logs_id, activity_logs.school_id AS activity_logs_school_id, activity_logs.student_id AS activity_logs_student_id, activity_logs.action AS activity_logs_action, activity_logs.description AS activity_logs_description, activity_logs.created_at AS activity_logs_created_at 
FROM activity_logs 
WHERE activity_logs.school_id = ? ORDER BY activity_logs.created_at DESC
 LIMIT ? OFFSET ?
2026-08-01 17:16:17 | INFO     | sqlalchemy.engine.Engine | SELECT activity_logs.id AS activity_logs_id, activity_logs.school_id AS activity_logs_school_id, activity_logs.student_id AS activity_logs_student_id, activity_logs.action AS activity_logs_action, activity_logs.description AS activity_logs_description, activity_logs.created_at AS activity_logs_created_at 
FROM activity_logs 
WHERE activity_logs.school_id = ? ORDER BY activity_logs.created_at DESC
 LIMIT ? OFFSET ?
2026-08-01 17:16:17,671 INFO sqlalchemy.engine.Engine [cached since 55.93s ago] (1, 6, 0)
2026-08-01 17:16:17 | INFO     | sqlalchemy.engine.Engine | [cached since 55.93s ago] (1, 6, 0)
2026-08-01 17:16:17,673 INFO sqlalchemy.engine.Engine SELECT schools.id AS schools_id, schools.name AS schools_name, schools.slug AS schools_slug, schools.phone AS schools_phone, schools.email AS schools_email, schools.address AS schools_address, schools.is_active AS schools_is_active, schools.created_at AS schools_created_at 
FROM schools 
WHERE schools.id = ?
 LIMIT ? OFFSET ?
2026-08-01 17:16:17 | INFO     | sqlalchemy.engine.Engine | SELECT schools.id AS schools_id, schools.name AS schools_name, schools.slug AS schools_slug, schools.phone AS schools_phone, schools.email AS schools_email, schools.address AS schools_address, schools.is_active AS schools_is_active, schools.created_at AS schools_created_at 
FROM schools 
WHERE schools.id = ?
 LIMIT ? OFFSET ?
2026-08-01 17:16:17,673 INFO sqlalchemy.engine.Engine [cached since 56.07s ago] (1, 1, 0)
2026-08-01 17:16:17 | INFO     | sqlalchemy.engine.Engine | [cached since 56.07s ago] (1, 1, 0)
INFO:     127.0.0.1:56030 - "GET /api/v1/activity/?school_id=1&limit=6 HTTP/1.1" 200 OK
2026-08-01 17:16:17,675 INFO sqlalchemy.engine.Engine ROLLBACK
2026-08-01 17:16:17 | INFO     | sqlalchemy.engine.Engine | ROLLBACK
2026-08-01 17:16:17,685 INFO sqlalchemy.engine.Engine SELECT students.id AS students_id, students.school_id AS students_school_id, students.student_name AS students_student_name, students.section AS students_section, students.class_name AS students_class_name, students.parent_name AS students_parent_name, students.parent_phone AS students_parent_phone, students.parent_email AS students_parent_email, students.is_active AS students_is_active, students.created_at AS students_created_at, fee_types_1.id AS fee_types_1_id, fee_types_1.school_id AS fee_types_1_school_id, fee_types_1.category_id AS fee_types_1_category_id, fee_types_1.section AS fee_types_1_section, fee_types_1.term AS fee_types_1_term, fee_types_1.amount_kobo AS fee_types_1_amount_kobo, fee_types_1.created_at AS fee_types_1_created_at, fee_records_1.id AS fee_records_1_id, fee_records_1.student_id AS fee_records_1_student_id, fee_records_1.fee_type_id AS fee_records_1_fee_type_id, fee_records_1.total_fees_kobo AS fee_records_1_total_fees_kobo, fee_records_1.amount_paid_kobo AS fee_records_1_amount_paid_kobo, fee_records_1.status AS fee_records_1_status, fee_records_1.created_at AS fee_records_1_created_at, fee_records_1.updated_at AS fee_records_1_updated_at 
FROM students LEFT OUTER JOIN fee_records AS fee_records_1 ON students.id = fee_records_1.student_id LEFT OUTER JOIN fee_types AS fee_types_1 ON fee_types_1.id = fee_records_1.fee_type_id 
WHERE students.school_id = ? AND students.is_active = 1 AND students.section = ?
2026-08-01 17:16:17 | INFO     | sqlalchemy.engine.Engine | SELECT students.id AS students_id, students.school_id AS students_school_id, students.student_name AS students_student_name, students.section AS students_section, students.class_name AS students_class_name, students.parent_name AS students_parent_name, students.parent_phone AS students_parent_phone, students.parent_email AS students_parent_email, students.is_active AS students_is_active, students.created_at AS students_created_at, fee_types_1.id AS fee_types_1_id, fee_types_1.school_id AS fee_types_1_school_id, fee_types_1.category_id AS fee_types_1_category_id, fee_types_1.section AS fee_types_1_section, fee_types_1.term AS fee_types_1_term, fee_types_1.amount_kobo AS fee_types_1_amount_kobo, fee_types_1.created_at AS fee_types_1_created_at, fee_records_1.id AS fee_records_1_id, fee_records_1.student_id AS fee_records_1_student_id, fee_records_1.fee_type_id AS fee_records_1_fee_type_id, fee_records_1.total_fees_kobo AS fee_records_1_total_fees_kobo, fee_records_1.amount_paid_kobo AS fee_records_1_amount_paid_kobo, fee_records_1.status AS fee_records_1_status, fee_records_1.created_at AS fee_records_1_created_at, fee_records_1.updated_at AS fee_records_1_updated_at 
FROM students LEFT OUTER JOIN fee_records AS fee_records_1 ON students.id = fee_records_1.student_id LEFT OUTER JOIN fee_types AS fee_types_1 ON fee_types_1.id = fee_records_1.fee_type_id 
WHERE students.school_id = ? AND students.is_active = 1 AND students.section = ?
2026-08-01 17:16:17,686 INFO sqlalchemy.engine.Engine [generated in 0.00037s] (1, 'Nursery')
2026-08-01 17:16:17 | INFO     | sqlalchemy.engine.Engine | [generated in 0.00037s] (1, 'Nursery')
2026-08-01 17:16:17,716 INFO sqlalchemy.engine.Engine SELECT students.id AS students_id, students.school_id AS students_school_id, students.student_name AS students_student_name, students.section AS students_section, students.class_name AS students_class_name, students.parent_name AS students_parent_name, students.parent_phone AS students_parent_phone, students.parent_email AS students_parent_email, students.is_active AS students_is_active, students.created_at AS students_created_at, fee_records_1.id AS fee_records_1_id, fee_records_1.student_id AS fee_records_1_student_id, fee_records_1.fee_type_id AS fee_records_1_fee_type_id, fee_records_1.total_fees_kobo AS fee_records_1_total_fees_kobo, fee_records_1.amount_paid_kobo AS fee_records_1_amount_paid_kobo, fee_records_1.status AS fee_records_1_status, fee_records_1.created_at AS fee_records_1_created_at, fee_records_1.updated_at AS fee_records_1_updated_at 
FROM students LEFT OUTER JOIN fee_records AS fee_records_1 ON students.id = fee_records_1.student_id 
WHERE students.school_id = ? AND students.is_active = 1
2026-08-01 17:16:17 | INFO     | sqlalchemy.engine.Engine | SELECT students.id AS students_id, students.school_id AS students_school_id, students.student_name AS students_student_name, students.section AS students_section, students.class_name AS students_class_name, students.parent_name AS students_parent_name, students.parent_phone AS students_parent_phone, students.parent_email AS students_parent_email, students.is_active AS students_is_active, students.created_at AS students_created_at, fee_records_1.id AS fee_records_1_id, fee_records_1.student_id AS fee_records_1_student_id, fee_records_1.fee_type_id AS fee_records_1_fee_type_id, fee_records_1.total_fees_kobo AS fee_records_1_total_fees_kobo, fee_records_1.amount_paid_kobo AS fee_records_1_amount_paid_kobo, fee_records_1.status AS fee_records_1_status, fee_records_1.created_at AS fee_records_1_created_at, fee_records_1.updated_at AS fee_records_1_updated_at 
FROM students LEFT OUTER JOIN fee_records AS fee_records_1 ON students.id = fee_records_1.student_id 
WHERE students.school_id = ? AND students.is_active = 1
2026-08-01 17:16:17,716 INFO sqlalchemy.engine.Engine [cached since 56.02s ago] (1,)
2026-08-01 17:16:17 | INFO     | sqlalchemy.engine.Engine | [cached since 56.02s ago] (1,)
2026-08-01 17:16:17,717 INFO sqlalchemy.engine.Engine SELECT fee_categories.id AS fee_categories_id, fee_categories.school_id AS fee_categories_school_id, fee_categories.name AS fee_categories_name, fee_categories.created_at AS fee_categories_created_at 
FROM fee_categories 
WHERE fee_categories.school_id = ? ORDER BY fee_categories.name
2026-08-01 17:16:17 | INFO     | sqlalchemy.engine.Engine | SELECT fee_categories.id AS fee_categories_id, fee_categories.school_id AS fee_categories_school_id, fee_categories.name AS fee_categories_name, fee_categories.created_at AS fee_categories_created_at 
FROM fee_categories 
WHERE fee_categories.school_id = ? ORDER BY fee_categories.name
2026-08-01 17:16:17,718 INFO sqlalchemy.engine.Engine [cached since 118.6s ago] (1,)
2026-08-01 17:16:17 | INFO     | sqlalchemy.engine.Engine | [cached since 118.6s ago] (1,)
2026-08-01 17:16:17,719 INFO sqlalchemy.engine.Engine SELECT fee_types.id AS fee_types_id, fee_types.school_id AS fee_types_school_id, fee_types.category_id AS fee_types_category_id, fee_types.section AS fee_types_section, fee_types.term AS fee_types_term, fee_types.amount_kobo AS fee_types_amount_kobo, fee_types.created_at AS fee_types_created_at 
FROM fee_types 
WHERE fee_types.category_id = ?
2026-08-01 17:16:17 | INFO     | sqlalchemy.engine.Engine | SELECT fee_types.id AS fee_types_id, fee_types.school_id AS fee_types_school_id, fee_types.category_id AS fee_types_category_id, fee_types.section AS fee_types_section, fee_types.term AS fee_types_term, fee_types.amount_kobo AS fee_types_amount_kobo, fee_types.created_at AS fee_types_created_at 
FROM fee_types 
WHERE fee_types.category_id = ?
2026-08-01 17:16:17,719 INFO sqlalchemy.engine.Engine [cached since 56.01s ago] (8,)
2026-08-01 17:16:17 | INFO     | sqlalchemy.engine.Engine | [cached since 56.01s ago] (8,)
2026-08-01 17:16:17,720 INFO sqlalchemy.engine.Engine SELECT fee_types.id AS fee_types_id, fee_types.school_id AS fee_types_school_id, fee_types.category_id AS fee_types_category_id, fee_types.section AS fee_types_section, fee_types.term AS fee_types_term, fee_types.amount_kobo AS fee_types_amount_kobo, fee_types.created_at AS fee_types_created_at 
FROM fee_types 
WHERE fee_types.category_id = ?
2026-08-01 17:16:17 | INFO     | sqlalchemy.engine.Engine | SELECT fee_types.id AS fee_types_id, fee_types.school_id AS fee_types_school_id, fee_types.category_id AS fee_types_category_id, fee_types.section AS fee_types_section, fee_types.term AS fee_types_term, fee_types.amount_kobo AS fee_types_amount_kobo, fee_types.created_at AS fee_types_created_at 
FROM fee_types 
WHERE fee_types.category_id = ?
2026-08-01 17:16:17,720 INFO sqlalchemy.engine.Engine [cached since 56.01s ago] (3,)
2026-08-01 17:16:17 | INFO     | sqlalchemy.engine.Engine | [cached since 56.01s ago] (3,)
2026-08-01 17:16:17,721 INFO sqlalchemy.engine.Engine SELECT fee_types.id AS fee_types_id, fee_types.school_id AS fee_types_school_id, fee_types.category_id AS fee_types_category_id, fee_types.section AS fee_types_section, fee_types.term AS fee_types_term, fee_types.amount_kobo AS fee_types_amount_kobo, fee_types.created_at AS fee_types_created_at 
FROM fee_types 
WHERE fee_types.category_id = ?
2026-08-01 17:16:17 | INFO     | sqlalchemy.engine.Engine | SELECT fee_types.id AS fee_types_id, fee_types.school_id AS fee_types_school_id, fee_types.category_id AS fee_types_category_id, fee_types.section AS fee_types_section, fee_types.term AS fee_types_term, fee_types.amount_kobo AS fee_types_amount_kobo, fee_types.created_at AS fee_types_created_at 
FROM fee_types 
WHERE fee_types.category_id = ?
2026-08-01 17:16:17,721 INFO sqlalchemy.engine.Engine [cached since 56.01s ago] (6,)
2026-08-01 17:16:17 | INFO     | sqlalchemy.engine.Engine | [cached since 56.01s ago] (6,)
2026-08-01 17:16:17,721 INFO sqlalchemy.engine.Engine SELECT fee_types.id AS fee_types_id, fee_types.school_id AS fee_types_school_id, fee_types.category_id AS fee_types_category_id, fee_types.section AS fee_types_section, fee_types.term AS fee_types_term, fee_types.amount_kobo AS fee_types_amount_kobo, fee_types.created_at AS fee_types_created_at 
FROM fee_types 
WHERE fee_types.category_id = ?
2026-08-01 17:16:17 | INFO     | sqlalchemy.engine.Engine | SELECT fee_types.id AS fee_types_id, fee_types.school_id AS fee_types_school_id, fee_types.category_id AS fee_types_category_id, fee_types.section AS fee_types_section, fee_types.term AS fee_types_term, fee_types.amount_kobo AS fee_types_amount_kobo, fee_types.created_at AS fee_types_created_at 
FROM fee_types 
WHERE fee_types.category_id = ?
2026-08-01 17:16:17,722 INFO sqlalchemy.engine.Engine [cached since 56.01s ago] (4,)
2026-08-01 17:16:17 | INFO     | sqlalchemy.engine.Engine | [cached since 56.01s ago] (4,)
2026-08-01 17:16:17,722 INFO sqlalchemy.engine.Engine SELECT fee_types.id AS fee_types_id, fee_types.school_id AS fee_types_school_id, fee_types.category_id AS fee_types_category_id, fee_types.section AS fee_types_section, fee_types.term AS fee_types_term, fee_types.amount_kobo AS fee_types_amount_kobo, fee_types.created_at AS fee_types_created_at 
FROM fee_types 
WHERE fee_types.category_id = ?
2026-08-01 17:16:17 | INFO     | sqlalchemy.engine.Engine | SELECT fee_types.id AS fee_types_id, fee_types.school_id AS fee_types_school_id, fee_types.category_id AS fee_types_category_id, fee_types.section AS fee_types_section, fee_types.term AS fee_types_term, fee_types.amount_kobo AS fee_types_amount_kobo, fee_types.created_at AS fee_types_created_at 
FROM fee_types 
WHERE fee_types.category_id = ?
2026-08-01 17:16:17,722 INFO sqlalchemy.engine.Engine [cached since 56.01s ago] (7,)
2026-08-01 17:16:17 | INFO     | sqlalchemy.engine.Engine | [cached since 56.01s ago] (7,)
2026-08-01 17:16:17,723 INFO sqlalchemy.engine.Engine SELECT fee_types.id AS fee_types_id, fee_types.school_id AS fee_types_school_id, fee_types.category_id AS fee_types_category_id, fee_types.section AS fee_types_section, fee_types.term AS fee_types_term, fee_types.amount_kobo AS fee_types_amount_kobo, fee_types.created_at AS fee_types_created_at 
FROM fee_types 
WHERE fee_types.category_id = ?
2026-08-01 17:16:17 | INFO     | sqlalchemy.engine.Engine | SELECT fee_types.id AS fee_types_id, fee_types.school_id AS fee_types_school_id, fee_types.category_id AS fee_types_category_id, fee_types.section AS fee_types_section, fee_types.term AS fee_types_term, fee_types.amount_kobo AS fee_types_amount_kobo, fee_types.created_at AS fee_types_created_at 
FROM fee_types 
WHERE fee_types.category_id = ?
2026-08-01 17:16:17,723 INFO sqlalchemy.engine.Engine [cached since 56.01s ago] (2,)
2026-08-01 17:16:17 | INFO     | sqlalchemy.engine.Engine | [cached since 56.01s ago] (2,)
2026-08-01 17:16:17,724 INFO sqlalchemy.engine.Engine SELECT fee_records.id AS fee_records_id, fee_records.student_id AS fee_records_student_id, fee_records.fee_type_id AS fee_records_fee_type_id, fee_records.total_fees_kobo AS fee_records_total_fees_kobo, fee_records.amount_paid_kobo AS fee_records_amount_paid_kobo, fee_records.status AS fee_records_status, fee_records.created_at AS fee_records_created_at, fee_records.updated_at AS fee_records_updated_at 
FROM fee_records 
WHERE fee_records.fee_type_id IN (?)
2026-08-01 17:16:17 | INFO     | sqlalchemy.engine.Engine | SELECT fee_records.id AS fee_records_id, fee_records.student_id AS fee_records_student_id, fee_records.fee_type_id AS fee_records_fee_type_id, fee_records.total_fees_kobo AS fee_records_total_fees_kobo, fee_records.amount_paid_kobo AS fee_records_amount_paid_kobo, fee_records.status AS fee_records_status, fee_records.created_at AS fee_records_created_at, fee_records.updated_at AS fee_records_updated_at 
FROM fee_records 
WHERE fee_records.fee_type_id IN (?)
2026-08-01 17:16:17,724 INFO sqlalchemy.engine.Engine [cached since 55.86s ago] (2,)
2026-08-01 17:16:17 | INFO     | sqlalchemy.engine.Engine | [cached since 55.86s ago] (2,)
2026-08-01 17:16:17,725 INFO sqlalchemy.engine.Engine SELECT fee_types.id AS fee_types_id, fee_types.school_id AS fee_types_school_id, fee_types.category_id AS fee_types_category_id, fee_types.section AS fee_types_section, fee_types.term AS fee_types_term, fee_types.amount_kobo AS fee_types_amount_kobo, fee_types.created_at AS fee_types_created_at 
FROM fee_types 
WHERE fee_types.category_id = ?
2026-08-01 17:16:17 | INFO     | sqlalchemy.engine.Engine | SELECT fee_types.id AS fee_types_id, fee_types.school_id AS fee_types_school_id, fee_types.category_id AS fee_types_category_id, fee_types.section AS fee_types_section, fee_types.term AS fee_types_term, fee_types.amount_kobo AS fee_types_amount_kobo, fee_types.created_at AS fee_types_created_at 
FROM fee_types 
WHERE fee_types.category_id = ?
2026-08-01 17:16:17,725 INFO sqlalchemy.engine.Engine [cached since 56.01s ago] (1,)
2026-08-01 17:16:17 | INFO     | sqlalchemy.engine.Engine | [cached since 56.01s ago] (1,)
2026-08-01 17:16:17,726 INFO sqlalchemy.engine.Engine SELECT fee_records.id AS fee_records_id, fee_records.student_id AS fee_records_student_id, fee_records.fee_type_id AS fee_records_fee_type_id, fee_records.total_fees_kobo AS fee_records_total_fees_kobo, fee_records.amount_paid_kobo AS fee_records_amount_paid_kobo, fee_records.status AS fee_records_status, fee_records.created_at AS fee_records_created_at, fee_records.updated_at AS fee_records_updated_at 
FROM fee_records 
WHERE fee_records.fee_type_id IN (?)
2026-08-01 17:16:17 | INFO     | sqlalchemy.engine.Engine | SELECT fee_records.id AS fee_records_id, fee_records.student_id AS fee_records_student_id, fee_records.fee_type_id AS fee_records_fee_type_id, fee_records.total_fees_kobo AS fee_records_total_fees_kobo, fee_records.amount_paid_kobo AS fee_records_amount_paid_kobo, fee_records.status AS fee_records_status, fee_records.created_at AS fee_records_created_at, fee_records.updated_at AS fee_records_updated_at 
FROM fee_records 
WHERE fee_records.fee_type_id IN (?)
2026-08-01 17:16:17,726 INFO sqlalchemy.engine.Engine [cached since 55.86s ago] (1,)
2026-08-01 17:16:17 | INFO     | sqlalchemy.engine.Engine | [cached since 55.86s ago] (1,)
2026-08-01 17:16:17,729 INFO sqlalchemy.engine.Engine SELECT fee_types.id AS fee_types_id, fee_types.school_id AS fee_types_school_id, fee_types.category_id AS fee_types_category_id, fee_types.section AS fee_types_section, fee_types.term AS fee_types_term, fee_types.amount_kobo AS fee_types_amount_kobo, fee_types.created_at AS fee_types_created_at 
FROM fee_types 
WHERE fee_types.category_id = ?
2026-08-01 17:16:17 | INFO     | sqlalchemy.engine.Engine | SELECT fee_types.id AS fee_types_id, fee_types.school_id AS fee_types_school_id, fee_types.category_id AS fee_types_category_id, fee_types.section AS fee_types_section, fee_types.term AS fee_types_term, fee_types.amount_kobo AS fee_types_amount_kobo, fee_types.created_at AS fee_types_created_at 
FROM fee_types 
WHERE fee_types.category_id = ?
2026-08-01 17:16:17,729 INFO sqlalchemy.engine.Engine [cached since 56.02s ago] (5,)
2026-08-01 17:16:17 | INFO     | sqlalchemy.engine.Engine | [cached since 56.02s ago] (5,)
INFO:     127.0.0.1:56029 - "GET /api/v1/dashboard/summary?school_id=1&section=Nursery HTTP/1.1" 200 OK
2026-08-01 17:16:17,732 INFO sqlalchemy.engine.Engine ROLLBACK
2026-08-01 17:16:17 | INFO     | sqlalchemy.engine.Engine | ROLLBACK
2026-08-01 17:16:19,489 INFO sqlalchemy.engine.Engine BEGIN (implicit)
2026-08-01 17:16:19 | INFO     | sqlalchemy.engine.Engine | BEGIN (implicit)
2026-08-01 17:16:19,489 INFO sqlalchemy.engine.Engine BEGIN (implicit)
2026-08-01 17:16:19 | INFO     | sqlalchemy.engine.Engine | BEGIN (implicit)
2026-08-01 17:16:19,490 INFO sqlalchemy.engine.Engine SELECT users.id AS users_id, users.school_id AS users_school_id, users.email AS users_email, users.hashed_password AS users_hashed_password, users.role AS users_role, users.is_active AS users_is_active, users.created_at AS users_created_at, users.last_login AS users_last_login 
FROM users 
WHERE users.id = ?
 LIMIT ? OFFSET ?
2026-08-01 17:16:19 | INFO     | sqlalchemy.engine.Engine | SELECT users.id AS users_id, users.school_id AS users_school_id, users.email AS users_email, users.hashed_password AS users_hashed_password, users.role AS users_role, users.is_active AS users_is_active, users.created_at AS users_created_at, users.last_login AS users_last_login 
FROM users 
WHERE users.id = ?
 LIMIT ? OFFSET ?
2026-08-01 17:16:19,491 INFO sqlalchemy.engine.Engine SELECT users.id AS users_id, users.school_id AS users_school_id, users.email AS users_email, users.hashed_password AS users_hashed_password, users.role AS users_role, users.is_active AS users_is_active, users.created_at AS users_created_at, users.last_login AS users_last_login 
FROM users 
WHERE users.id = ?
 LIMIT ? OFFSET ?
2026-08-01 17:16:19 | INFO     | sqlalchemy.engine.Engine | SELECT users.id AS users_id, users.school_id AS users_school_id, users.email AS users_email, users.hashed_password AS users_hashed_password, users.role AS users_role, users.is_active AS users_is_active, users.created_at AS users_created_at, users.last_login AS users_last_login 
FROM users 
WHERE users.id = ?
 LIMIT ? OFFSET ?
2026-08-01 17:16:19,491 INFO sqlalchemy.engine.Engine [cached since 120.4s ago] (1, 1, 0)
2026-08-01 17:16:19,491 INFO sqlalchemy.engine.Engine [cached since 120.4s ago] (1, 1, 0)
2026-08-01 17:16:19 | INFO     | sqlalchemy.engine.Engine | [cached since 120.4s ago] (1, 1, 0)
2026-08-01 17:16:19 | INFO     | sqlalchemy.engine.Engine | [cached since 120.4s ago] (1, 1, 0)
2026-08-01 17:16:19,498 INFO sqlalchemy.engine.Engine SELECT activity_logs.id AS activity_logs_id, activity_logs.school_id AS activity_logs_school_id, activity_logs.student_id AS activity_logs_student_id, activity_logs.action AS activity_logs_action, activity_logs.description AS activity_logs_description, activity_logs.created_at AS activity_logs_created_at 
FROM activity_logs 
WHERE activity_logs.school_id = ? ORDER BY activity_logs.created_at DESC
 LIMIT ? OFFSET ?
2026-08-01 17:16:19 | INFO     | sqlalchemy.engine.Engine | SELECT activity_logs.id AS activity_logs_id, activity_logs.school_id AS activity_logs_school_id, activity_logs.student_id AS activity_logs_student_id, activity_logs.action AS activity_logs_action, activity_logs.description AS activity_logs_description, activity_logs.created_at AS activity_logs_created_at 
FROM activity_logs 
WHERE activity_logs.school_id = ? ORDER BY activity_logs.created_at DESC
 LIMIT ? OFFSET ?
2026-08-01 17:16:19,499 INFO sqlalchemy.engine.Engine SELECT schools.id AS schools_id, schools.name AS schools_name, schools.slug AS schools_slug, schools.phone AS schools_phone, schools.email AS schools_email, schools.address AS schools_address, schools.is_active AS schools_is_active, schools.created_at AS schools_created_at 
FROM schools 
WHERE schools.id = ?
 LIMIT ? OFFSET ?
2026-08-01 17:16:19 | INFO     | sqlalchemy.engine.Engine | SELECT schools.id AS schools_id, schools.name AS schools_name, schools.slug AS schools_slug, schools.phone AS schools_phone, schools.email AS schools_email, schools.address AS schools_address, schools.is_active AS schools_is_active, schools.created_at AS schools_created_at 
FROM schools 
WHERE schools.id = ?
 LIMIT ? OFFSET ?
2026-08-01 17:16:19,499 INFO sqlalchemy.engine.Engine [cached since 57.76s ago] (1, 6, 0)
2026-08-01 17:16:19 | INFO     | sqlalchemy.engine.Engine | [cached since 57.76s ago] (1, 6, 0)
2026-08-01 17:16:19,500 INFO sqlalchemy.engine.Engine [cached since 57.89s ago] (1, 1, 0)
2026-08-01 17:16:19 | INFO     | sqlalchemy.engine.Engine | [cached since 57.89s ago] (1, 1, 0)
2026-08-01 17:16:19,502 INFO sqlalchemy.engine.Engine SELECT students.id AS students_id, students.school_id AS students_school_id, students.student_name AS students_student_name, students.section AS students_section, students.class_name AS students_class_name, students.parent_name AS students_parent_name, students.parent_phone AS students_parent_phone, students.parent_email AS students_parent_email, students.is_active AS students_is_active, students.created_at AS students_created_at, fee_types_1.id AS fee_types_1_id, fee_types_1.school_id AS fee_types_1_school_id, fee_types_1.category_id AS fee_types_1_category_id, fee_types_1.section AS fee_types_1_section, fee_types_1.term AS fee_types_1_term, fee_types_1.amount_kobo AS fee_types_1_amount_kobo, fee_types_1.created_at AS fee_types_1_created_at, fee_records_1.id AS fee_records_1_id, fee_records_1.student_id AS fee_records_1_student_id, fee_records_1.fee_type_id AS fee_records_1_fee_type_id, fee_records_1.total_fees_kobo AS fee_records_1_total_fees_kobo, fee_records_1.amount_paid_kobo AS fee_records_1_amount_paid_kobo, fee_records_1.status AS fee_records_1_status, fee_records_1.created_at AS fee_records_1_created_at, fee_records_1.updated_at AS fee_records_1_updated_at 
FROM students LEFT OUTER JOIN fee_records AS fee_records_1 ON students.id = fee_records_1.student_id LEFT OUTER JOIN fee_types AS fee_types_1 ON fee_types_1.id = fee_records_1.fee_type_id 
WHERE students.school_id = ? AND students.is_active = 1 AND students.section = ?
2026-08-01 17:16:19 | INFO     | sqlalchemy.engine.Engine | SELECT students.id AS students_id, students.school_id AS students_school_id, students.student_name AS students_student_name, students.section AS students_section, students.class_name AS students_class_name, students.parent_name AS students_parent_name, students.parent_phone AS students_parent_phone, students.parent_email AS students_parent_email, students.is_active AS students_is_active, students.created_at AS students_created_at, fee_types_1.id AS fee_types_1_id, fee_types_1.school_id AS fee_types_1_school_id, fee_types_1.category_id AS fee_types_1_category_id, fee_types_1.section AS fee_types_1_section, fee_types_1.term AS fee_types_1_term, fee_types_1.amount_kobo AS fee_types_1_amount_kobo, fee_types_1.created_at AS fee_types_1_created_at, fee_records_1.id AS fee_records_1_id, fee_records_1.student_id AS fee_records_1_student_id, fee_records_1.fee_type_id AS fee_records_1_fee_type_id, fee_records_1.total_fees_kobo AS fee_records_1_total_fees_kobo, fee_records_1.amount_paid_kobo AS fee_records_1_amount_paid_kobo, fee_records_1.status AS fee_records_1_status, fee_records_1.created_at AS fee_records_1_created_at, fee_records_1.updated_at AS fee_records_1_updated_at 
FROM students LEFT OUTER JOIN fee_records AS fee_records_1 ON students.id = fee_records_1.student_id LEFT OUTER JOIN fee_types AS fee_types_1 ON fee_types_1.id = fee_records_1.fee_type_id 
WHERE students.school_id = ? AND students.is_active = 1 AND students.section = ?
2026-08-01 17:16:19,503 INFO sqlalchemy.engine.Engine [cached since 1.817s ago] (1, 'Primary')
2026-08-01 17:16:19 | INFO     | sqlalchemy.engine.Engine | [cached since 1.817s ago] (1, 'Primary')
INFO:     127.0.0.1:56030 - "GET /api/v1/activity/?school_id=1&limit=6 HTTP/1.1" 200 OK
2026-08-01 17:16:19,508 INFO sqlalchemy.engine.Engine SELECT students.id AS students_id, students.school_id AS students_school_id, students.student_name AS students_student_name, students.section AS students_section, students.class_name AS students_class_name, students.parent_name AS students_parent_name, students.parent_phone AS students_parent_phone, students.parent_email AS students_parent_email, students.is_active AS students_is_active, students.created_at AS students_created_at, fee_records_1.id AS fee_records_1_id, fee_records_1.student_id AS fee_records_1_student_id, fee_records_1.fee_type_id AS fee_records_1_fee_type_id, fee_records_1.total_fees_kobo AS fee_records_1_total_fees_kobo, fee_records_1.amount_paid_kobo AS fee_records_1_amount_paid_kobo, fee_records_1.status AS fee_records_1_status, fee_records_1.created_at AS fee_records_1_created_at, fee_records_1.updated_at AS fee_records_1_updated_at 
FROM students LEFT OUTER JOIN fee_records AS fee_records_1 ON students.id = fee_records_1.student_id 
WHERE students.school_id = ? AND students.is_active = 1
2026-08-01 17:16:19 | INFO     | sqlalchemy.engine.Engine | SELECT students.id AS students_id, students.school_id AS students_school_id, students.student_name AS students_student_name, students.section AS students_section, students.class_name AS students_class_name, students.parent_name AS students_parent_name, students.parent_phone AS students_parent_phone, students.parent_email AS students_parent_email, students.is_active AS students_is_active, students.created_at AS students_created_at, fee_records_1.id AS fee_records_1_id, fee_records_1.student_id AS fee_records_1_student_id, fee_records_1.fee_type_id AS fee_records_1_fee_type_id, fee_records_1.total_fees_kobo AS fee_records_1_total_fees_kobo, fee_records_1.amount_paid_kobo AS fee_records_1_amount_paid_kobo, fee_records_1.status AS fee_records_1_status, fee_records_1.created_at AS fee_records_1_created_at, fee_records_1.updated_at AS fee_records_1_updated_at 
FROM students LEFT OUTER JOIN fee_records AS fee_records_1 ON students.id = fee_records_1.student_id 
WHERE students.school_id = ? AND students.is_active = 1
2026-08-01 17:16:19,509 INFO sqlalchemy.engine.Engine ROLLBACK
2026-08-01 17:16:19 | INFO     | sqlalchemy.engine.Engine | ROLLBACK
2026-08-01 17:16:19,509 INFO sqlalchemy.engine.Engine [cached since 57.82s ago] (1,)
2026-08-01 17:16:19 | INFO     | sqlalchemy.engine.Engine | [cached since 57.82s ago] (1,)
2026-08-01 17:16:19,514 INFO sqlalchemy.engine.Engine SELECT fee_categories.id AS fee_categories_id, fee_categories.school_id AS fee_categories_school_id, fee_categories.name AS fee_categories_name, fee_categories.created_at AS fee_categories_created_at 
FROM fee_categories 
WHERE fee_categories.school_id = ? ORDER BY fee_categories.name
2026-08-01 17:16:19 | INFO     | sqlalchemy.engine.Engine | SELECT fee_categories.id AS fee_categories_id, fee_categories.school_id AS fee_categories_school_id, fee_categories.name AS fee_categories_name, fee_categories.created_at AS fee_categories_created_at 
FROM fee_categories 
WHERE fee_categories.school_id = ? ORDER BY fee_categories.name
2026-08-01 17:16:19,514 INFO sqlalchemy.engine.Engine [cached since 120.4s ago] (1,)
2026-08-01 17:16:19 | INFO     | sqlalchemy.engine.Engine | [cached since 120.4s ago] (1,)
2026-08-01 17:16:19,515 INFO sqlalchemy.engine.Engine SELECT fee_types.id AS fee_types_id, fee_types.school_id AS fee_types_school_id, fee_types.category_id AS fee_types_category_id, fee_types.section AS fee_types_section, fee_types.term AS fee_types_term, fee_types.amount_kobo AS fee_types_amount_kobo, fee_types.created_at AS fee_types_created_at 
FROM fee_types 
WHERE fee_types.category_id = ?
2026-08-01 17:16:19 | INFO     | sqlalchemy.engine.Engine | SELECT fee_types.id AS fee_types_id, fee_types.school_id AS fee_types_school_id, fee_types.category_id AS fee_types_category_id, fee_types.section AS fee_types_section, fee_types.term AS fee_types_term, fee_types.amount_kobo AS fee_types_amount_kobo, fee_types.created_at AS fee_types_created_at 
FROM fee_types 
WHERE fee_types.category_id = ?
2026-08-01 17:16:19,515 INFO sqlalchemy.engine.Engine [cached since 57.8s ago] (8,)
2026-08-01 17:16:19 | INFO     | sqlalchemy.engine.Engine | [cached since 57.8s ago] (8,)
2026-08-01 17:16:19,516 INFO sqlalchemy.engine.Engine SELECT fee_types.id AS fee_types_id, fee_types.school_id AS fee_types_school_id, fee_types.category_id AS fee_types_category_id, fee_types.section AS fee_types_section, fee_types.term AS fee_types_term, fee_types.amount_kobo AS fee_types_amount_kobo, fee_types.created_at AS fee_types_created_at 
FROM fee_types 
WHERE fee_types.category_id = ?
2026-08-01 17:16:19 | INFO     | sqlalchemy.engine.Engine | SELECT fee_types.id AS fee_types_id, fee_types.school_id AS fee_types_school_id, fee_types.category_id AS fee_types_category_id, fee_types.section AS fee_types_section, fee_types.term AS fee_types_term, fee_types.amount_kobo AS fee_types_amount_kobo, fee_types.created_at AS fee_types_created_at 
FROM fee_types 
WHERE fee_types.category_id = ?
2026-08-01 17:16:19,516 INFO sqlalchemy.engine.Engine [cached since 57.8s ago] (3,)
2026-08-01 17:16:19 | INFO     | sqlalchemy.engine.Engine | [cached since 57.8s ago] (3,)
2026-08-01 17:16:19,516 INFO sqlalchemy.engine.Engine SELECT fee_types.id AS fee_types_id, fee_types.school_id AS fee_types_school_id, fee_types.category_id AS fee_types_category_id, fee_types.section AS fee_types_section, fee_types.term AS fee_types_term, fee_types.amount_kobo AS fee_types_amount_kobo, fee_types.created_at AS fee_types_created_at 
FROM fee_types 
WHERE fee_types.category_id = ?
2026-08-01 17:16:19 | INFO     | sqlalchemy.engine.Engine | SELECT fee_types.id AS fee_types_id, fee_types.school_id AS fee_types_school_id, fee_types.category_id AS fee_types_category_id, fee_types.section AS fee_types_section, fee_types.term AS fee_types_term, fee_types.amount_kobo AS fee_types_amount_kobo, fee_types.created_at AS fee_types_created_at 
FROM fee_types 
WHERE fee_types.category_id = ?
2026-08-01 17:16:19,517 INFO sqlalchemy.engine.Engine [cached since 57.8s ago] (6,)
2026-08-01 17:16:19 | INFO     | sqlalchemy.engine.Engine | [cached since 57.8s ago] (6,)
2026-08-01 17:16:19,517 INFO sqlalchemy.engine.Engine SELECT fee_types.id AS fee_types_id, fee_types.school_id AS fee_types_school_id, fee_types.category_id AS fee_types_category_id, fee_types.section AS fee_types_section, fee_types.term AS fee_types_term, fee_types.amount_kobo AS fee_types_amount_kobo, fee_types.created_at AS fee_types_created_at 
FROM fee_types 
WHERE fee_types.category_id = ?
2026-08-01 17:16:19 | INFO     | sqlalchemy.engine.Engine | SELECT fee_types.id AS fee_types_id, fee_types.school_id AS fee_types_school_id, fee_types.category_id AS fee_types_category_id, fee_types.section AS fee_types_section, fee_types.term AS fee_types_term, fee_types.amount_kobo AS fee_types_amount_kobo, fee_types.created_at AS fee_types_created_at 
FROM fee_types 
WHERE fee_types.category_id = ?
2026-08-01 17:16:19,517 INFO sqlalchemy.engine.Engine [cached since 57.8s ago] (4,)
2026-08-01 17:16:19 | INFO     | sqlalchemy.engine.Engine | [cached since 57.8s ago] (4,)
2026-08-01 17:16:19,518 INFO sqlalchemy.engine.Engine SELECT fee_types.id AS fee_types_id, fee_types.school_id AS fee_types_school_id, fee_types.category_id AS fee_types_category_id, fee_types.section AS fee_types_section, fee_types.term AS fee_types_term, fee_types.amount_kobo AS fee_types_amount_kobo, fee_types.created_at AS fee_types_created_at 
FROM fee_types 
WHERE fee_types.category_id = ?
2026-08-01 17:16:19 | INFO     | sqlalchemy.engine.Engine | SELECT fee_types.id AS fee_types_id, fee_types.school_id AS fee_types_school_id, fee_types.category_id AS fee_types_category_id, fee_types.section AS fee_types_section, fee_types.term AS fee_types_term, fee_types.amount_kobo AS fee_types_amount_kobo, fee_types.created_at AS fee_types_created_at 
FROM fee_types 
WHERE fee_types.category_id = ?
2026-08-01 17:16:19,518 INFO sqlalchemy.engine.Engine [cached since 57.8s ago] (7,)
2026-08-01 17:16:19 | INFO     | sqlalchemy.engine.Engine | [cached since 57.8s ago] (7,)
2026-08-01 17:16:19,519 INFO sqlalchemy.engine.Engine SELECT fee_types.id AS fee_types_id, fee_types.school_id AS fee_types_school_id, fee_types.category_id AS fee_types_category_id, fee_types.section AS fee_types_section, fee_types.term AS fee_types_term, fee_types.amount_kobo AS fee_types_amount_kobo, fee_types.created_at AS fee_types_created_at 
FROM fee_types 
WHERE fee_types.category_id = ?
2026-08-01 17:16:19 | INFO     | sqlalchemy.engine.Engine | SELECT fee_types.id AS fee_types_id, fee_types.school_id AS fee_types_school_id, fee_types.category_id AS fee_types_category_id, fee_types.section AS fee_types_section, fee_types.term AS fee_types_term, fee_types.amount_kobo AS fee_types_amount_kobo, fee_types.created_at AS fee_types_created_at 
FROM fee_types 
WHERE fee_types.category_id = ?
2026-08-01 17:16:19,519 INFO sqlalchemy.engine.Engine [cached since 57.81s ago] (2,)
2026-08-01 17:16:19 | INFO     | sqlalchemy.engine.Engine | [cached since 57.81s ago] (2,)
2026-08-01 17:16:19,520 INFO sqlalchemy.engine.Engine SELECT fee_records.id AS fee_records_id, fee_records.student_id AS fee_records_student_id, fee_records.fee_type_id AS fee_records_fee_type_id, fee_records.total_fees_kobo AS fee_records_total_fees_kobo, fee_records.amount_paid_kobo AS fee_records_amount_paid_kobo, fee_records.status AS fee_records_status, fee_records.created_at AS fee_records_created_at, fee_records.updated_at AS fee_records_updated_at 
FROM fee_records 
WHERE fee_records.fee_type_id IN (?)
2026-08-01 17:16:19 | INFO     | sqlalchemy.engine.Engine | SELECT fee_records.id AS fee_records_id, fee_records.student_id AS fee_records_student_id, fee_records.fee_type_id AS fee_records_fee_type_id, fee_records.total_fees_kobo AS fee_records_total_fees_kobo, fee_records.amount_paid_kobo AS fee_records_amount_paid_kobo, fee_records.status AS fee_records_status, fee_records.created_at AS fee_records_created_at, fee_records.updated_at AS fee_records_updated_at 
FROM fee_records 
WHERE fee_records.fee_type_id IN (?)
2026-08-01 17:16:19,520 INFO sqlalchemy.engine.Engine [cached since 57.65s ago] (2,)
2026-08-01 17:16:19 | INFO     | sqlalchemy.engine.Engine | [cached since 57.65s ago] (2,)
2026-08-01 17:16:19,520 INFO sqlalchemy.engine.Engine SELECT fee_types.id AS fee_types_id, fee_types.school_id AS fee_types_school_id, fee_types.category_id AS fee_types_category_id, fee_types.section AS fee_types_section, fee_types.term AS fee_types_term, fee_types.amount_kobo AS fee_types_amount_kobo, fee_types.created_at AS fee_types_created_at 
FROM fee_types 
WHERE fee_types.category_id = ?
2026-08-01 17:16:19 | INFO     | sqlalchemy.engine.Engine | SELECT fee_types.id AS fee_types_id, fee_types.school_id AS fee_types_school_id, fee_types.category_id AS fee_types_category_id, fee_types.section AS fee_types_section, fee_types.term AS fee_types_term, fee_types.amount_kobo AS fee_types_amount_kobo, fee_types.created_at AS fee_types_created_at 
FROM fee_types 
WHERE fee_types.category_id = ?
2026-08-01 17:16:19,520 INFO sqlalchemy.engine.Engine [cached since 57.81s ago] (1,)
2026-08-01 17:16:19 | INFO     | sqlalchemy.engine.Engine | [cached since 57.81s ago] (1,)
2026-08-01 17:16:19,521 INFO sqlalchemy.engine.Engine SELECT fee_records.id AS fee_records_id, fee_records.student_id AS fee_records_student_id, fee_records.fee_type_id AS fee_records_fee_type_id, fee_records.total_fees_kobo AS fee_records_total_fees_kobo, fee_records.amount_paid_kobo AS fee_records_amount_paid_kobo, fee_records.status AS fee_records_status, fee_records.created_at AS fee_records_created_at, fee_records.updated_at AS fee_records_updated_at 
FROM fee_records 
WHERE fee_records.fee_type_id IN (?)
2026-08-01 17:16:19 | INFO     | sqlalchemy.engine.Engine | SELECT fee_records.id AS fee_records_id, fee_records.student_id AS fee_records_student_id, fee_records.fee_type_id AS fee_records_fee_type_id, fee_records.total_fees_kobo AS fee_records_total_fees_kobo, fee_records.amount_paid_kobo AS fee_records_amount_paid_kobo, fee_records.status AS fee_records_status, fee_records.created_at AS fee_records_created_at, fee_records.updated_at AS fee_records_updated_at 
FROM fee_records 
WHERE fee_records.fee_type_id IN (?)
2026-08-01 17:16:19,521 INFO sqlalchemy.engine.Engine [cached since 57.66s ago] (1,)
2026-08-01 17:16:19 | INFO     | sqlalchemy.engine.Engine | [cached since 57.66s ago] (1,)
2026-08-01 17:16:19,522 INFO sqlalchemy.engine.Engine SELECT fee_types.id AS fee_types_id, fee_types.school_id AS fee_types_school_id, fee_types.category_id AS fee_types_category_id, fee_types.section AS fee_types_section, fee_types.term AS fee_types_term, fee_types.amount_kobo AS fee_types_amount_kobo, fee_types.created_at AS fee_types_created_at 
FROM fee_types 
WHERE fee_types.category_id = ?
2026-08-01 17:16:19 | INFO     | sqlalchemy.engine.Engine | SELECT fee_types.id AS fee_types_id, fee_types.school_id AS fee_types_school_id, fee_types.category_id AS fee_types_category_id, fee_types.section AS fee_types_section, fee_types.term AS fee_types_term, fee_types.amount_kobo AS fee_types_amount_kobo, fee_types.created_at AS fee_types_created_at 
FROM fee_types 
WHERE fee_types.category_id = ?
2026-08-01 17:16:19,522 INFO sqlalchemy.engine.Engine [cached since 57.81s ago] (5,)
2026-08-01 17:16:19 | INFO     | sqlalchemy.engine.Engine | [cached since 57.81s ago] (5,)
INFO:     127.0.0.1:56029 - "GET /api/v1/dashboard/summary?school_id=1&section=Primary HTTP/1.1" 200 OK
2026-08-01 17:16:19,559 INFO sqlalchemy.engine.Engine ROLLBACK
2026-08-01 17:16:19 | INFO     | sqlalchemy.engine.Engine | ROLLBACK
2026-08-01 17:16:23,071 INFO sqlalchemy.engine.Engine BEGIN (implicit)
2026-08-01 17:16:23 | INFO     | sqlalchemy.engine.Engine | BEGIN (implicit)
2026-08-01 17:16:23,072 INFO sqlalchemy.engine.Engine BEGIN (implicit)
2026-08-01 17:16:23 | INFO     | sqlalchemy.engine.Engine | BEGIN (implicit)
2026-08-01 17:16:23,073 INFO sqlalchemy.engine.Engine SELECT users.id AS users_id, users.school_id AS users_school_id, users.email AS users_email, users.hashed_password AS users_hashed_password, users.role AS users_role, users.is_active AS users_is_active, users.created_at AS users_created_at, users.last_login AS users_last_login 
FROM users 
WHERE users.id = ?
 LIMIT ? OFFSET ?
2026-08-01 17:16:23 | INFO     | sqlalchemy.engine.Engine | SELECT users.id AS users_id, users.school_id AS users_school_id, users.email AS users_email, users.hashed_password AS users_hashed_password, users.role AS users_role, users.is_active AS users_is_active, users.created_at AS users_created_at, users.last_login AS users_last_login 
FROM users 
WHERE users.id = ?
 LIMIT ? OFFSET ?
2026-08-01 17:16:23,073 INFO sqlalchemy.engine.Engine SELECT users.id AS users_id, users.school_id AS users_school_id, users.email AS users_email, users.hashed_password AS users_hashed_password, users.role AS users_role, users.is_active AS users_is_active, users.created_at AS users_created_at, users.last_login AS users_last_login 
FROM users 
WHERE users.id = ?
 LIMIT ? OFFSET ?
2026-08-01 17:16:23 | INFO     | sqlalchemy.engine.Engine | SELECT users.id AS users_id, users.school_id AS users_school_id, users.email AS users_email, users.hashed_password AS users_hashed_password, users.role AS users_role, users.is_active AS users_is_active, users.created_at AS users_created_at, users.last_login AS users_last_login 
FROM users 
WHERE users.id = ?
 LIMIT ? OFFSET ?
2026-08-01 17:16:23,073 INFO sqlalchemy.engine.Engine [cached since 124s ago] (1, 1, 0)
2026-08-01 17:16:23,074 INFO sqlalchemy.engine.Engine [cached since 124s ago] (1, 1, 0)
2026-08-01 17:16:23 | INFO     | sqlalchemy.engine.Engine | [cached since 124s ago] (1, 1, 0)
2026-08-01 17:16:23 | INFO     | sqlalchemy.engine.Engine | [cached since 124s ago] (1, 1, 0)
2026-08-01 17:16:23,083 INFO sqlalchemy.engine.Engine SELECT schools.id AS schools_id, schools.name AS schools_name, schools.slug AS schools_slug, schools.phone AS schools_phone, schools.email AS schools_email, schools.address AS schools_address, schools.is_active AS schools_is_active, schools.created_at AS schools_created_at 
FROM schools 
WHERE schools.id = ?
 LIMIT ? OFFSET ?
2026-08-01 17:16:23 | INFO     | sqlalchemy.engine.Engine | SELECT schools.id AS schools_id, schools.name AS schools_name, schools.slug AS schools_slug, schools.phone AS schools_phone, schools.email AS schools_email, schools.address AS schools_address, schools.is_active AS schools_is_active, schools.created_at AS schools_created_at 
FROM schools 
WHERE schools.id = ?
 LIMIT ? OFFSET ?
2026-08-01 17:16:23,084 INFO sqlalchemy.engine.Engine SELECT activity_logs.id AS activity_logs_id, activity_logs.school_id AS activity_logs_school_id, activity_logs.student_id AS activity_logs_student_id, activity_logs.action AS activity_logs_action, activity_logs.description AS activity_logs_description, activity_logs.created_at AS activity_logs_created_at 
FROM activity_logs 
WHERE activity_logs.school_id = ? ORDER BY activity_logs.created_at DESC
 LIMIT ? OFFSET ?
2026-08-01 17:16:23,084 INFO sqlalchemy.engine.Engine [cached since 61.48s ago] (1, 1, 0)
2026-08-01 17:16:23 | INFO     | sqlalchemy.engine.Engine | SELECT activity_logs.id AS activity_logs_id, activity_logs.school_id AS activity_logs_school_id, activity_logs.student_id AS activity_logs_student_id, activity_logs.action AS activity_logs_action, activity_logs.description AS activity_logs_description, activity_logs.created_at AS activity_logs_created_at 
FROM activity_logs 
WHERE activity_logs.school_id = ? ORDER BY activity_logs.created_at DESC
 LIMIT ? OFFSET ?
2026-08-01 17:16:23,084 INFO sqlalchemy.engine.Engine [cached since 61.35s ago] (1, 6, 0)
2026-08-01 17:16:23 | INFO     | sqlalchemy.engine.Engine | [cached since 61.48s ago] (1, 1, 0)
2026-08-01 17:16:23 | INFO     | sqlalchemy.engine.Engine | [cached since 61.35s ago] (1, 6, 0)
2026-08-01 17:16:23,087 INFO sqlalchemy.engine.Engine SELECT students.id AS students_id, students.school_id AS students_school_id, students.student_name AS students_student_name, students.section AS students_section, students.class_name AS students_class_name, students.parent_name AS students_parent_name, students.parent_phone AS students_parent_phone, students.parent_email AS students_parent_email, students.is_active AS students_is_active, students.created_at AS students_created_at, fee_types_1.id AS fee_types_1_id, fee_types_1.school_id AS fee_types_1_school_id, fee_types_1.category_id AS fee_types_1_category_id, fee_types_1.section AS fee_types_1_section, fee_types_1.term AS fee_types_1_term, fee_types_1.amount_kobo AS fee_types_1_amount_kobo, fee_types_1.created_at AS fee_types_1_created_at, fee_records_1.id AS fee_records_1_id, fee_records_1.student_id AS fee_records_1_student_id, fee_records_1.fee_type_id AS fee_records_1_fee_type_id, fee_records_1.total_fees_kobo AS fee_records_1_total_fees_kobo, fee_records_1.amount_paid_kobo AS fee_records_1_amount_paid_kobo, fee_records_1.status AS fee_records_1_status, fee_records_1.created_at AS fee_records_1_created_at, fee_records_1.updated_at AS fee_records_1_updated_at 
FROM students LEFT OUTER JOIN fee_records AS fee_records_1 ON students.id = fee_records_1.student_id LEFT OUTER JOIN fee_types AS fee_types_1 ON fee_types_1.id = fee_records_1.fee_type_id 
WHERE students.school_id = ? AND students.is_active = 1 AND students.section = ?
2026-08-01 17:16:23 | INFO     | sqlalchemy.engine.Engine | SELECT students.id AS students_id, students.school_id AS students_school_id, students.student_name AS students_student_name, students.section AS students_section, students.class_name AS students_class_name, students.parent_name AS students_parent_name, students.parent_phone AS students_parent_phone, students.parent_email AS students_parent_email, students.is_active AS students_is_active, students.created_at AS students_created_at, fee_types_1.id AS fee_types_1_id, fee_types_1.school_id AS fee_types_1_school_id, fee_types_1.category_id AS fee_types_1_category_id, fee_types_1.section AS fee_types_1_section, fee_types_1.term AS fee_types_1_term, fee_types_1.amount_kobo AS fee_types_1_amount_kobo, fee_types_1.created_at AS fee_types_1_created_at, fee_records_1.id AS fee_records_1_id, fee_records_1.student_id AS fee_records_1_student_id, fee_records_1.fee_type_id AS fee_records_1_fee_type_id, fee_records_1.total_fees_kobo AS fee_records_1_total_fees_kobo, fee_records_1.amount_paid_kobo AS fee_records_1_amount_paid_kobo, fee_records_1.status AS fee_records_1_status, fee_records_1.created_at AS fee_records_1_created_at, fee_records_1.updated_at AS fee_records_1_updated_at 
FROM students LEFT OUTER JOIN fee_records AS fee_records_1 ON students.id = fee_records_1.student_id LEFT OUTER JOIN fee_types AS fee_types_1 ON fee_types_1.id = fee_records_1.fee_type_id 
WHERE students.school_id = ? AND students.is_active = 1 AND students.section = ?
2026-08-01 17:16:23,087 INFO sqlalchemy.engine.Engine [cached since 5.402s ago] (1, 'Secondary')
2026-08-01 17:16:23 | INFO     | sqlalchemy.engine.Engine | [cached since 5.402s ago] (1, 'Secondary')
INFO:     127.0.0.1:56030 - "GET /api/v1/activity/?school_id=1&limit=6 HTTP/1.1" 200 OK
2026-08-01 17:16:23,089 INFO sqlalchemy.engine.Engine ROLLBACK
2026-08-01 17:16:23 | INFO     | sqlalchemy.engine.Engine | ROLLBACK
2026-08-01 17:16:23,092 INFO sqlalchemy.engine.Engine SELECT students.id AS students_id, students.school_id AS students_school_id, students.student_name AS students_student_name, students.section AS students_section, students.class_name AS students_class_name, students.parent_name AS students_parent_name, students.parent_phone AS students_parent_phone, students.parent_email AS students_parent_email, students.is_active AS students_is_active, students.created_at AS students_created_at, fee_records_1.id AS fee_records_1_id, fee_records_1.student_id AS fee_records_1_student_id, fee_records_1.fee_type_id AS fee_records_1_fee_type_id, fee_records_1.total_fees_kobo AS fee_records_1_total_fees_kobo, fee_records_1.amount_paid_kobo AS fee_records_1_amount_paid_kobo, fee_records_1.status AS fee_records_1_status, fee_records_1.created_at AS fee_records_1_created_at, fee_records_1.updated_at AS fee_records_1_updated_at 
FROM students LEFT OUTER JOIN fee_records AS fee_records_1 ON students.id = fee_records_1.student_id 
WHERE students.school_id = ? AND students.is_active = 1
2026-08-01 17:16:23 | INFO     | sqlalchemy.engine.Engine | SELECT students.id AS students_id, students.school_id AS students_school_id, students.student_name AS students_student_name, students.section AS students_section, students.class_name AS students_class_name, students.parent_name AS students_parent_name, students.parent_phone AS students_parent_phone, students.parent_email AS students_parent_email, students.is_active AS students_is_active, students.created_at AS students_created_at, fee_records_1.id AS fee_records_1_id, fee_records_1.student_id AS fee_records_1_student_id, fee_records_1.fee_type_id AS fee_records_1_fee_type_id, fee_records_1.total_fees_kobo AS fee_records_1_total_fees_kobo, fee_records_1.amount_paid_kobo AS fee_records_1_amount_paid_kobo, fee_records_1.status AS fee_records_1_status, fee_records_1.created_at AS fee_records_1_created_at, fee_records_1.updated_at AS fee_records_1_updated_at 
FROM students LEFT OUTER JOIN fee_records AS fee_records_1 ON students.id = fee_records_1.student_id 
WHERE students.school_id = ? AND students.is_active = 1
2026-08-01 17:16:23,092 INFO sqlalchemy.engine.Engine [cached since 61.4s ago] (1,)
2026-08-01 17:16:23 | INFO     | sqlalchemy.engine.Engine | [cached since 61.4s ago] (1,)
2026-08-01 17:16:23,098 INFO sqlalchemy.engine.Engine SELECT fee_categories.id AS fee_categories_id, fee_categories.school_id AS fee_categories_school_id, fee_categories.name AS fee_categories_name, fee_categories.created_at AS fee_categories_created_at 
FROM fee_categories 
WHERE fee_categories.school_id = ? ORDER BY fee_categories.name
2026-08-01 17:16:23 | INFO     | sqlalchemy.engine.Engine | SELECT fee_categories.id AS fee_categories_id, fee_categories.school_id AS fee_categories_school_id, fee_categories.name AS fee_categories_name, fee_categories.created_at AS fee_categories_created_at 
FROM fee_categories 
WHERE fee_categories.school_id = ? ORDER BY fee_categories.name
2026-08-01 17:16:23,099 INFO sqlalchemy.engine.Engine [cached since 124s ago] (1,)
2026-08-01 17:16:23 | INFO     | sqlalchemy.engine.Engine | [cached since 124s ago] (1,)
2026-08-01 17:16:23,101 INFO sqlalchemy.engine.Engine SELECT fee_types.id AS fee_types_id, fee_types.school_id AS fee_types_school_id, fee_types.category_id AS fee_types_category_id, fee_types.section AS fee_types_section, fee_types.term AS fee_types_term, fee_types.amount_kobo AS fee_types_amount_kobo, fee_types.created_at AS fee_types_created_at 
FROM fee_types 
WHERE fee_types.category_id = ?
2026-08-01 17:16:23 | INFO     | sqlalchemy.engine.Engine | SELECT fee_types.id AS fee_types_id, fee_types.school_id AS fee_types_school_id, fee_types.category_id AS fee_types_category_id, fee_types.section AS fee_types_section, fee_types.term AS fee_types_term, fee_types.amount_kobo AS fee_types_amount_kobo, fee_types.created_at AS fee_types_created_at 
FROM fee_types 
WHERE fee_types.category_id = ?
2026-08-01 17:16:23,101 INFO sqlalchemy.engine.Engine [cached since 61.39s ago] (8,)
2026-08-01 17:16:23 | INFO     | sqlalchemy.engine.Engine | [cached since 61.39s ago] (8,)
2026-08-01 17:16:23,103 INFO sqlalchemy.engine.Engine SELECT fee_types.id AS fee_types_id, fee_types.school_id AS fee_types_school_id, fee_types.category_id AS fee_types_category_id, fee_types.section AS fee_types_section, fee_types.term AS fee_types_term, fee_types.amount_kobo AS fee_types_amount_kobo, fee_types.created_at AS fee_types_created_at 
FROM fee_types 
WHERE fee_types.category_id = ?
2026-08-01 17:16:23 | INFO     | sqlalchemy.engine.Engine | SELECT fee_types.id AS fee_types_id, fee_types.school_id AS fee_types_school_id, fee_types.category_id AS fee_types_category_id, fee_types.section AS fee_types_section, fee_types.term AS fee_types_term, fee_types.amount_kobo AS fee_types_amount_kobo, fee_types.created_at AS fee_types_created_at 
FROM fee_types 
WHERE fee_types.category_id = ?
2026-08-01 17:16:23,103 INFO sqlalchemy.engine.Engine [cached since 61.39s ago] (3,)
2026-08-01 17:16:23 | INFO     | sqlalchemy.engine.Engine | [cached since 61.39s ago] (3,)
2026-08-01 17:16:23,105 INFO sqlalchemy.engine.Engine SELECT fee_types.id AS fee_types_id, fee_types.school_id AS fee_types_school_id, fee_types.category_id AS fee_types_category_id, fee_types.section AS fee_types_section, fee_types.term AS fee_types_term, fee_types.amount_kobo AS fee_types_amount_kobo, fee_types.created_at AS fee_types_created_at 
FROM fee_types 
WHERE fee_types.category_id = ?
2026-08-01 17:16:23 | INFO     | sqlalchemy.engine.Engine | SELECT fee_types.id AS fee_types_id, fee_types.school_id AS fee_types_school_id, fee_types.category_id AS fee_types_category_id, fee_types.section AS fee_types_section, fee_types.term AS fee_types_term, fee_types.amount_kobo AS fee_types_amount_kobo, fee_types.created_at AS fee_types_created_at 
FROM fee_types 
WHERE fee_types.category_id = ?
2026-08-01 17:16:23,105 INFO sqlalchemy.engine.Engine [cached since 61.39s ago] (6,)
2026-08-01 17:16:23 | INFO     | sqlalchemy.engine.Engine | [cached since 61.39s ago] (6,)
2026-08-01 17:16:23,107 INFO sqlalchemy.engine.Engine SELECT fee_types.id AS fee_types_id, fee_types.school_id AS fee_types_school_id, fee_types.category_id AS fee_types_category_id, fee_types.section AS fee_types_section, fee_types.term AS fee_types_term, fee_types.amount_kobo AS fee_types_amount_kobo, fee_types.created_at AS fee_types_created_at 
FROM fee_types 
WHERE fee_types.category_id = ?
2026-08-01 17:16:23 | INFO     | sqlalchemy.engine.Engine | SELECT fee_types.id AS fee_types_id, fee_types.school_id AS fee_types_school_id, fee_types.category_id AS fee_types_category_id, fee_types.section AS fee_types_section, fee_types.term AS fee_types_term, fee_types.amount_kobo AS fee_types_amount_kobo, fee_types.created_at AS fee_types_created_at 
FROM fee_types 
WHERE fee_types.category_id = ?
2026-08-01 17:16:23,107 INFO sqlalchemy.engine.Engine [cached since 61.39s ago] (4,)
2026-08-01 17:16:23 | INFO     | sqlalchemy.engine.Engine | [cached since 61.39s ago] (4,)
2026-08-01 17:16:23,109 INFO sqlalchemy.engine.Engine SELECT fee_types.id AS fee_types_id, fee_types.school_id AS fee_types_school_id, fee_types.category_id AS fee_types_category_id, fee_types.section AS fee_types_section, fee_types.term AS fee_types_term, fee_types.amount_kobo AS fee_types_amount_kobo, fee_types.created_at AS fee_types_created_at 
FROM fee_types 
WHERE fee_types.category_id = ?
2026-08-01 17:16:23 | INFO     | sqlalchemy.engine.Engine | SELECT fee_types.id AS fee_types_id, fee_types.school_id AS fee_types_school_id, fee_types.category_id AS fee_types_category_id, fee_types.section AS fee_types_section, fee_types.term AS fee_types_term, fee_types.amount_kobo AS fee_types_amount_kobo, fee_types.created_at AS fee_types_created_at 
FROM fee_types 
WHERE fee_types.category_id = ?
2026-08-01 17:16:23,109 INFO sqlalchemy.engine.Engine [cached since 61.4s ago] (7,)
2026-08-01 17:16:23 | INFO     | sqlalchemy.engine.Engine | [cached since 61.4s ago] (7,)
2026-08-01 17:16:23,114 INFO sqlalchemy.engine.Engine SELECT fee_types.id AS fee_types_id, fee_types.school_id AS fee_types_school_id, fee_types.category_id AS fee_types_category_id, fee_types.section AS fee_types_section, fee_types.term AS fee_types_term, fee_types.amount_kobo AS fee_types_amount_kobo, fee_types.created_at AS fee_types_created_at 
FROM fee_types 
WHERE fee_types.category_id = ?
2026-08-01 17:16:23 | INFO     | sqlalchemy.engine.Engine | SELECT fee_types.id AS fee_types_id, fee_types.school_id AS fee_types_school_id, fee_types.category_id AS fee_types_category_id, fee_types.section AS fee_types_section, fee_types.term AS fee_types_term, fee_types.amount_kobo AS fee_types_amount_kobo, fee_types.created_at AS fee_types_created_at 
FROM fee_types 
WHERE fee_types.category_id = ?
2026-08-01 17:16:23,115 INFO sqlalchemy.engine.Engine [cached since 61.4s ago] (2,)
2026-08-01 17:16:23 | INFO     | sqlalchemy.engine.Engine | [cached since 61.4s ago] (2,)
2026-08-01 17:16:23,116 INFO sqlalchemy.engine.Engine SELECT fee_records.id AS fee_records_id, fee_records.student_id AS fee_records_student_id, fee_records.fee_type_id AS fee_records_fee_type_id, fee_records.total_fees_kobo AS fee_records_total_fees_kobo, fee_records.amount_paid_kobo AS fee_records_amount_paid_kobo, fee_records.status AS fee_records_status, fee_records.created_at AS fee_records_created_at, fee_records.updated_at AS fee_records_updated_at 
FROM fee_records 
WHERE fee_records.fee_type_id IN (?)
2026-08-01 17:16:23 | INFO     | sqlalchemy.engine.Engine | SELECT fee_records.id AS fee_records_id, fee_records.student_id AS fee_records_student_id, fee_records.fee_type_id AS fee_records_fee_type_id, fee_records.total_fees_kobo AS fee_records_total_fees_kobo, fee_records.amount_paid_kobo AS fee_records_amount_paid_kobo, fee_records.status AS fee_records_status, fee_records.created_at AS fee_records_created_at, fee_records.updated_at AS fee_records_updated_at 
FROM fee_records 
WHERE fee_records.fee_type_id IN (?)
2026-08-01 17:16:23,116 INFO sqlalchemy.engine.Engine [cached since 61.25s ago] (2,)
2026-08-01 17:16:23 | INFO     | sqlalchemy.engine.Engine | [cached since 61.25s ago] (2,)
2026-08-01 17:16:23,117 INFO sqlalchemy.engine.Engine SELECT fee_types.id AS fee_types_id, fee_types.school_id AS fee_types_school_id, fee_types.category_id AS fee_types_category_id, fee_types.section AS fee_types_section, fee_types.term AS fee_types_term, fee_types.amount_kobo AS fee_types_amount_kobo, fee_types.created_at AS fee_types_created_at 
FROM fee_types 
WHERE fee_types.category_id = ?
2026-08-01 17:16:23 | INFO     | sqlalchemy.engine.Engine | SELECT fee_types.id AS fee_types_id, fee_types.school_id AS fee_types_school_id, fee_types.category_id AS fee_types_category_id, fee_types.section AS fee_types_section, fee_types.term AS fee_types_term, fee_types.amount_kobo AS fee_types_amount_kobo, fee_types.created_at AS fee_types_created_at 
FROM fee_types 
WHERE fee_types.category_id = ?
2026-08-01 17:16:23,118 INFO sqlalchemy.engine.Engine [cached since 61.4s ago] (1,)
2026-08-01 17:16:23 | INFO     | sqlalchemy.engine.Engine | [cached since 61.4s ago] (1,)
2026-08-01 17:16:23,119 INFO sqlalchemy.engine.Engine SELECT fee_records.id AS fee_records_id, fee_records.student_id AS fee_records_student_id, fee_records.fee_type_id AS fee_records_fee_type_id, fee_records.total_fees_kobo AS fee_records_total_fees_kobo, fee_records.amount_paid_kobo AS fee_records_amount_paid_kobo, fee_records.status AS fee_records_status, fee_records.created_at AS fee_records_created_at, fee_records.updated_at AS fee_records_updated_at 
FROM fee_records 
WHERE fee_records.fee_type_id IN (?)
2026-08-01 17:16:23 | INFO     | sqlalchemy.engine.Engine | SELECT fee_records.id AS fee_records_id, fee_records.student_id AS fee_records_student_id, fee_records.fee_type_id AS fee_records_fee_type_id, fee_records.total_fees_kobo AS fee_records_total_fees_kobo, fee_records.amount_paid_kobo AS fee_records_amount_paid_kobo, fee_records.status AS fee_records_status, fee_records.created_at AS fee_records_created_at, fee_records.updated_at AS fee_records_updated_at 
FROM fee_records 
WHERE fee_records.fee_type_id IN (?)
2026-08-01 17:16:23,119 INFO sqlalchemy.engine.Engine [cached since 61.25s ago] (1,)
2026-08-01 17:16:23 | INFO     | sqlalchemy.engine.Engine | [cached since 61.25s ago] (1,)
2026-08-01 17:16:23,120 INFO sqlalchemy.engine.Engine SELECT fee_types.id AS fee_types_id, fee_types.school_id AS fee_types_school_id, fee_types.category_id AS fee_types_category_id, fee_types.section AS fee_types_section, fee_types.term AS fee_types_term, fee_types.amount_kobo AS fee_types_amount_kobo, fee_types.created_at AS fee_types_created_at 
FROM fee_types 
WHERE fee_types.category_id = ?
2026-08-01 17:16:23 | INFO     | sqlalchemy.engine.Engine | SELECT fee_types.id AS fee_types_id, fee_types.school_id AS fee_types_school_id, fee_types.category_id AS fee_types_category_id, fee_types.section AS fee_types_section, fee_types.term AS fee_types_term, fee_types.amount_kobo AS fee_types_amount_kobo, fee_types.created_at AS fee_types_created_at 
FROM fee_types 
WHERE fee_types.category_id = ?
2026-08-01 17:16:23,120 INFO sqlalchemy.engine.Engine [cached since 61.41s ago] (5,)
2026-08-01 17:16:23 | INFO     | sqlalchemy.engine.Engine | [cached since 61.41s ago] (5,)
INFO:     127.0.0.1:56029 - "GET /api/v1/dashboard/summary?school_id=1&section=Secondary HTTP/1.1" 200 OK
2026-08-01 17:16:23,125 INFO sqlalchemy.engine.Engine ROLLBACK
2026-08-01 17:16:23 | INFO     | sqlalchemy.engine.Engine | ROLLBACK
2026-08-01 17:18:00,101 INFO sqlalchemy.engine.Engine BEGIN (implicit)
2026-08-01 17:18:00 | INFO     | sqlalchemy.engine.Engine | BEGIN (implicit)
2026-08-01 17:18:00,102 INFO sqlalchemy.engine.Engine BEGIN (implicit)
2026-08-01 17:18:00,103 INFO sqlalchemy.engine.Engine SELECT users.id AS users_id, users.school_id AS users_school_id, users.email AS users_email, users.hashed_password AS users_hashed_password, users.role AS users_role, users.is_active AS users_is_active, users.created_at AS users_created_at, users.last_login AS users_last_login 
FROM users 
WHERE users.id = ?
 LIMIT ? OFFSET ?
2026-08-01 17:18:00 | INFO     | sqlalchemy.engine.Engine | BEGIN (implicit)
2026-08-01 17:18:00 | INFO     | sqlalchemy.engine.Engine | SELECT users.id AS users_id, users.school_id AS users_school_id, users.email AS users_email, users.hashed_password AS users_hashed_password, users.role AS users_role, users.is_active AS users_is_active, users.created_at AS users_created_at, users.last_login AS users_last_login 
FROM users 
WHERE users.id = ?
 LIMIT ? OFFSET ?
2026-08-01 17:18:00,103 INFO sqlalchemy.engine.Engine SELECT users.id AS users_id, users.school_id AS users_school_id, users.email AS users_email, users.hashed_password AS users_hashed_password, users.role AS users_role, users.is_active AS users_is_active, users.created_at AS users_created_at, users.last_login AS users_last_login 
FROM users 
WHERE users.id = ?
 LIMIT ? OFFSET ?
2026-08-01 17:18:00 | INFO     | sqlalchemy.engine.Engine | SELECT users.id AS users_id, users.school_id AS users_school_id, users.email AS users_email, users.hashed_password AS users_hashed_password, users.role AS users_role, users.is_active AS users_is_active, users.created_at AS users_created_at, users.last_login AS users_last_login 
FROM users 
WHERE users.id = ?
 LIMIT ? OFFSET ?
2026-08-01 17:18:00,103 INFO sqlalchemy.engine.Engine [cached since 221s ago] (1, 1, 0)
2026-08-01 17:18:00 | INFO     | sqlalchemy.engine.Engine | [cached since 221s ago] (1, 1, 0)
2026-08-01 17:18:00,104 INFO sqlalchemy.engine.Engine [cached since 221s ago] (1, 1, 0)
2026-08-01 17:18:00 | INFO     | sqlalchemy.engine.Engine | [cached since 221s ago] (1, 1, 0)
2026-08-01 17:18:00,108 INFO sqlalchemy.engine.Engine SELECT schools.id AS schools_id, schools.name AS schools_name, schools.slug AS schools_slug, schools.phone AS schools_phone, schools.email AS schools_email, schools.address AS schools_address, schools.is_active AS schools_is_active, schools.created_at AS schools_created_at 
FROM schools 
WHERE schools.id = ?
 LIMIT ? OFFSET ?
2026-08-01 17:18:00 | INFO     | sqlalchemy.engine.Engine | SELECT schools.id AS schools_id, schools.name AS schools_name, schools.slug AS schools_slug, schools.phone AS schools_phone, schools.email AS schools_email, schools.address AS schools_address, schools.is_active AS schools_is_active, schools.created_at AS schools_created_at 
FROM schools 
WHERE schools.id = ?
 LIMIT ? OFFSET ?
2026-08-01 17:18:00,109 INFO sqlalchemy.engine.Engine [cached since 158.5s ago] (1, 1, 0)
2026-08-01 17:18:00 | INFO     | sqlalchemy.engine.Engine | [cached since 158.5s ago] (1, 1, 0)
2026-08-01 17:18:00,110 INFO sqlalchemy.engine.Engine SELECT activity_logs.id AS activity_logs_id, activity_logs.school_id AS activity_logs_school_id, activity_logs.student_id AS activity_logs_student_id, activity_logs.action AS activity_logs_action, activity_logs.description AS activity_logs_description, activity_logs.created_at AS activity_logs_created_at 
FROM activity_logs 
WHERE activity_logs.school_id = ? ORDER BY activity_logs.created_at DESC
 LIMIT ? OFFSET ?
2026-08-01 17:18:00 | INFO     | sqlalchemy.engine.Engine | SELECT activity_logs.id AS activity_logs_id, activity_logs.school_id AS activity_logs_school_id, activity_logs.student_id AS activity_logs_student_id, activity_logs.action AS activity_logs_action, activity_logs.description AS activity_logs_description, activity_logs.created_at AS activity_logs_created_at 
FROM activity_logs 
WHERE activity_logs.school_id = ? ORDER BY activity_logs.created_at DESC
 LIMIT ? OFFSET ?
2026-08-01 17:18:00,112 INFO sqlalchemy.engine.Engine SELECT students.id AS students_id, students.school_id AS students_school_id, students.student_name AS students_student_name, students.section AS students_section, students.class_name AS students_class_name, students.parent_name AS students_parent_name, students.parent_phone AS students_parent_phone, students.parent_email AS students_parent_email, students.is_active AS students_is_active, students.created_at AS students_created_at, fee_types_1.id AS fee_types_1_id, fee_types_1.school_id AS fee_types_1_school_id, fee_types_1.category_id AS fee_types_1_category_id, fee_types_1.section AS fee_types_1_section, fee_types_1.term AS fee_types_1_term, fee_types_1.amount_kobo AS fee_types_1_amount_kobo, fee_types_1.created_at AS fee_types_1_created_at, fee_records_1.id AS fee_records_1_id, fee_records_1.student_id AS fee_records_1_student_id, fee_records_1.fee_type_id AS fee_records_1_fee_type_id, fee_records_1.total_fees_kobo AS fee_records_1_total_fees_kobo, fee_records_1.amount_paid_kobo AS fee_records_1_amount_paid_kobo, fee_records_1.status AS fee_records_1_status, fee_records_1.created_at AS fee_records_1_created_at, fee_records_1.updated_at AS fee_records_1_updated_at 
FROM students LEFT OUTER JOIN fee_records AS fee_records_1 ON students.id = fee_records_1.student_id LEFT OUTER JOIN fee_types AS fee_types_1 ON fee_types_1.id = fee_records_1.fee_type_id 
WHERE students.school_id = ? AND students.is_active = 1
2026-08-01 17:18:00 | INFO     | sqlalchemy.engine.Engine | SELECT students.id AS students_id, students.school_id AS students_school_id, students.student_name AS students_student_name, students.section AS students_section, students.class_name AS students_class_name, students.parent_name AS students_parent_name, students.parent_phone AS students_parent_phone, students.parent_email AS students_parent_email, students.is_active AS students_is_active, students.created_at AS students_created_at, fee_types_1.id AS fee_types_1_id, fee_types_1.school_id AS fee_types_1_school_id, fee_types_1.category_id AS fee_types_1_category_id, fee_types_1.section AS fee_types_1_section, fee_types_1.term AS fee_types_1_term, fee_types_1.amount_kobo AS fee_types_1_amount_kobo, fee_types_1.created_at AS fee_types_1_created_at, fee_records_1.id AS fee_records_1_id, fee_records_1.student_id AS fee_records_1_student_id, fee_records_1.fee_type_id AS fee_records_1_fee_type_id, fee_records_1.total_fees_kobo AS fee_records_1_total_fees_kobo, fee_records_1.amount_paid_kobo AS fee_records_1_amount_paid_kobo, fee_records_1.status AS fee_records_1_status, fee_records_1.created_at AS fee_records_1_created_at, fee_records_1.updated_at AS fee_records_1_updated_at 
FROM students LEFT OUTER JOIN fee_records AS fee_records_1 ON students.id = fee_records_1.student_id LEFT OUTER JOIN fee_types AS fee_types_1 ON fee_types_1.id = fee_records_1.fee_type_id 
WHERE students.school_id = ? AND students.is_active = 1
2026-08-01 17:18:00,112 INFO sqlalchemy.engine.Engine [cached since 158.4s ago] (1,)
2026-08-01 17:18:00 | INFO     | sqlalchemy.engine.Engine | [cached since 158.4s ago] (1,)
2026-08-01 17:18:00,112 INFO sqlalchemy.engine.Engine [cached since 158.4s ago] (1, 6, 0)
2026-08-01 17:18:00 | INFO     | sqlalchemy.engine.Engine | [cached since 158.4s ago] (1, 6, 0)
2026-08-01 17:18:00,202 INFO sqlalchemy.engine.Engine SELECT students.id AS students_id, students.school_id AS students_school_id, students.student_name AS students_student_name, students.section AS students_section, students.class_name AS students_class_name, students.parent_name AS students_parent_name, students.parent_phone AS students_parent_phone, students.parent_email AS students_parent_email, students.is_active AS students_is_active, students.created_at AS students_created_at, fee_records_1.id AS fee_records_1_id, fee_records_1.student_id AS fee_records_1_student_id, fee_records_1.fee_type_id AS fee_records_1_fee_type_id, fee_records_1.total_fees_kobo AS fee_records_1_total_fees_kobo, fee_records_1.amount_paid_kobo AS fee_records_1_amount_paid_kobo, fee_records_1.status AS fee_records_1_status, fee_records_1.created_at AS fee_records_1_created_at, fee_records_1.updated_at AS fee_records_1_updated_at 
FROM students LEFT OUTER JOIN fee_records AS fee_records_1 ON students.id = fee_records_1.student_id 
WHERE students.school_id = ? AND students.is_active = 1
2026-08-01 17:18:00 | INFO     | sqlalchemy.engine.Engine | SELECT students.id AS students_id, students.school_id AS students_school_id, students.student_name AS students_student_name, students.section AS students_section, students.class_name AS students_class_name, students.parent_name AS students_parent_name, students.parent_phone AS students_parent_phone, students.parent_email AS students_parent_email, students.is_active AS students_is_active, students.created_at AS students_created_at, fee_records_1.id AS fee_records_1_id, fee_records_1.student_id AS fee_records_1_student_id, fee_records_1.fee_type_id AS fee_records_1_fee_type_id, fee_records_1.total_fees_kobo AS fee_records_1_total_fees_kobo, fee_records_1.amount_paid_kobo AS fee_records_1_amount_paid_kobo, fee_records_1.status AS fee_records_1_status, fee_records_1.created_at AS fee_records_1_created_at, fee_records_1.updated_at AS fee_records_1_updated_at 
FROM students LEFT OUTER JOIN fee_records AS fee_records_1 ON students.id = fee_records_1.student_id 
WHERE students.school_id = ? AND students.is_active = 1
INFO:     127.0.0.1:56159 - "GET /api/v1/activity/?school_id=1&limit=6 HTTP/1.1" 200 OK
2026-08-01 17:18:00,203 INFO sqlalchemy.engine.Engine [cached since 158.5s ago] (1,)
2026-08-01 17:18:00 | INFO     | sqlalchemy.engine.Engine | [cached since 158.5s ago] (1,)
2026-08-01 17:18:00,204 INFO sqlalchemy.engine.Engine ROLLBACK
2026-08-01 17:18:00 | INFO     | sqlalchemy.engine.Engine | ROLLBACK
2026-08-01 17:18:00,206 INFO sqlalchemy.engine.Engine SELECT fee_categories.id AS fee_categories_id, fee_categories.school_id AS fee_categories_school_id, fee_categories.name AS fee_categories_name, fee_categories.created_at AS fee_categories_created_at 
FROM fee_categories 
WHERE fee_categories.school_id = ? ORDER BY fee_categories.name
2026-08-01 17:18:00 | INFO     | sqlalchemy.engine.Engine | SELECT fee_categories.id AS fee_categories_id, fee_categories.school_id AS fee_categories_school_id, fee_categories.name AS fee_categories_name, fee_categories.created_at AS fee_categories_created_at 
FROM fee_categories 
WHERE fee_categories.school_id = ? ORDER BY fee_categories.name
2026-08-01 17:18:00,207 INFO sqlalchemy.engine.Engine [cached since 221.1s ago] (1,)
2026-08-01 17:18:00 | INFO     | sqlalchemy.engine.Engine | [cached since 221.1s ago] (1,)
2026-08-01 17:18:00,208 INFO sqlalchemy.engine.Engine SELECT fee_types.id AS fee_types_id, fee_types.school_id AS fee_types_school_id, fee_types.category_id AS fee_types_category_id, fee_types.section AS fee_types_section, fee_types.term AS fee_types_term, fee_types.amount_kobo AS fee_types_amount_kobo, fee_types.created_at AS fee_types_created_at 
FROM fee_types 
WHERE fee_types.category_id = ?
2026-08-01 17:18:00 | INFO     | sqlalchemy.engine.Engine | SELECT fee_types.id AS fee_types_id, fee_types.school_id AS fee_types_school_id, fee_types.category_id AS fee_types_category_id, fee_types.section AS fee_types_section, fee_types.term AS fee_types_term, fee_types.amount_kobo AS fee_types_amount_kobo, fee_types.created_at AS fee_types_created_at 
FROM fee_types 
WHERE fee_types.category_id = ?
2026-08-01 17:18:00,209 INFO sqlalchemy.engine.Engine [cached since 158.5s ago] (8,)
2026-08-01 17:18:00 | INFO     | sqlalchemy.engine.Engine | [cached since 158.5s ago] (8,)
2026-08-01 17:18:00,210 INFO sqlalchemy.engine.Engine SELECT fee_types.id AS fee_types_id, fee_types.school_id AS fee_types_school_id, fee_types.category_id AS fee_types_category_id, fee_types.section AS fee_types_section, fee_types.term AS fee_types_term, fee_types.amount_kobo AS fee_types_amount_kobo, fee_types.created_at AS fee_types_created_at 
FROM fee_types 
WHERE fee_types.category_id = ?
2026-08-01 17:18:00 | INFO     | sqlalchemy.engine.Engine | SELECT fee_types.id AS fee_types_id, fee_types.school_id AS fee_types_school_id, fee_types.category_id AS fee_types_category_id, fee_types.section AS fee_types_section, fee_types.term AS fee_types_term, fee_types.amount_kobo AS fee_types_amount_kobo, fee_types.created_at AS fee_types_created_at 
FROM fee_types 
WHERE fee_types.category_id = ?
2026-08-01 17:18:00,210 INFO sqlalchemy.engine.Engine [cached since 158.5s ago] (3,)
2026-08-01 17:18:00 | INFO     | sqlalchemy.engine.Engine | [cached since 158.5s ago] (3,)
2026-08-01 17:18:00,211 INFO sqlalchemy.engine.Engine SELECT fee_types.id AS fee_types_id, fee_types.school_id AS fee_types_school_id, fee_types.category_id AS fee_types_category_id, fee_types.section AS fee_types_section, fee_types.term AS fee_types_term, fee_types.amount_kobo AS fee_types_amount_kobo, fee_types.created_at AS fee_types_created_at 
FROM fee_types 
WHERE fee_types.category_id = ?
2026-08-01 17:18:00 | INFO     | sqlalchemy.engine.Engine | SELECT fee_types.id AS fee_types_id, fee_types.school_id AS fee_types_school_id, fee_types.category_id AS fee_types_category_id, fee_types.section AS fee_types_section, fee_types.term AS fee_types_term, fee_types.amount_kobo AS fee_types_amount_kobo, fee_types.created_at AS fee_types_created_at 
FROM fee_types 
WHERE fee_types.category_id = ?
2026-08-01 17:18:00,211 INFO sqlalchemy.engine.Engine [cached since 158.5s ago] (6,)
2026-08-01 17:18:00 | INFO     | sqlalchemy.engine.Engine | [cached since 158.5s ago] (6,)
2026-08-01 17:18:00,212 INFO sqlalchemy.engine.Engine SELECT fee_types.id AS fee_types_id, fee_types.school_id AS fee_types_school_id, fee_types.category_id AS fee_types_category_id, fee_types.section AS fee_types_section, fee_types.term AS fee_types_term, fee_types.amount_kobo AS fee_types_amount_kobo, fee_types.created_at AS fee_types_created_at 
FROM fee_types 
WHERE fee_types.category_id = ?
2026-08-01 17:18:00 | INFO     | sqlalchemy.engine.Engine | SELECT fee_types.id AS fee_types_id, fee_types.school_id AS fee_types_school_id, fee_types.category_id AS fee_types_category_id, fee_types.section AS fee_types_section, fee_types.term AS fee_types_term, fee_types.amount_kobo AS fee_types_amount_kobo, fee_types.created_at AS fee_types_created_at 
FROM fee_types 
WHERE fee_types.category_id = ?
2026-08-01 17:18:00,212 INFO sqlalchemy.engine.Engine [cached since 158.5s ago] (4,)
2026-08-01 17:18:00 | INFO     | sqlalchemy.engine.Engine | [cached since 158.5s ago] (4,)
2026-08-01 17:18:00,213 INFO sqlalchemy.engine.Engine SELECT fee_types.id AS fee_types_id, fee_types.school_id AS fee_types_school_id, fee_types.category_id AS fee_types_category_id, fee_types.section AS fee_types_section, fee_types.term AS fee_types_term, fee_types.amount_kobo AS fee_types_amount_kobo, fee_types.created_at AS fee_types_created_at 
FROM fee_types 
WHERE fee_types.category_id = ?
2026-08-01 17:18:00 | INFO     | sqlalchemy.engine.Engine | SELECT fee_types.id AS fee_types_id, fee_types.school_id AS fee_types_school_id, fee_types.category_id AS fee_types_category_id, fee_types.section AS fee_types_section, fee_types.term AS fee_types_term, fee_types.amount_kobo AS fee_types_amount_kobo, fee_types.created_at AS fee_types_created_at 
FROM fee_types 
WHERE fee_types.category_id = ?
2026-08-01 17:18:00,213 INFO sqlalchemy.engine.Engine [cached since 158.5s ago] (7,)
2026-08-01 17:18:00 | INFO     | sqlalchemy.engine.Engine | [cached since 158.5s ago] (7,)
2026-08-01 17:18:00,216 INFO sqlalchemy.engine.Engine SELECT fee_types.id AS fee_types_id, fee_types.school_id AS fee_types_school_id, fee_types.category_id AS fee_types_category_id, fee_types.section AS fee_types_section, fee_types.term AS fee_types_term, fee_types.amount_kobo AS fee_types_amount_kobo, fee_types.created_at AS fee_types_created_at 
FROM fee_types 
WHERE fee_types.category_id = ?
2026-08-01 17:18:00 | INFO     | sqlalchemy.engine.Engine | SELECT fee_types.id AS fee_types_id, fee_types.school_id AS fee_types_school_id, fee_types.category_id AS fee_types_category_id, fee_types.section AS fee_types_section, fee_types.term AS fee_types_term, fee_types.amount_kobo AS fee_types_amount_kobo, fee_types.created_at AS fee_types_created_at 
FROM fee_types 
WHERE fee_types.category_id = ?
2026-08-01 17:18:00,216 INFO sqlalchemy.engine.Engine [cached since 158.5s ago] (2,)
2026-08-01 17:18:00 | INFO     | sqlalchemy.engine.Engine | [cached since 158.5s ago] (2,)
2026-08-01 17:18:00,218 INFO sqlalchemy.engine.Engine SELECT fee_records.id AS fee_records_id, fee_records.student_id AS fee_records_student_id, fee_records.fee_type_id AS fee_records_fee_type_id, fee_records.total_fees_kobo AS fee_records_total_fees_kobo, fee_records.amount_paid_kobo AS fee_records_amount_paid_kobo, fee_records.status AS fee_records_status, fee_records.created_at AS fee_records_created_at, fee_records.updated_at AS fee_records_updated_at 
FROM fee_records 
WHERE fee_records.fee_type_id IN (?)
2026-08-01 17:18:00 | INFO     | sqlalchemy.engine.Engine | SELECT fee_records.id AS fee_records_id, fee_records.student_id AS fee_records_student_id, fee_records.fee_type_id AS fee_records_fee_type_id, fee_records.total_fees_kobo AS fee_records_total_fees_kobo, fee_records.amount_paid_kobo AS fee_records_amount_paid_kobo, fee_records.status AS fee_records_status, fee_records.created_at AS fee_records_created_at, fee_records.updated_at AS fee_records_updated_at 
FROM fee_records 
WHERE fee_records.fee_type_id IN (?)
2026-08-01 17:18:00,218 INFO sqlalchemy.engine.Engine [cached since 158.4s ago] (2,)
2026-08-01 17:18:00 | INFO     | sqlalchemy.engine.Engine | [cached since 158.4s ago] (2,)
2026-08-01 17:18:00,220 INFO sqlalchemy.engine.Engine SELECT fee_types.id AS fee_types_id, fee_types.school_id AS fee_types_school_id, fee_types.category_id AS fee_types_category_id, fee_types.section AS fee_types_section, fee_types.term AS fee_types_term, fee_types.amount_kobo AS fee_types_amount_kobo, fee_types.created_at AS fee_types_created_at 
FROM fee_types 
WHERE fee_types.category_id = ?
2026-08-01 17:18:00 | INFO     | sqlalchemy.engine.Engine | SELECT fee_types.id AS fee_types_id, fee_types.school_id AS fee_types_school_id, fee_types.category_id AS fee_types_category_id, fee_types.section AS fee_types_section, fee_types.term AS fee_types_term, fee_types.amount_kobo AS fee_types_amount_kobo, fee_types.created_at AS fee_types_created_at 
FROM fee_types 
WHERE fee_types.category_id = ?
2026-08-01 17:18:00,220 INFO sqlalchemy.engine.Engine [cached since 158.5s ago] (1,)
2026-08-01 17:18:00 | INFO     | sqlalchemy.engine.Engine | [cached since 158.5s ago] (1,)
2026-08-01 17:18:00,221 INFO sqlalchemy.engine.Engine SELECT fee_records.id AS fee_records_id, fee_records.student_id AS fee_records_student_id, fee_records.fee_type_id AS fee_records_fee_type_id, fee_records.total_fees_kobo AS fee_records_total_fees_kobo, fee_records.amount_paid_kobo AS fee_records_amount_paid_kobo, fee_records.status AS fee_records_status, fee_records.created_at AS fee_records_created_at, fee_records.updated_at AS fee_records_updated_at 
FROM fee_records 
WHERE fee_records.fee_type_id IN (?)
2026-08-01 17:18:00 | INFO     | sqlalchemy.engine.Engine | SELECT fee_records.id AS fee_records_id, fee_records.student_id AS fee_records_student_id, fee_records.fee_type_id AS fee_records_fee_type_id, fee_records.total_fees_kobo AS fee_records_total_fees_kobo, fee_records.amount_paid_kobo AS fee_records_amount_paid_kobo, fee_records.status AS fee_records_status, fee_records.created_at AS fee_records_created_at, fee_records.updated_at AS fee_records_updated_at 
FROM fee_records 
WHERE fee_records.fee_type_id IN (?)
2026-08-01 17:18:00,222 INFO sqlalchemy.engine.Engine [cached since 158.4s ago] (1,)
2026-08-01 17:18:00 | INFO     | sqlalchemy.engine.Engine | [cached since 158.4s ago] (1,)
2026-08-01 17:18:00,223 INFO sqlalchemy.engine.Engine SELECT fee_types.id AS fee_types_id, fee_types.school_id AS fee_types_school_id, fee_types.category_id AS fee_types_category_id, fee_types.section AS fee_types_section, fee_types.term AS fee_types_term, fee_types.amount_kobo AS fee_types_amount_kobo, fee_types.created_at AS fee_types_created_at 
FROM fee_types 
WHERE fee_types.category_id = ?
2026-08-01 17:18:00 | INFO     | sqlalchemy.engine.Engine | SELECT fee_types.id AS fee_types_id, fee_types.school_id AS fee_types_school_id, fee_types.category_id AS fee_types_category_id, fee_types.section AS fee_types_section, fee_types.term AS fee_types_term, fee_types.amount_kobo AS fee_types_amount_kobo, fee_types.created_at AS fee_types_created_at 
FROM fee_types 
WHERE fee_types.category_id = ?
2026-08-01 17:18:00,223 INFO sqlalchemy.engine.Engine [cached since 158.5s ago] (5,)
2026-08-01 17:18:00 | INFO     | sqlalchemy.engine.Engine | [cached since 158.5s ago] (5,)
INFO:     127.0.0.1:56158 - "GET /api/v1/dashboard/summary?school_id=1 HTTP/1.1" 200 OK
2026-08-01 17:18:00,226 INFO sqlalchemy.engine.Engine ROLLBACK
2026-08-01 17:18:00 | INFO     | sqlalchemy.engine.Engine | ROLLBACK
2026-08-01 17:18:05,789 INFO sqlalchemy.engine.Engine BEGIN (implicit)
2026-08-01 17:18:05 | INFO     | sqlalchemy.engine.Engine | BEGIN (implicit)
2026-08-01 17:18:05,789 INFO sqlalchemy.engine.Engine SELECT users.id AS users_id, users.school_id AS users_school_id, users.email AS users_email, users.hashed_password AS users_hashed_password, users.role AS users_role, users.is_active AS users_is_active, users.created_at AS users_created_at, users.last_login AS users_last_login 
FROM users 
WHERE users.id = ?
 LIMIT ? OFFSET ?
2026-08-01 17:18:05 | INFO     | sqlalchemy.engine.Engine | SELECT users.id AS users_id, users.school_id AS users_school_id, users.email AS users_email, users.hashed_password AS users_hashed_password, users.role AS users_role, users.is_active AS users_is_active, users.created_at AS users_created_at, users.last_login AS users_last_login 
FROM users 
WHERE users.id = ?
 LIMIT ? OFFSET ?
2026-08-01 17:18:05,790 INFO sqlalchemy.engine.Engine [cached since 226.7s ago] (1, 1, 0)
2026-08-01 17:18:05 | INFO     | sqlalchemy.engine.Engine | [cached since 226.7s ago] (1, 1, 0)
2026-08-01 17:18:05,792 INFO sqlalchemy.engine.Engine SELECT schools.id AS schools_id, schools.name AS schools_name, schools.slug AS schools_slug, schools.phone AS schools_phone, schools.email AS schools_email, schools.address AS schools_address, schools.is_active AS schools_is_active, schools.created_at AS schools_created_at 
FROM schools 
WHERE schools.id = ?
 LIMIT ? OFFSET ?
2026-08-01 17:18:05 | INFO     | sqlalchemy.engine.Engine | SELECT schools.id AS schools_id, schools.name AS schools_name, schools.slug AS schools_slug, schools.phone AS schools_phone, schools.email AS schools_email, schools.address AS schools_address, schools.is_active AS schools_is_active, schools.created_at AS schools_created_at 
FROM schools 
WHERE schools.id = ?
 LIMIT ? OFFSET ?
2026-08-01 17:18:05,792 INFO sqlalchemy.engine.Engine [cached since 164.2s ago] (1, 1, 0)
2026-08-01 17:18:05 | INFO     | sqlalchemy.engine.Engine | [cached since 164.2s ago] (1, 1, 0)
2026-08-01 17:18:05,794 INFO sqlalchemy.engine.Engine SELECT students.id AS students_id, students.school_id AS students_school_id, students.student_name AS students_student_name, students.section AS students_section, students.class_name AS students_class_name, students.parent_name AS students_parent_name, students.parent_phone AS students_parent_phone, students.parent_email AS students_parent_email, students.is_active AS students_is_active, students.created_at AS students_created_at, fee_types_1.id AS fee_types_1_id, fee_types_1.school_id AS fee_types_1_school_id, fee_types_1.category_id AS fee_types_1_category_id, fee_types_1.section AS fee_types_1_section, fee_types_1.term AS fee_types_1_term, fee_types_1.amount_kobo AS fee_types_1_amount_kobo, fee_types_1.created_at AS fee_types_1_created_at, fee_records_1.id AS fee_records_1_id, fee_records_1.student_id AS fee_records_1_student_id, fee_records_1.fee_type_id AS fee_records_1_fee_type_id, fee_records_1.total_fees_kobo AS fee_records_1_total_fees_kobo, fee_records_1.amount_paid_kobo AS fee_records_1_amount_paid_kobo, fee_records_1.status AS fee_records_1_status, fee_records_1.created_at AS fee_records_1_created_at, fee_records_1.updated_at AS fee_records_1_updated_at 
FROM students LEFT OUTER JOIN fee_records AS fee_records_1 ON students.id = fee_records_1.student_id LEFT OUTER JOIN fee_types AS fee_types_1 ON fee_types_1.id = fee_records_1.fee_type_id 
WHERE students.school_id = ? AND students.is_active = 1 AND students.section = ?
2026-08-01 17:18:05 | INFO     | sqlalchemy.engine.Engine | SELECT students.id AS students_id, students.school_id AS students_school_id, students.student_name AS students_student_name, students.section AS students_section, students.class_name AS students_class_name, students.parent_name AS students_parent_name, students.parent_phone AS students_parent_phone, students.parent_email AS students_parent_email, students.is_active AS students_is_active, students.created_at AS students_created_at, fee_types_1.id AS fee_types_1_id, fee_types_1.school_id AS fee_types_1_school_id, fee_types_1.category_id AS fee_types_1_category_id, fee_types_1.section AS fee_types_1_section, fee_types_1.term AS fee_types_1_term, fee_types_1.amount_kobo AS fee_types_1_amount_kobo, fee_types_1.created_at AS fee_types_1_created_at, fee_records_1.id AS fee_records_1_id, fee_records_1.student_id AS fee_records_1_student_id, fee_records_1.fee_type_id AS fee_records_1_fee_type_id, fee_records_1.total_fees_kobo AS fee_records_1_total_fees_kobo, fee_records_1.amount_paid_kobo AS fee_records_1_amount_paid_kobo, fee_records_1.status AS fee_records_1_status, fee_records_1.created_at AS fee_records_1_created_at, fee_records_1.updated_at AS fee_records_1_updated_at 
FROM students LEFT OUTER JOIN fee_records AS fee_records_1 ON students.id = fee_records_1.student_id LEFT OUTER JOIN fee_types AS fee_types_1 ON fee_types_1.id = fee_records_1.fee_type_id 
WHERE students.school_id = ? AND students.is_active = 1 AND students.section = ?
2026-08-01 17:18:05,795 INFO sqlalchemy.engine.Engine [cached since 108.1s ago] (1, 'Nursery')
2026-08-01 17:18:05 | INFO     | sqlalchemy.engine.Engine | [cached since 108.1s ago] (1, 'Nursery')
2026-08-01 17:18:05,797 INFO sqlalchemy.engine.Engine SELECT students.id AS students_id, students.school_id AS students_school_id, students.student_name AS students_student_name, students.section AS students_section, students.class_name AS students_class_name, students.parent_name AS students_parent_name, students.parent_phone AS students_parent_phone, students.parent_email AS students_parent_email, students.is_active AS students_is_active, students.created_at AS students_created_at, fee_records_1.id AS fee_records_1_id, fee_records_1.student_id AS fee_records_1_student_id, fee_records_1.fee_type_id AS fee_records_1_fee_type_id, fee_records_1.total_fees_kobo AS fee_records_1_total_fees_kobo, fee_records_1.amount_paid_kobo AS fee_records_1_amount_paid_kobo, fee_records_1.status AS fee_records_1_status, fee_records_1.created_at AS fee_records_1_created_at, fee_records_1.updated_at AS fee_records_1_updated_at 
FROM students LEFT OUTER JOIN fee_records AS fee_records_1 ON students.id = fee_records_1.student_id 
WHERE students.school_id = ? AND students.is_active = 1
2026-08-01 17:18:05 | INFO     | sqlalchemy.engine.Engine | SELECT students.id AS students_id, students.school_id AS students_school_id, students.student_name AS students_student_name, students.section AS students_section, students.class_name AS students_class_name, students.parent_name AS students_parent_name, students.parent_phone AS students_parent_phone, students.parent_email AS students_parent_email, students.is_active AS students_is_active, students.created_at AS students_created_at, fee_records_1.id AS fee_records_1_id, fee_records_1.student_id AS fee_records_1_student_id, fee_records_1.fee_type_id AS fee_records_1_fee_type_id, fee_records_1.total_fees_kobo AS fee_records_1_total_fees_kobo, fee_records_1.amount_paid_kobo AS fee_records_1_amount_paid_kobo, fee_records_1.status AS fee_records_1_status, fee_records_1.created_at AS fee_records_1_created_at, fee_records_1.updated_at AS fee_records_1_updated_at 
FROM students LEFT OUTER JOIN fee_records AS fee_records_1 ON students.id = fee_records_1.student_id 
WHERE students.school_id = ? AND students.is_active = 1
2026-08-01 17:18:05,798 INFO sqlalchemy.engine.Engine [cached since 164.1s ago] (1,)
2026-08-01 17:18:05 | INFO     | sqlalchemy.engine.Engine | [cached since 164.1s ago] (1,)
2026-08-01 17:18:05,800 INFO sqlalchemy.engine.Engine SELECT fee_categories.id AS fee_categories_id, fee_categories.school_id AS fee_categories_school_id, fee_categories.name AS fee_categories_name, fee_categories.created_at AS fee_categories_created_at 
FROM fee_categories 
WHERE fee_categories.school_id = ? ORDER BY fee_categories.name
2026-08-01 17:18:05 | INFO     | sqlalchemy.engine.Engine | SELECT fee_categories.id AS fee_categories_id, fee_categories.school_id AS fee_categories_school_id, fee_categories.name AS fee_categories_name, fee_categories.created_at AS fee_categories_created_at 
FROM fee_categories 
WHERE fee_categories.school_id = ? ORDER BY fee_categories.name
2026-08-01 17:18:05,800 INFO sqlalchemy.engine.Engine [cached since 226.7s ago] (1,)
2026-08-01 17:18:05 | INFO     | sqlalchemy.engine.Engine | [cached since 226.7s ago] (1,)
2026-08-01 17:18:05,801 INFO sqlalchemy.engine.Engine SELECT fee_types.id AS fee_types_id, fee_types.school_id AS fee_types_school_id, fee_types.category_id AS fee_types_category_id, fee_types.section AS fee_types_section, fee_types.term AS fee_types_term, fee_types.amount_kobo AS fee_types_amount_kobo, fee_types.created_at AS fee_types_created_at 
FROM fee_types 
WHERE fee_types.category_id = ?
2026-08-01 17:18:05 | INFO     | sqlalchemy.engine.Engine | SELECT fee_types.id AS fee_types_id, fee_types.school_id AS fee_types_school_id, fee_types.category_id AS fee_types_category_id, fee_types.section AS fee_types_section, fee_types.term AS fee_types_term, fee_types.amount_kobo AS fee_types_amount_kobo, fee_types.created_at AS fee_types_created_at 
FROM fee_types 
WHERE fee_types.category_id = ?
2026-08-01 17:18:05,801 INFO sqlalchemy.engine.Engine [cached since 164.1s ago] (8,)
2026-08-01 17:18:05 | INFO     | sqlalchemy.engine.Engine | [cached since 164.1s ago] (8,)
2026-08-01 17:18:05,804 INFO sqlalchemy.engine.Engine SELECT fee_types.id AS fee_types_id, fee_types.school_id AS fee_types_school_id, fee_types.category_id AS fee_types_category_id, fee_types.section AS fee_types_section, fee_types.term AS fee_types_term, fee_types.amount_kobo AS fee_types_amount_kobo, fee_types.created_at AS fee_types_created_at 
FROM fee_types 
WHERE fee_types.category_id = ?
2026-08-01 17:18:05 | INFO     | sqlalchemy.engine.Engine | SELECT fee_types.id AS fee_types_id, fee_types.school_id AS fee_types_school_id, fee_types.category_id AS fee_types_category_id, fee_types.section AS fee_types_section, fee_types.term AS fee_types_term, fee_types.amount_kobo AS fee_types_amount_kobo, fee_types.created_at AS fee_types_created_at 
FROM fee_types 
WHERE fee_types.category_id = ?
2026-08-01 17:18:05,804 INFO sqlalchemy.engine.Engine [cached since 164.1s ago] (3,)
2026-08-01 17:18:05 | INFO     | sqlalchemy.engine.Engine | [cached since 164.1s ago] (3,)
2026-08-01 17:18:05,806 INFO sqlalchemy.engine.Engine SELECT fee_types.id AS fee_types_id, fee_types.school_id AS fee_types_school_id, fee_types.category_id AS fee_types_category_id, fee_types.section AS fee_types_section, fee_types.term AS fee_types_term, fee_types.amount_kobo AS fee_types_amount_kobo, fee_types.created_at AS fee_types_created_at 
FROM fee_types 
WHERE fee_types.category_id = ?
2026-08-01 17:18:05 | INFO     | sqlalchemy.engine.Engine | SELECT fee_types.id AS fee_types_id, fee_types.school_id AS fee_types_school_id, fee_types.category_id AS fee_types_category_id, fee_types.section AS fee_types_section, fee_types.term AS fee_types_term, fee_types.amount_kobo AS fee_types_amount_kobo, fee_types.created_at AS fee_types_created_at 
FROM fee_types 
WHERE fee_types.category_id = ?
2026-08-01 17:18:05,806 INFO sqlalchemy.engine.Engine [cached since 164.1s ago] (6,)
2026-08-01 17:18:05 | INFO     | sqlalchemy.engine.Engine | [cached since 164.1s ago] (6,)
2026-08-01 17:18:05,807 INFO sqlalchemy.engine.Engine SELECT fee_types.id AS fee_types_id, fee_types.school_id AS fee_types_school_id, fee_types.category_id AS fee_types_category_id, fee_types.section AS fee_types_section, fee_types.term AS fee_types_term, fee_types.amount_kobo AS fee_types_amount_kobo, fee_types.created_at AS fee_types_created_at 
FROM fee_types 
WHERE fee_types.category_id = ?
2026-08-01 17:18:05 | INFO     | sqlalchemy.engine.Engine | SELECT fee_types.id AS fee_types_id, fee_types.school_id AS fee_types_school_id, fee_types.category_id AS fee_types_category_id, fee_types.section AS fee_types_section, fee_types.term AS fee_types_term, fee_types.amount_kobo AS fee_types_amount_kobo, fee_types.created_at AS fee_types_created_at 
FROM fee_types 
WHERE fee_types.category_id = ?
2026-08-01 17:18:05,807 INFO sqlalchemy.engine.Engine [cached since 164.1s ago] (4,)
2026-08-01 17:18:05 | INFO     | sqlalchemy.engine.Engine | [cached since 164.1s ago] (4,)
2026-08-01 17:18:05,808 INFO sqlalchemy.engine.Engine SELECT fee_types.id AS fee_types_id, fee_types.school_id AS fee_types_school_id, fee_types.category_id AS fee_types_category_id, fee_types.section AS fee_types_section, fee_types.term AS fee_types_term, fee_types.amount_kobo AS fee_types_amount_kobo, fee_types.created_at AS fee_types_created_at 
FROM fee_types 
WHERE fee_types.category_id = ?
2026-08-01 17:18:05 | INFO     | sqlalchemy.engine.Engine | SELECT fee_types.id AS fee_types_id, fee_types.school_id AS fee_types_school_id, fee_types.category_id AS fee_types_category_id, fee_types.section AS fee_types_section, fee_types.term AS fee_types_term, fee_types.amount_kobo AS fee_types_amount_kobo, fee_types.created_at AS fee_types_created_at 
FROM fee_types 
WHERE fee_types.category_id = ?
2026-08-01 17:18:05,808 INFO sqlalchemy.engine.Engine [cached since 164.1s ago] (7,)
2026-08-01 17:18:05 | INFO     | sqlalchemy.engine.Engine | [cached since 164.1s ago] (7,)
2026-08-01 17:18:05,809 INFO sqlalchemy.engine.Engine SELECT fee_types.id AS fee_types_id, fee_types.school_id AS fee_types_school_id, fee_types.category_id AS fee_types_category_id, fee_types.section AS fee_types_section, fee_types.term AS fee_types_term, fee_types.amount_kobo AS fee_types_amount_kobo, fee_types.created_at AS fee_types_created_at 
FROM fee_types 
WHERE fee_types.category_id = ?
2026-08-01 17:18:05 | INFO     | sqlalchemy.engine.Engine | SELECT fee_types.id AS fee_types_id, fee_types.school_id AS fee_types_school_id, fee_types.category_id AS fee_types_category_id, fee_types.section AS fee_types_section, fee_types.term AS fee_types_term, fee_types.amount_kobo AS fee_types_amount_kobo, fee_types.created_at AS fee_types_created_at 
FROM fee_types 
WHERE fee_types.category_id = ?
2026-08-01 17:18:05,810 INFO sqlalchemy.engine.Engine [cached since 164.1s ago] (2,)
2026-08-01 17:18:05 | INFO     | sqlalchemy.engine.Engine | [cached since 164.1s ago] (2,)
2026-08-01 17:18:05,812 INFO sqlalchemy.engine.Engine SELECT fee_records.id AS fee_records_id, fee_records.student_id AS fee_records_student_id, fee_records.fee_type_id AS fee_records_fee_type_id, fee_records.total_fees_kobo AS fee_records_total_fees_kobo, fee_records.amount_paid_kobo AS fee_records_amount_paid_kobo, fee_records.status AS fee_records_status, fee_records.created_at AS fee_records_created_at, fee_records.updated_at AS fee_records_updated_at 
FROM fee_records 
WHERE fee_records.fee_type_id IN (?)
2026-08-01 17:18:05 | INFO     | sqlalchemy.engine.Engine | SELECT fee_records.id AS fee_records_id, fee_records.student_id AS fee_records_student_id, fee_records.fee_type_id AS fee_records_fee_type_id, fee_records.total_fees_kobo AS fee_records_total_fees_kobo, fee_records.amount_paid_kobo AS fee_records_amount_paid_kobo, fee_records.status AS fee_records_status, fee_records.created_at AS fee_records_created_at, fee_records.updated_at AS fee_records_updated_at 
FROM fee_records 
WHERE fee_records.fee_type_id IN (?)
2026-08-01 17:18:05,812 INFO sqlalchemy.engine.Engine [cached since 163.9s ago] (2,)
2026-08-01 17:18:05 | INFO     | sqlalchemy.engine.Engine | [cached since 163.9s ago] (2,)
2026-08-01 17:18:05,815 INFO sqlalchemy.engine.Engine SELECT fee_types.id AS fee_types_id, fee_types.school_id AS fee_types_school_id, fee_types.category_id AS fee_types_category_id, fee_types.section AS fee_types_section, fee_types.term AS fee_types_term, fee_types.amount_kobo AS fee_types_amount_kobo, fee_types.created_at AS fee_types_created_at 
FROM fee_types 
WHERE fee_types.category_id = ?
2026-08-01 17:18:05 | INFO     | sqlalchemy.engine.Engine | SELECT fee_types.id AS fee_types_id, fee_types.school_id AS fee_types_school_id, fee_types.category_id AS fee_types_category_id, fee_types.section AS fee_types_section, fee_types.term AS fee_types_term, fee_types.amount_kobo AS fee_types_amount_kobo, fee_types.created_at AS fee_types_created_at 
FROM fee_types 
WHERE fee_types.category_id = ?
2026-08-01 17:18:05,815 INFO sqlalchemy.engine.Engine [cached since 164.1s ago] (1,)
2026-08-01 17:18:05 | INFO     | sqlalchemy.engine.Engine | [cached since 164.1s ago] (1,)
2026-08-01 17:18:05,817 INFO sqlalchemy.engine.Engine SELECT fee_records.id AS fee_records_id, fee_records.student_id AS fee_records_student_id, fee_records.fee_type_id AS fee_records_fee_type_id, fee_records.total_fees_kobo AS fee_records_total_fees_kobo, fee_records.amount_paid_kobo AS fee_records_amount_paid_kobo, fee_records.status AS fee_records_status, fee_records.created_at AS fee_records_created_at, fee_records.updated_at AS fee_records_updated_at 
FROM fee_records 
WHERE fee_records.fee_type_id IN (?)
2026-08-01 17:18:05 | INFO     | sqlalchemy.engine.Engine | SELECT fee_records.id AS fee_records_id, fee_records.student_id AS fee_records_student_id, fee_records.fee_type_id AS fee_records_fee_type_id, fee_records.total_fees_kobo AS fee_records_total_fees_kobo, fee_records.amount_paid_kobo AS fee_records_amount_paid_kobo, fee_records.status AS fee_records_status, fee_records.created_at AS fee_records_created_at, fee_records.updated_at AS fee_records_updated_at 
FROM fee_records 
WHERE fee_records.fee_type_id IN (?)
2026-08-01 17:18:05,817 INFO sqlalchemy.engine.Engine [cached since 164s ago] (1,)
2026-08-01 17:18:05 | INFO     | sqlalchemy.engine.Engine | [cached since 164s ago] (1,)
2026-08-01 17:18:05,818 INFO sqlalchemy.engine.Engine SELECT fee_types.id AS fee_types_id, fee_types.school_id AS fee_types_school_id, fee_types.category_id AS fee_types_category_id, fee_types.section AS fee_types_section, fee_types.term AS fee_types_term, fee_types.amount_kobo AS fee_types_amount_kobo, fee_types.created_at AS fee_types_created_at 
FROM fee_types 
WHERE fee_types.category_id = ?
2026-08-01 17:18:05 | INFO     | sqlalchemy.engine.Engine | SELECT fee_types.id AS fee_types_id, fee_types.school_id AS fee_types_school_id, fee_types.category_id AS fee_types_category_id, fee_types.section AS fee_types_section, fee_types.term AS fee_types_term, fee_types.amount_kobo AS fee_types_amount_kobo, fee_types.created_at AS fee_types_created_at 
FROM fee_types 
WHERE fee_types.category_id = ?
2026-08-01 17:18:05,818 INFO sqlalchemy.engine.Engine [cached since 164.1s ago] (5,)
2026-08-01 17:18:05 | INFO     | sqlalchemy.engine.Engine | [cached since 164.1s ago] (5,)
INFO:     127.0.0.1:56161 - "GET /api/v1/dashboard/summary?school_id=1&section=Nursery HTTP/1.1" 200 OK
2026-08-01 17:18:05,820 INFO sqlalchemy.engine.Engine ROLLBACK
2026-08-01 17:18:05 | INFO     | sqlalchemy.engine.Engine | ROLLBACK
2026-08-01 17:18:05,824 INFO sqlalchemy.engine.Engine BEGIN (implicit)
2026-08-01 17:18:05 | INFO     | sqlalchemy.engine.Engine | BEGIN (implicit)
2026-08-01 17:18:05,824 INFO sqlalchemy.engine.Engine SELECT users.id AS users_id, users.school_id AS users_school_id, users.email AS users_email, users.hashed_password AS users_hashed_password, users.role AS users_role, users.is_active AS users_is_active, users.created_at AS users_created_at, users.last_login AS users_last_login 
FROM users 
WHERE users.id = ?
 LIMIT ? OFFSET ?
2026-08-01 17:18:05 | INFO     | sqlalchemy.engine.Engine | SELECT users.id AS users_id, users.school_id AS users_school_id, users.email AS users_email, users.hashed_password AS users_hashed_password, users.role AS users_role, users.is_active AS users_is_active, users.created_at AS users_created_at, users.last_login AS users_last_login 
FROM users 
WHERE users.id = ?
 LIMIT ? OFFSET ?
2026-08-01 17:18:05,824 INFO sqlalchemy.engine.Engine [cached since 226.7s ago] (1, 1, 0)
2026-08-01 17:18:05 | INFO     | sqlalchemy.engine.Engine | [cached since 226.7s ago] (1, 1, 0)
2026-08-01 17:18:05,826 INFO sqlalchemy.engine.Engine SELECT activity_logs.id AS activity_logs_id, activity_logs.school_id AS activity_logs_school_id, activity_logs.student_id AS activity_logs_student_id, activity_logs.action AS activity_logs_action, activity_logs.description AS activity_logs_description, activity_logs.created_at AS activity_logs_created_at 
FROM activity_logs 
WHERE activity_logs.school_id = ? ORDER BY activity_logs.created_at DESC
 LIMIT ? OFFSET ?
2026-08-01 17:18:05 | INFO     | sqlalchemy.engine.Engine | SELECT activity_logs.id AS activity_logs_id, activity_logs.school_id AS activity_logs_school_id, activity_logs.student_id AS activity_logs_student_id, activity_logs.action AS activity_logs_action, activity_logs.description AS activity_logs_description, activity_logs.created_at AS activity_logs_created_at 
FROM activity_logs 
WHERE activity_logs.school_id = ? ORDER BY activity_logs.created_at DESC
 LIMIT ? OFFSET ?
2026-08-01 17:18:05,826 INFO sqlalchemy.engine.Engine [cached since 164.1s ago] (1, 6, 0)
2026-08-01 17:18:05 | INFO     | sqlalchemy.engine.Engine | [cached since 164.1s ago] (1, 6, 0)
INFO:     127.0.0.1:56161 - "GET /api/v1/activity/?school_id=1&limit=6 HTTP/1.1" 200 OK
2026-08-01 17:18:05,828 INFO sqlalchemy.engine.Engine ROLLBACK
2026-08-01 17:18:05 | INFO     | sqlalchemy.engine.Engine | ROLLBACK
2026-08-01 17:18:07,811 INFO sqlalchemy.engine.Engine BEGIN (implicit)
2026-08-01 17:18:07 | INFO     | sqlalchemy.engine.Engine | BEGIN (implicit)
2026-08-01 17:18:07,814 INFO sqlalchemy.engine.Engine BEGIN (implicit)
2026-08-01 17:18:07 | INFO     | sqlalchemy.engine.Engine | BEGIN (implicit)
2026-08-01 17:18:07,816 INFO sqlalchemy.engine.Engine SELECT users.id AS users_id, users.school_id AS users_school_id, users.email AS users_email, users.hashed_password AS users_hashed_password, users.role AS users_role, users.is_active AS users_is_active, users.created_at AS users_created_at, users.last_login AS users_last_login 
FROM users 
WHERE users.id = ?
 LIMIT ? OFFSET ?
2026-08-01 17:18:07 | INFO     | sqlalchemy.engine.Engine | SELECT users.id AS users_id, users.school_id AS users_school_id, users.email AS users_email, users.hashed_password AS users_hashed_password, users.role AS users_role, users.is_active AS users_is_active, users.created_at AS users_created_at, users.last_login AS users_last_login 
FROM users 
WHERE users.id = ?
 LIMIT ? OFFSET ?
2026-08-01 17:18:07,816 INFO sqlalchemy.engine.Engine [cached since 228.7s ago] (1, 1, 0)
2026-08-01 17:18:07 | INFO     | sqlalchemy.engine.Engine | [cached since 228.7s ago] (1, 1, 0)
2026-08-01 17:18:07,815 INFO sqlalchemy.engine.Engine SELECT users.id AS users_id, users.school_id AS users_school_id, users.email AS users_email, users.hashed_password AS users_hashed_password, users.role AS users_role, users.is_active AS users_is_active, users.created_at AS users_created_at, users.last_login AS users_last_login 
FROM users 
WHERE users.id = ?
 LIMIT ? OFFSET ?
2026-08-01 17:18:07 | INFO     | sqlalchemy.engine.Engine | SELECT users.id AS users_id, users.school_id AS users_school_id, users.email AS users_email, users.hashed_password AS users_hashed_password, users.role AS users_role, users.is_active AS users_is_active, users.created_at AS users_created_at, users.last_login AS users_last_login 
FROM users 
WHERE users.id = ?
 LIMIT ? OFFSET ?
2026-08-01 17:18:07,818 INFO sqlalchemy.engine.Engine [cached since 228.7s ago] (1, 1, 0)
2026-08-01 17:18:07 | INFO     | sqlalchemy.engine.Engine | [cached since 228.7s ago] (1, 1, 0)
2026-08-01 17:18:07,823 INFO sqlalchemy.engine.Engine SELECT activity_logs.id AS activity_logs_id, activity_logs.school_id AS activity_logs_school_id, activity_logs.student_id AS activity_logs_student_id, activity_logs.action AS activity_logs_action, activity_logs.description AS activity_logs_description, activity_logs.created_at AS activity_logs_created_at 
FROM activity_logs 
WHERE activity_logs.school_id = ? ORDER BY activity_logs.created_at DESC
 LIMIT ? OFFSET ?
2026-08-01 17:18:07 | INFO     | sqlalchemy.engine.Engine | SELECT activity_logs.id AS activity_logs_id, activity_logs.school_id AS activity_logs_school_id, activity_logs.student_id AS activity_logs_student_id, activity_logs.action AS activity_logs_action, activity_logs.description AS activity_logs_description, activity_logs.created_at AS activity_logs_created_at 
FROM activity_logs 
WHERE activity_logs.school_id = ? ORDER BY activity_logs.created_at DESC
 LIMIT ? OFFSET ?
2026-08-01 17:18:07,825 INFO sqlalchemy.engine.Engine SELECT schools.id AS schools_id, schools.name AS schools_name, schools.slug AS schools_slug, schools.phone AS schools_phone, schools.email AS schools_email, schools.address AS schools_address, schools.is_active AS schools_is_active, schools.created_at AS schools_created_at 
FROM schools 
WHERE schools.id = ?
 LIMIT ? OFFSET ?
2026-08-01 17:18:07 | INFO     | sqlalchemy.engine.Engine | SELECT schools.id AS schools_id, schools.name AS schools_name, schools.slug AS schools_slug, schools.phone AS schools_phone, schools.email AS schools_email, schools.address AS schools_address, schools.is_active AS schools_is_active, schools.created_at AS schools_created_at 
FROM schools 
WHERE schools.id = ?
 LIMIT ? OFFSET ?
2026-08-01 17:18:07,825 INFO sqlalchemy.engine.Engine [cached since 166.1s ago] (1, 6, 0)
2026-08-01 17:18:07 | INFO     | sqlalchemy.engine.Engine | [cached since 166.1s ago] (1, 6, 0)
2026-08-01 17:18:07,825 INFO sqlalchemy.engine.Engine [cached since 166.2s ago] (1, 1, 0)
2026-08-01 17:18:07 | INFO     | sqlalchemy.engine.Engine | [cached since 166.2s ago] (1, 1, 0)
2026-08-01 17:18:07,828 INFO sqlalchemy.engine.Engine SELECT students.id AS students_id, students.school_id AS students_school_id, students.student_name AS students_student_name, students.section AS students_section, students.class_name AS students_class_name, students.parent_name AS students_parent_name, students.parent_phone AS students_parent_phone, students.parent_email AS students_parent_email, students.is_active AS students_is_active, students.created_at AS students_created_at, fee_types_1.id AS fee_types_1_id, fee_types_1.school_id AS fee_types_1_school_id, fee_types_1.category_id AS fee_types_1_category_id, fee_types_1.section AS fee_types_1_section, fee_types_1.term AS fee_types_1_term, fee_types_1.amount_kobo AS fee_types_1_amount_kobo, fee_types_1.created_at AS fee_types_1_created_at, fee_records_1.id AS fee_records_1_id, fee_records_1.student_id AS fee_records_1_student_id, fee_records_1.fee_type_id AS fee_records_1_fee_type_id, fee_records_1.total_fees_kobo AS fee_records_1_total_fees_kobo, fee_records_1.amount_paid_kobo AS fee_records_1_amount_paid_kobo, fee_records_1.status AS fee_records_1_status, fee_records_1.created_at AS fee_records_1_created_at, fee_records_1.updated_at AS fee_records_1_updated_at 
FROM students LEFT OUTER JOIN fee_records AS fee_records_1 ON students.id = fee_records_1.student_id LEFT OUTER JOIN fee_types AS fee_types_1 ON fee_types_1.id = fee_records_1.fee_type_id 
WHERE students.school_id = ? AND students.is_active = 1 AND students.section = ?
2026-08-01 17:18:07 | INFO     | sqlalchemy.engine.Engine | SELECT students.id AS students_id, students.school_id AS students_school_id, students.student_name AS students_student_name, students.section AS students_section, students.class_name AS students_class_name, students.parent_name AS students_parent_name, students.parent_phone AS students_parent_phone, students.parent_email AS students_parent_email, students.is_active AS students_is_active, students.created_at AS students_created_at, fee_types_1.id AS fee_types_1_id, fee_types_1.school_id AS fee_types_1_school_id, fee_types_1.category_id AS fee_types_1_category_id, fee_types_1.section AS fee_types_1_section, fee_types_1.term AS fee_types_1_term, fee_types_1.amount_kobo AS fee_types_1_amount_kobo, fee_types_1.created_at AS fee_types_1_created_at, fee_records_1.id AS fee_records_1_id, fee_records_1.student_id AS fee_records_1_student_id, fee_records_1.fee_type_id AS fee_records_1_fee_type_id, fee_records_1.total_fees_kobo AS fee_records_1_total_fees_kobo, fee_records_1.amount_paid_kobo AS fee_records_1_amount_paid_kobo, fee_records_1.status AS fee_records_1_status, fee_records_1.created_at AS fee_records_1_created_at, fee_records_1.updated_at AS fee_records_1_updated_at 
FROM students LEFT OUTER JOIN fee_records AS fee_records_1 ON students.id = fee_records_1.student_id LEFT OUTER JOIN fee_types AS fee_types_1 ON fee_types_1.id = fee_records_1.fee_type_id 
WHERE students.school_id = ? AND students.is_active = 1 AND students.section = ?
2026-08-01 17:18:07,833 INFO sqlalchemy.engine.Engine [cached since 110.1s ago] (1, 'Primary')
2026-08-01 17:18:07 | INFO     | sqlalchemy.engine.Engine | [cached since 110.1s ago] (1, 'Primary')
INFO:     127.0.0.1:56170 - "GET /api/v1/activity/?school_id=1&limit=6 HTTP/1.1" 200 OK
2026-08-01 17:18:07,838 INFO sqlalchemy.engine.Engine ROLLBACK
2026-08-01 17:18:07 | INFO     | sqlalchemy.engine.Engine | ROLLBACK
2026-08-01 17:18:07,841 INFO sqlalchemy.engine.Engine SELECT students.id AS students_id, students.school_id AS students_school_id, students.student_name AS students_student_name, students.section AS students_section, students.class_name AS students_class_name, students.parent_name AS students_parent_name, students.parent_phone AS students_parent_phone, students.parent_email AS students_parent_email, students.is_active AS students_is_active, students.created_at AS students_created_at, fee_records_1.id AS fee_records_1_id, fee_records_1.student_id AS fee_records_1_student_id, fee_records_1.fee_type_id AS fee_records_1_fee_type_id, fee_records_1.total_fees_kobo AS fee_records_1_total_fees_kobo, fee_records_1.amount_paid_kobo AS fee_records_1_amount_paid_kobo, fee_records_1.status AS fee_records_1_status, fee_records_1.created_at AS fee_records_1_created_at, fee_records_1.updated_at AS fee_records_1_updated_at 
FROM students LEFT OUTER JOIN fee_records AS fee_records_1 ON students.id = fee_records_1.student_id 
WHERE students.school_id = ? AND students.is_active = 1
2026-08-01 17:18:07 | INFO     | sqlalchemy.engine.Engine | SELECT students.id AS students_id, students.school_id AS students_school_id, students.student_name AS students_student_name, students.section AS students_section, students.class_name AS students_class_name, students.parent_name AS students_parent_name, students.parent_phone AS students_parent_phone, students.parent_email AS students_parent_email, students.is_active AS students_is_active, students.created_at AS students_created_at, fee_records_1.id AS fee_records_1_id, fee_records_1.student_id AS fee_records_1_student_id, fee_records_1.fee_type_id AS fee_records_1_fee_type_id, fee_records_1.total_fees_kobo AS fee_records_1_total_fees_kobo, fee_records_1.amount_paid_kobo AS fee_records_1_amount_paid_kobo, fee_records_1.status AS fee_records_1_status, fee_records_1.created_at AS fee_records_1_created_at, fee_records_1.updated_at AS fee_records_1_updated_at 
FROM students LEFT OUTER JOIN fee_records AS fee_records_1 ON students.id = fee_records_1.student_id 
WHERE students.school_id = ? AND students.is_active = 1
2026-08-01 17:18:07,842 INFO sqlalchemy.engine.Engine [cached since 166.1s ago] (1,)
2026-08-01 17:18:07 | INFO     | sqlalchemy.engine.Engine | [cached since 166.1s ago] (1,)
2026-08-01 17:18:07,844 INFO sqlalchemy.engine.Engine SELECT fee_categories.id AS fee_categories_id, fee_categories.school_id AS fee_categories_school_id, fee_categories.name AS fee_categories_name, fee_categories.created_at AS fee_categories_created_at 
FROM fee_categories 
WHERE fee_categories.school_id = ? ORDER BY fee_categories.name
2026-08-01 17:18:07 | INFO     | sqlalchemy.engine.Engine | SELECT fee_categories.id AS fee_categories_id, fee_categories.school_id AS fee_categories_school_id, fee_categories.name AS fee_categories_name, fee_categories.created_at AS fee_categories_created_at 
FROM fee_categories 
WHERE fee_categories.school_id = ? ORDER BY fee_categories.name
2026-08-01 17:18:07,844 INFO sqlalchemy.engine.Engine [cached since 228.7s ago] (1,)
2026-08-01 17:18:07 | INFO     | sqlalchemy.engine.Engine | [cached since 228.7s ago] (1,)
2026-08-01 17:18:07,845 INFO sqlalchemy.engine.Engine SELECT fee_types.id AS fee_types_id, fee_types.school_id AS fee_types_school_id, fee_types.category_id AS fee_types_category_id, fee_types.section AS fee_types_section, fee_types.term AS fee_types_term, fee_types.amount_kobo AS fee_types_amount_kobo, fee_types.created_at AS fee_types_created_at 
FROM fee_types 
WHERE fee_types.category_id = ?
2026-08-01 17:18:07 | INFO     | sqlalchemy.engine.Engine | SELECT fee_types.id AS fee_types_id, fee_types.school_id AS fee_types_school_id, fee_types.category_id AS fee_types_category_id, fee_types.section AS fee_types_section, fee_types.term AS fee_types_term, fee_types.amount_kobo AS fee_types_amount_kobo, fee_types.created_at AS fee_types_created_at 
FROM fee_types 
WHERE fee_types.category_id = ?
2026-08-01 17:18:07,846 INFO sqlalchemy.engine.Engine [cached since 166.1s ago] (8,)
2026-08-01 17:18:07 | INFO     | sqlalchemy.engine.Engine | [cached since 166.1s ago] (8,)
2026-08-01 17:18:07,850 INFO sqlalchemy.engine.Engine SELECT fee_types.id AS fee_types_id, fee_types.school_id AS fee_types_school_id, fee_types.category_id AS fee_types_category_id, fee_types.section AS fee_types_section, fee_types.term AS fee_types_term, fee_types.amount_kobo AS fee_types_amount_kobo, fee_types.created_at AS fee_types_created_at 
FROM fee_types 
WHERE fee_types.category_id = ?
2026-08-01 17:18:07 | INFO     | sqlalchemy.engine.Engine | SELECT fee_types.id AS fee_types_id, fee_types.school_id AS fee_types_school_id, fee_types.category_id AS fee_types_category_id, fee_types.section AS fee_types_section, fee_types.term AS fee_types_term, fee_types.amount_kobo AS fee_types_amount_kobo, fee_types.created_at AS fee_types_created_at 
FROM fee_types 
WHERE fee_types.category_id = ?
2026-08-01 17:18:07,851 INFO sqlalchemy.engine.Engine [cached since 166.1s ago] (3,)
2026-08-01 17:18:07 | INFO     | sqlalchemy.engine.Engine | [cached since 166.1s ago] (3,)
2026-08-01 17:18:07,855 INFO sqlalchemy.engine.Engine SELECT fee_types.id AS fee_types_id, fee_types.school_id AS fee_types_school_id, fee_types.category_id AS fee_types_category_id, fee_types.section AS fee_types_section, fee_types.term AS fee_types_term, fee_types.amount_kobo AS fee_types_amount_kobo, fee_types.created_at AS fee_types_created_at 
FROM fee_types 
WHERE fee_types.category_id = ?
2026-08-01 17:18:07 | INFO     | sqlalchemy.engine.Engine | SELECT fee_types.id AS fee_types_id, fee_types.school_id AS fee_types_school_id, fee_types.category_id AS fee_types_category_id, fee_types.section AS fee_types_section, fee_types.term AS fee_types_term, fee_types.amount_kobo AS fee_types_amount_kobo, fee_types.created_at AS fee_types_created_at 
FROM fee_types 
WHERE fee_types.category_id = ?
2026-08-01 17:18:07,855 INFO sqlalchemy.engine.Engine [cached since 166.1s ago] (6,)
2026-08-01 17:18:07 | INFO     | sqlalchemy.engine.Engine | [cached since 166.1s ago] (6,)
2026-08-01 17:18:07,856 INFO sqlalchemy.engine.Engine SELECT fee_types.id AS fee_types_id, fee_types.school_id AS fee_types_school_id, fee_types.category_id AS fee_types_category_id, fee_types.section AS fee_types_section, fee_types.term AS fee_types_term, fee_types.amount_kobo AS fee_types_amount_kobo, fee_types.created_at AS fee_types_created_at 
FROM fee_types 
WHERE fee_types.category_id = ?
2026-08-01 17:18:07 | INFO     | sqlalchemy.engine.Engine | SELECT fee_types.id AS fee_types_id, fee_types.school_id AS fee_types_school_id, fee_types.category_id AS fee_types_category_id, fee_types.section AS fee_types_section, fee_types.term AS fee_types_term, fee_types.amount_kobo AS fee_types_amount_kobo, fee_types.created_at AS fee_types_created_at 
FROM fee_types 
WHERE fee_types.category_id = ?
2026-08-01 17:18:07,856 INFO sqlalchemy.engine.Engine [cached since 166.1s ago] (4,)
2026-08-01 17:18:07 | INFO     | sqlalchemy.engine.Engine | [cached since 166.1s ago] (4,)
2026-08-01 17:18:07,857 INFO sqlalchemy.engine.Engine SELECT fee_types.id AS fee_types_id, fee_types.school_id AS fee_types_school_id, fee_types.category_id AS fee_types_category_id, fee_types.section AS fee_types_section, fee_types.term AS fee_types_term, fee_types.amount_kobo AS fee_types_amount_kobo, fee_types.created_at AS fee_types_created_at 
FROM fee_types 
WHERE fee_types.category_id = ?
2026-08-01 17:18:07 | INFO     | sqlalchemy.engine.Engine | SELECT fee_types.id AS fee_types_id, fee_types.school_id AS fee_types_school_id, fee_types.category_id AS fee_types_category_id, fee_types.section AS fee_types_section, fee_types.term AS fee_types_term, fee_types.amount_kobo AS fee_types_amount_kobo, fee_types.created_at AS fee_types_created_at 
FROM fee_types 
WHERE fee_types.category_id = ?
2026-08-01 17:18:07,857 INFO sqlalchemy.engine.Engine [cached since 166.1s ago] (7,)
2026-08-01 17:18:07 | INFO     | sqlalchemy.engine.Engine | [cached since 166.1s ago] (7,)
2026-08-01 17:18:07,858 INFO sqlalchemy.engine.Engine SELECT fee_types.id AS fee_types_id, fee_types.school_id AS fee_types_school_id, fee_types.category_id AS fee_types_category_id, fee_types.section AS fee_types_section, fee_types.term AS fee_types_term, fee_types.amount_kobo AS fee_types_amount_kobo, fee_types.created_at AS fee_types_created_at 
FROM fee_types 
WHERE fee_types.category_id = ?
2026-08-01 17:18:07 | INFO     | sqlalchemy.engine.Engine | SELECT fee_types.id AS fee_types_id, fee_types.school_id AS fee_types_school_id, fee_types.category_id AS fee_types_category_id, fee_types.section AS fee_types_section, fee_types.term AS fee_types_term, fee_types.amount_kobo AS fee_types_amount_kobo, fee_types.created_at AS fee_types_created_at 
FROM fee_types 
WHERE fee_types.category_id = ?
2026-08-01 17:18:07,858 INFO sqlalchemy.engine.Engine [cached since 166.1s ago] (2,)
2026-08-01 17:18:07 | INFO     | sqlalchemy.engine.Engine | [cached since 166.1s ago] (2,)
2026-08-01 17:18:07,859 INFO sqlalchemy.engine.Engine SELECT fee_records.id AS fee_records_id, fee_records.student_id AS fee_records_student_id, fee_records.fee_type_id AS fee_records_fee_type_id, fee_records.total_fees_kobo AS fee_records_total_fees_kobo, fee_records.amount_paid_kobo AS fee_records_amount_paid_kobo, fee_records.status AS fee_records_status, fee_records.created_at AS fee_records_created_at, fee_records.updated_at AS fee_records_updated_at 
FROM fee_records 
WHERE fee_records.fee_type_id IN (?)
2026-08-01 17:18:07 | INFO     | sqlalchemy.engine.Engine | SELECT fee_records.id AS fee_records_id, fee_records.student_id AS fee_records_student_id, fee_records.fee_type_id AS fee_records_fee_type_id, fee_records.total_fees_kobo AS fee_records_total_fees_kobo, fee_records.amount_paid_kobo AS fee_records_amount_paid_kobo, fee_records.status AS fee_records_status, fee_records.created_at AS fee_records_created_at, fee_records.updated_at AS fee_records_updated_at 
FROM fee_records 
WHERE fee_records.fee_type_id IN (?)
2026-08-01 17:18:07,859 INFO sqlalchemy.engine.Engine [cached since 166s ago] (2,)
2026-08-01 17:18:07 | INFO     | sqlalchemy.engine.Engine | [cached since 166s ago] (2,)
2026-08-01 17:18:07,860 INFO sqlalchemy.engine.Engine SELECT fee_types.id AS fee_types_id, fee_types.school_id AS fee_types_school_id, fee_types.category_id AS fee_types_category_id, fee_types.section AS fee_types_section, fee_types.term AS fee_types_term, fee_types.amount_kobo AS fee_types_amount_kobo, fee_types.created_at AS fee_types_created_at 
FROM fee_types 
WHERE fee_types.category_id = ?
2026-08-01 17:18:07 | INFO     | sqlalchemy.engine.Engine | SELECT fee_types.id AS fee_types_id, fee_types.school_id AS fee_types_school_id, fee_types.category_id AS fee_types_category_id, fee_types.section AS fee_types_section, fee_types.term AS fee_types_term, fee_types.amount_kobo AS fee_types_amount_kobo, fee_types.created_at AS fee_types_created_at 
FROM fee_types 
WHERE fee_types.category_id = ?
2026-08-01 17:18:07,860 INFO sqlalchemy.engine.Engine [cached since 166.1s ago] (1,)
2026-08-01 17:18:07 | INFO     | sqlalchemy.engine.Engine | [cached since 166.1s ago] (1,)
2026-08-01 17:18:07,861 INFO sqlalchemy.engine.Engine SELECT fee_records.id AS fee_records_id, fee_records.student_id AS fee_records_student_id, fee_records.fee_type_id AS fee_records_fee_type_id, fee_records.total_fees_kobo AS fee_records_total_fees_kobo, fee_records.amount_paid_kobo AS fee_records_amount_paid_kobo, fee_records.status AS fee_records_status, fee_records.created_at AS fee_records_created_at, fee_records.updated_at AS fee_records_updated_at 
FROM fee_records 
WHERE fee_records.fee_type_id IN (?)
2026-08-01 17:18:07 | INFO     | sqlalchemy.engine.Engine | SELECT fee_records.id AS fee_records_id, fee_records.student_id AS fee_records_student_id, fee_records.fee_type_id AS fee_records_fee_type_id, fee_records.total_fees_kobo AS fee_records_total_fees_kobo, fee_records.amount_paid_kobo AS fee_records_amount_paid_kobo, fee_records.status AS fee_records_status, fee_records.created_at AS fee_records_created_at, fee_records.updated_at AS fee_records_updated_at 
FROM fee_records 
WHERE fee_records.fee_type_id IN (?)
2026-08-01 17:18:07,861 INFO sqlalchemy.engine.Engine [cached since 166s ago] (1,)
2026-08-01 17:18:07 | INFO     | sqlalchemy.engine.Engine | [cached since 166s ago] (1,)
2026-08-01 17:18:07,862 INFO sqlalchemy.engine.Engine SELECT fee_types.id AS fee_types_id, fee_types.school_id AS fee_types_school_id, fee_types.category_id AS fee_types_category_id, fee_types.section AS fee_types_section, fee_types.term AS fee_types_term, fee_types.amount_kobo AS fee_types_amount_kobo, fee_types.created_at AS fee_types_created_at 
FROM fee_types 
WHERE fee_types.category_id = ?
2026-08-01 17:18:07 | INFO     | sqlalchemy.engine.Engine | SELECT fee_types.id AS fee_types_id, fee_types.school_id AS fee_types_school_id, fee_types.category_id AS fee_types_category_id, fee_types.section AS fee_types_section, fee_types.term AS fee_types_term, fee_types.amount_kobo AS fee_types_amount_kobo, fee_types.created_at AS fee_types_created_at 
FROM fee_types 
WHERE fee_types.category_id = ?
2026-08-01 17:18:07,862 INFO sqlalchemy.engine.Engine [cached since 166.1s ago] (5,)
2026-08-01 17:18:07 | INFO     | sqlalchemy.engine.Engine | [cached since 166.1s ago] (5,)
INFO:     127.0.0.1:56161 - "GET /api/v1/dashboard/summary?school_id=1&section=Primary HTTP/1.1" 200 OK
2026-08-01 17:18:07,867 INFO sqlalchemy.engine.Engine ROLLBACK
2026-08-01 17:18:07 | INFO     | sqlalchemy.engine.Engine | ROLLBACK
2026-08-01 17:18:09,436 INFO sqlalchemy.engine.Engine BEGIN (implicit)
2026-08-01 17:18:09 | INFO     | sqlalchemy.engine.Engine | BEGIN (implicit)
2026-08-01 17:18:09,437 INFO sqlalchemy.engine.Engine SELECT users.id AS users_id, users.school_id AS users_school_id, users.email AS users_email, users.hashed_password AS users_hashed_password, users.role AS users_role, users.is_active AS users_is_active, users.created_at AS users_created_at, users.last_login AS users_last_login 
FROM users 
WHERE users.id = ?
 LIMIT ? OFFSET ?
2026-08-01 17:18:09 | INFO     | sqlalchemy.engine.Engine | SELECT users.id AS users_id, users.school_id AS users_school_id, users.email AS users_email, users.hashed_password AS users_hashed_password, users.role AS users_role, users.is_active AS users_is_active, users.created_at AS users_created_at, users.last_login AS users_last_login 
FROM users 
WHERE users.id = ?
 LIMIT ? OFFSET ?
2026-08-01 17:18:09,439 INFO sqlalchemy.engine.Engine BEGIN (implicit)
2026-08-01 17:18:09 | INFO     | sqlalchemy.engine.Engine | BEGIN (implicit)
2026-08-01 17:18:09,439 INFO sqlalchemy.engine.Engine [cached since 230.4s ago] (1, 1, 0)
2026-08-01 17:18:09 | INFO     | sqlalchemy.engine.Engine | [cached since 230.4s ago] (1, 1, 0)
2026-08-01 17:18:09,440 INFO sqlalchemy.engine.Engine SELECT users.id AS users_id, users.school_id AS users_school_id, users.email AS users_email, users.hashed_password AS users_hashed_password, users.role AS users_role, users.is_active AS users_is_active, users.created_at AS users_created_at, users.last_login AS users_last_login 
FROM users 
WHERE users.id = ?
 LIMIT ? OFFSET ?
2026-08-01 17:18:09 | INFO     | sqlalchemy.engine.Engine | SELECT users.id AS users_id, users.school_id AS users_school_id, users.email AS users_email, users.hashed_password AS users_hashed_password, users.role AS users_role, users.is_active AS users_is_active, users.created_at AS users_created_at, users.last_login AS users_last_login 
FROM users 
WHERE users.id = ?
 LIMIT ? OFFSET ?
2026-08-01 17:18:09,440 INFO sqlalchemy.engine.Engine [cached since 230.4s ago] (1, 1, 0)
2026-08-01 17:18:09 | INFO     | sqlalchemy.engine.Engine | [cached since 230.4s ago] (1, 1, 0)
2026-08-01 17:18:09,445 INFO sqlalchemy.engine.Engine SELECT schools.id AS schools_id, schools.name AS schools_name, schools.slug AS schools_slug, schools.phone AS schools_phone, schools.email AS schools_email, schools.address AS schools_address, schools.is_active AS schools_is_active, schools.created_at AS schools_created_at 
FROM schools 
WHERE schools.id = ?
 LIMIT ? OFFSET ?
2026-08-01 17:18:09 | INFO     | sqlalchemy.engine.Engine | SELECT schools.id AS schools_id, schools.name AS schools_name, schools.slug AS schools_slug, schools.phone AS schools_phone, schools.email AS schools_email, schools.address AS schools_address, schools.is_active AS schools_is_active, schools.created_at AS schools_created_at 
FROM schools 
WHERE schools.id = ?
 LIMIT ? OFFSET ?
2026-08-01 17:18:09,454 INFO sqlalchemy.engine.Engine [cached since 167.8s ago] (1, 1, 0)
2026-08-01 17:18:09 | INFO     | sqlalchemy.engine.Engine | [cached since 167.8s ago] (1, 1, 0)
2026-08-01 17:18:09,457 INFO sqlalchemy.engine.Engine SELECT activity_logs.id AS activity_logs_id, activity_logs.school_id AS activity_logs_school_id, activity_logs.student_id AS activity_logs_student_id, activity_logs.action AS activity_logs_action, activity_logs.description AS activity_logs_description, activity_logs.created_at AS activity_logs_created_at 
FROM activity_logs 
WHERE activity_logs.school_id = ? ORDER BY activity_logs.created_at DESC
 LIMIT ? OFFSET ?
2026-08-01 17:18:09 | INFO     | sqlalchemy.engine.Engine | SELECT activity_logs.id AS activity_logs_id, activity_logs.school_id AS activity_logs_school_id, activity_logs.student_id AS activity_logs_student_id, activity_logs.action AS activity_logs_action, activity_logs.description AS activity_logs_description, activity_logs.created_at AS activity_logs_created_at 
FROM activity_logs 
WHERE activity_logs.school_id = ? ORDER BY activity_logs.created_at DESC
 LIMIT ? OFFSET ?
2026-08-01 17:18:09,457 INFO sqlalchemy.engine.Engine [cached since 167.7s ago] (1, 6, 0)
2026-08-01 17:18:09 | INFO     | sqlalchemy.engine.Engine | [cached since 167.7s ago] (1, 6, 0)
2026-08-01 17:18:09,459 INFO sqlalchemy.engine.Engine SELECT students.id AS students_id, students.school_id AS students_school_id, students.student_name AS students_student_name, students.section AS students_section, students.class_name AS students_class_name, students.parent_name AS students_parent_name, students.parent_phone AS students_parent_phone, students.parent_email AS students_parent_email, students.is_active AS students_is_active, students.created_at AS students_created_at, fee_types_1.id AS fee_types_1_id, fee_types_1.school_id AS fee_types_1_school_id, fee_types_1.category_id AS fee_types_1_category_id, fee_types_1.section AS fee_types_1_section, fee_types_1.term AS fee_types_1_term, fee_types_1.amount_kobo AS fee_types_1_amount_kobo, fee_types_1.created_at AS fee_types_1_created_at, fee_records_1.id AS fee_records_1_id, fee_records_1.student_id AS fee_records_1_student_id, fee_records_1.fee_type_id AS fee_records_1_fee_type_id, fee_records_1.total_fees_kobo AS fee_records_1_total_fees_kobo, fee_records_1.amount_paid_kobo AS fee_records_1_amount_paid_kobo, fee_records_1.status AS fee_records_1_status, fee_records_1.created_at AS fee_records_1_created_at, fee_records_1.updated_at AS fee_records_1_updated_at 
FROM students LEFT OUTER JOIN fee_records AS fee_records_1 ON students.id = fee_records_1.student_id LEFT OUTER JOIN fee_types AS fee_types_1 ON fee_types_1.id = fee_records_1.fee_type_id 
WHERE students.school_id = ? AND students.is_active = 1 AND students.section = ?
2026-08-01 17:18:09 | INFO     | sqlalchemy.engine.Engine | SELECT students.id AS students_id, students.school_id AS students_school_id, students.student_name AS students_student_name, students.section AS students_section, students.class_name AS students_class_name, students.parent_name AS students_parent_name, students.parent_phone AS students_parent_phone, students.parent_email AS students_parent_email, students.is_active AS students_is_active, students.created_at AS students_created_at, fee_types_1.id AS fee_types_1_id, fee_types_1.school_id AS fee_types_1_school_id, fee_types_1.category_id AS fee_types_1_category_id, fee_types_1.section AS fee_types_1_section, fee_types_1.term AS fee_types_1_term, fee_types_1.amount_kobo AS fee_types_1_amount_kobo, fee_types_1.created_at AS fee_types_1_created_at, fee_records_1.id AS fee_records_1_id, fee_records_1.student_id AS fee_records_1_student_id, fee_records_1.fee_type_id AS fee_records_1_fee_type_id, fee_records_1.total_fees_kobo AS fee_records_1_total_fees_kobo, fee_records_1.amount_paid_kobo AS fee_records_1_amount_paid_kobo, fee_records_1.status AS fee_records_1_status, fee_records_1.created_at AS fee_records_1_created_at, fee_records_1.updated_at AS fee_records_1_updated_at 
FROM students LEFT OUTER JOIN fee_records AS fee_records_1 ON students.id = fee_records_1.student_id LEFT OUTER JOIN fee_types AS fee_types_1 ON fee_types_1.id = fee_records_1.fee_type_id 
WHERE students.school_id = ? AND students.is_active = 1 AND students.section = ?
2026-08-01 17:18:09,459 INFO sqlalchemy.engine.Engine [cached since 111.8s ago] (1, 'Secondary')
2026-08-01 17:18:09 | INFO     | sqlalchemy.engine.Engine | [cached since 111.8s ago] (1, 'Secondary')
INFO:     127.0.0.1:56170 - "GET /api/v1/activity/?school_id=1&limit=6 HTTP/1.1" 200 OK
2026-08-01 17:18:09,468 INFO sqlalchemy.engine.Engine SELECT students.id AS students_id, students.school_id AS students_school_id, students.student_name AS students_student_name, students.section AS students_section, students.class_name AS students_class_name, students.parent_name AS students_parent_name, students.parent_phone AS students_parent_phone, students.parent_email AS students_parent_email, students.is_active AS students_is_active, students.created_at AS students_created_at, fee_records_1.id AS fee_records_1_id, fee_records_1.student_id AS fee_records_1_student_id, fee_records_1.fee_type_id AS fee_records_1_fee_type_id, fee_records_1.total_fees_kobo AS fee_records_1_total_fees_kobo, fee_records_1.amount_paid_kobo AS fee_records_1_amount_paid_kobo, fee_records_1.status AS fee_records_1_status, fee_records_1.created_at AS fee_records_1_created_at, fee_records_1.updated_at AS fee_records_1_updated_at 
FROM students LEFT OUTER JOIN fee_records AS fee_records_1 ON students.id = fee_records_1.student_id 
WHERE students.school_id = ? AND students.is_active = 1
2026-08-01 17:18:09 | INFO     | sqlalchemy.engine.Engine | SELECT students.id AS students_id, students.school_id AS students_school_id, students.student_name AS students_student_name, students.section AS students_section, students.class_name AS students_class_name, students.parent_name AS students_parent_name, students.parent_phone AS students_parent_phone, students.parent_email AS students_parent_email, students.is_active AS students_is_active, students.created_at AS students_created_at, fee_records_1.id AS fee_records_1_id, fee_records_1.student_id AS fee_records_1_student_id, fee_records_1.fee_type_id AS fee_records_1_fee_type_id, fee_records_1.total_fees_kobo AS fee_records_1_total_fees_kobo, fee_records_1.amount_paid_kobo AS fee_records_1_amount_paid_kobo, fee_records_1.status AS fee_records_1_status, fee_records_1.created_at AS fee_records_1_created_at, fee_records_1.updated_at AS fee_records_1_updated_at 
FROM students LEFT OUTER JOIN fee_records AS fee_records_1 ON students.id = fee_records_1.student_id 
WHERE students.school_id = ? AND students.is_active = 1
2026-08-01 17:18:09,470 INFO sqlalchemy.engine.Engine ROLLBACK
2026-08-01 17:18:09 | INFO     | sqlalchemy.engine.Engine | ROLLBACK
2026-08-01 17:18:09,470 INFO sqlalchemy.engine.Engine [cached since 167.8s ago] (1,)
2026-08-01 17:18:09 | INFO     | sqlalchemy.engine.Engine | [cached since 167.8s ago] (1,)
2026-08-01 17:18:09,473 INFO sqlalchemy.engine.Engine SELECT fee_categories.id AS fee_categories_id, fee_categories.school_id AS fee_categories_school_id, fee_categories.name AS fee_categories_name, fee_categories.created_at AS fee_categories_created_at 
FROM fee_categories 
WHERE fee_categories.school_id = ? ORDER BY fee_categories.name
2026-08-01 17:18:09 | INFO     | sqlalchemy.engine.Engine | SELECT fee_categories.id AS fee_categories_id, fee_categories.school_id AS fee_categories_school_id, fee_categories.name AS fee_categories_name, fee_categories.created_at AS fee_categories_created_at 
FROM fee_categories 
WHERE fee_categories.school_id = ? ORDER BY fee_categories.name
2026-08-01 17:18:09,473 INFO sqlalchemy.engine.Engine [cached since 230.4s ago] (1,)
2026-08-01 17:18:09 | INFO     | sqlalchemy.engine.Engine | [cached since 230.4s ago] (1,)
2026-08-01 17:18:09,474 INFO sqlalchemy.engine.Engine SELECT fee_types.id AS fee_types_id, fee_types.school_id AS fee_types_school_id, fee_types.category_id AS fee_types_category_id, fee_types.section AS fee_types_section, fee_types.term AS fee_types_term, fee_types.amount_kobo AS fee_types_amount_kobo, fee_types.created_at AS fee_types_created_at 
FROM fee_types 
WHERE fee_types.category_id = ?
2026-08-01 17:18:09 | INFO     | sqlalchemy.engine.Engine | SELECT fee_types.id AS fee_types_id, fee_types.school_id AS fee_types_school_id, fee_types.category_id AS fee_types_category_id, fee_types.section AS fee_types_section, fee_types.term AS fee_types_term, fee_types.amount_kobo AS fee_types_amount_kobo, fee_types.created_at AS fee_types_created_at 
FROM fee_types 
WHERE fee_types.category_id = ?
2026-08-01 17:18:09,474 INFO sqlalchemy.engine.Engine [cached since 167.8s ago] (8,)
2026-08-01 17:18:09 | INFO     | sqlalchemy.engine.Engine | [cached since 167.8s ago] (8,)
2026-08-01 17:18:09,475 INFO sqlalchemy.engine.Engine SELECT fee_types.id AS fee_types_id, fee_types.school_id AS fee_types_school_id, fee_types.category_id AS fee_types_category_id, fee_types.section AS fee_types_section, fee_types.term AS fee_types_term, fee_types.amount_kobo AS fee_types_amount_kobo, fee_types.created_at AS fee_types_created_at 
FROM fee_types 
WHERE fee_types.category_id = ?
2026-08-01 17:18:09 | INFO     | sqlalchemy.engine.Engine | SELECT fee_types.id AS fee_types_id, fee_types.school_id AS fee_types_school_id, fee_types.category_id AS fee_types_category_id, fee_types.section AS fee_types_section, fee_types.term AS fee_types_term, fee_types.amount_kobo AS fee_types_amount_kobo, fee_types.created_at AS fee_types_created_at 
FROM fee_types 
WHERE fee_types.category_id = ?
2026-08-01 17:18:09,475 INFO sqlalchemy.engine.Engine [cached since 167.8s ago] (3,)
2026-08-01 17:18:09 | INFO     | sqlalchemy.engine.Engine | [cached since 167.8s ago] (3,)
2026-08-01 17:18:09,476 INFO sqlalchemy.engine.Engine SELECT fee_types.id AS fee_types_id, fee_types.school_id AS fee_types_school_id, fee_types.category_id AS fee_types_category_id, fee_types.section AS fee_types_section, fee_types.term AS fee_types_term, fee_types.amount_kobo AS fee_types_amount_kobo, fee_types.created_at AS fee_types_created_at 
FROM fee_types 
WHERE fee_types.category_id = ?
2026-08-01 17:18:09 | INFO     | sqlalchemy.engine.Engine | SELECT fee_types.id AS fee_types_id, fee_types.school_id AS fee_types_school_id, fee_types.category_id AS fee_types_category_id, fee_types.section AS fee_types_section, fee_types.term AS fee_types_term, fee_types.amount_kobo AS fee_types_amount_kobo, fee_types.created_at AS fee_types_created_at 
FROM fee_types 
WHERE fee_types.category_id = ?
2026-08-01 17:18:09,476 INFO sqlalchemy.engine.Engine [cached since 167.8s ago] (6,)
2026-08-01 17:18:09 | INFO     | sqlalchemy.engine.Engine | [cached since 167.8s ago] (6,)
2026-08-01 17:18:09,476 INFO sqlalchemy.engine.Engine SELECT fee_types.id AS fee_types_id, fee_types.school_id AS fee_types_school_id, fee_types.category_id AS fee_types_category_id, fee_types.section AS fee_types_section, fee_types.term AS fee_types_term, fee_types.amount_kobo AS fee_types_amount_kobo, fee_types.created_at AS fee_types_created_at 
FROM fee_types 
WHERE fee_types.category_id = ?
2026-08-01 17:18:09 | INFO     | sqlalchemy.engine.Engine | SELECT fee_types.id AS fee_types_id, fee_types.school_id AS fee_types_school_id, fee_types.category_id AS fee_types_category_id, fee_types.section AS fee_types_section, fee_types.term AS fee_types_term, fee_types.amount_kobo AS fee_types_amount_kobo, fee_types.created_at AS fee_types_created_at 
FROM fee_types 
WHERE fee_types.category_id = ?
2026-08-01 17:18:09,477 INFO sqlalchemy.engine.Engine [cached since 167.8s ago] (4,)
2026-08-01 17:18:09 | INFO     | sqlalchemy.engine.Engine | [cached since 167.8s ago] (4,)
2026-08-01 17:18:09,477 INFO sqlalchemy.engine.Engine SELECT fee_types.id AS fee_types_id, fee_types.school_id AS fee_types_school_id, fee_types.category_id AS fee_types_category_id, fee_types.section AS fee_types_section, fee_types.term AS fee_types_term, fee_types.amount_kobo AS fee_types_amount_kobo, fee_types.created_at AS fee_types_created_at 
FROM fee_types 
WHERE fee_types.category_id = ?
2026-08-01 17:18:09 | INFO     | sqlalchemy.engine.Engine | SELECT fee_types.id AS fee_types_id, fee_types.school_id AS fee_types_school_id, fee_types.category_id AS fee_types_category_id, fee_types.section AS fee_types_section, fee_types.term AS fee_types_term, fee_types.amount_kobo AS fee_types_amount_kobo, fee_types.created_at AS fee_types_created_at 
FROM fee_types 
WHERE fee_types.category_id = ?
2026-08-01 17:18:09,477 INFO sqlalchemy.engine.Engine [cached since 167.8s ago] (7,)
2026-08-01 17:18:09 | INFO     | sqlalchemy.engine.Engine | [cached since 167.8s ago] (7,)
2026-08-01 17:18:09,478 INFO sqlalchemy.engine.Engine SELECT fee_types.id AS fee_types_id, fee_types.school_id AS fee_types_school_id, fee_types.category_id AS fee_types_category_id, fee_types.section AS fee_types_section, fee_types.term AS fee_types_term, fee_types.amount_kobo AS fee_types_amount_kobo, fee_types.created_at AS fee_types_created_at 
FROM fee_types 
WHERE fee_types.category_id = ?
2026-08-01 17:18:09 | INFO     | sqlalchemy.engine.Engine | SELECT fee_types.id AS fee_types_id, fee_types.school_id AS fee_types_school_id, fee_types.category_id AS fee_types_category_id, fee_types.section AS fee_types_section, fee_types.term AS fee_types_term, fee_types.amount_kobo AS fee_types_amount_kobo, fee_types.created_at AS fee_types_created_at 
FROM fee_types 
WHERE fee_types.category_id = ?
2026-08-01 17:18:09,478 INFO sqlalchemy.engine.Engine [cached since 167.8s ago] (2,)
2026-08-01 17:18:09 | INFO     | sqlalchemy.engine.Engine | [cached since 167.8s ago] (2,)
2026-08-01 17:18:09,479 INFO sqlalchemy.engine.Engine SELECT fee_records.id AS fee_records_id, fee_records.student_id AS fee_records_student_id, fee_records.fee_type_id AS fee_records_fee_type_id, fee_records.total_fees_kobo AS fee_records_total_fees_kobo, fee_records.amount_paid_kobo AS fee_records_amount_paid_kobo, fee_records.status AS fee_records_status, fee_records.created_at AS fee_records_created_at, fee_records.updated_at AS fee_records_updated_at 
FROM fee_records 
WHERE fee_records.fee_type_id IN (?)
2026-08-01 17:18:09 | INFO     | sqlalchemy.engine.Engine | SELECT fee_records.id AS fee_records_id, fee_records.student_id AS fee_records_student_id, fee_records.fee_type_id AS fee_records_fee_type_id, fee_records.total_fees_kobo AS fee_records_total_fees_kobo, fee_records.amount_paid_kobo AS fee_records_amount_paid_kobo, fee_records.status AS fee_records_status, fee_records.created_at AS fee_records_created_at, fee_records.updated_at AS fee_records_updated_at 
FROM fee_records 
WHERE fee_records.fee_type_id IN (?)
2026-08-01 17:18:09,481 INFO sqlalchemy.engine.Engine [cached since 167.6s ago] (2,)
2026-08-01 17:18:09 | INFO     | sqlalchemy.engine.Engine | [cached since 167.6s ago] (2,)
2026-08-01 17:18:09,483 INFO sqlalchemy.engine.Engine SELECT fee_types.id AS fee_types_id, fee_types.school_id AS fee_types_school_id, fee_types.category_id AS fee_types_category_id, fee_types.section AS fee_types_section, fee_types.term AS fee_types_term, fee_types.amount_kobo AS fee_types_amount_kobo, fee_types.created_at AS fee_types_created_at 
FROM fee_types 
WHERE fee_types.category_id = ?
2026-08-01 17:18:09 | INFO     | sqlalchemy.engine.Engine | SELECT fee_types.id AS fee_types_id, fee_types.school_id AS fee_types_school_id, fee_types.category_id AS fee_types_category_id, fee_types.section AS fee_types_section, fee_types.term AS fee_types_term, fee_types.amount_kobo AS fee_types_amount_kobo, fee_types.created_at AS fee_types_created_at 
FROM fee_types 
WHERE fee_types.category_id = ?
2026-08-01 17:18:09,483 INFO sqlalchemy.engine.Engine [cached since 167.8s ago] (1,)
2026-08-01 17:18:09 | INFO     | sqlalchemy.engine.Engine | [cached since 167.8s ago] (1,)
2026-08-01 17:18:09,486 INFO sqlalchemy.engine.Engine SELECT fee_records.id AS fee_records_id, fee_records.student_id AS fee_records_student_id, fee_records.fee_type_id AS fee_records_fee_type_id, fee_records.total_fees_kobo AS fee_records_total_fees_kobo, fee_records.amount_paid_kobo AS fee_records_amount_paid_kobo, fee_records.status AS fee_records_status, fee_records.created_at AS fee_records_created_at, fee_records.updated_at AS fee_records_updated_at 
FROM fee_records 
WHERE fee_records.fee_type_id IN (?)
2026-08-01 17:18:09 | INFO     | sqlalchemy.engine.Engine | SELECT fee_records.id AS fee_records_id, fee_records.student_id AS fee_records_student_id, fee_records.fee_type_id AS fee_records_fee_type_id, fee_records.total_fees_kobo AS fee_records_total_fees_kobo, fee_records.amount_paid_kobo AS fee_records_amount_paid_kobo, fee_records.status AS fee_records_status, fee_records.created_at AS fee_records_created_at, fee_records.updated_at AS fee_records_updated_at 
FROM fee_records 
WHERE fee_records.fee_type_id IN (?)
2026-08-01 17:18:09,486 INFO sqlalchemy.engine.Engine [cached since 167.6s ago] (1,)
2026-08-01 17:18:09 | INFO     | sqlalchemy.engine.Engine | [cached since 167.6s ago] (1,)
2026-08-01 17:18:09,487 INFO sqlalchemy.engine.Engine SELECT fee_types.id AS fee_types_id, fee_types.school_id AS fee_types_school_id, fee_types.category_id AS fee_types_category_id, fee_types.section AS fee_types_section, fee_types.term AS fee_types_term, fee_types.amount_kobo AS fee_types_amount_kobo, fee_types.created_at AS fee_types_created_at 
FROM fee_types 
WHERE fee_types.category_id = ?
2026-08-01 17:18:09 | INFO     | sqlalchemy.engine.Engine | SELECT fee_types.id AS fee_types_id, fee_types.school_id AS fee_types_school_id, fee_types.category_id AS fee_types_category_id, fee_types.section AS fee_types_section, fee_types.term AS fee_types_term, fee_types.amount_kobo AS fee_types_amount_kobo, fee_types.created_at AS fee_types_created_at 
FROM fee_types 
WHERE fee_types.category_id = ?
2026-08-01 17:18:09,487 INFO sqlalchemy.engine.Engine [cached since 167.8s ago] (5,)
2026-08-01 17:18:09 | INFO     | sqlalchemy.engine.Engine | [cached since 167.8s ago] (5,)
INFO:     127.0.0.1:56161 - "GET /api/v1/dashboard/summary?school_id=1&section=Secondary HTTP/1.1" 200 OK
2026-08-01 17:18:09,489 INFO sqlalchemy.engine.Engine ROLLBACK
2026-08-01 17:18:09 | INFO     | sqlalchemy.engine.Engine | ROLLBACK
2026-08-01 17:23:13,979 INFO sqlalchemy.engine.Engine BEGIN (implicit)
2026-08-01 17:23:13 | INFO     | sqlalchemy.engine.Engine | BEGIN (implicit)
2026-08-01 17:23:13,980 INFO sqlalchemy.engine.Engine SELECT users.id AS users_id, users.school_id AS users_school_id, users.email AS users_email, users.hashed_password AS users_hashed_password, users.role AS users_role, users.is_active AS users_is_active, users.created_at AS users_created_at, users.last_login AS users_last_login 
FROM users 
WHERE users.id = ?
 LIMIT ? OFFSET ?
2026-08-01 17:23:13 | INFO     | sqlalchemy.engine.Engine | SELECT users.id AS users_id, users.school_id AS users_school_id, users.email AS users_email, users.hashed_password AS users_hashed_password, users.role AS users_role, users.is_active AS users_is_active, users.created_at AS users_created_at, users.last_login AS users_last_login 
FROM users 
WHERE users.id = ?
 LIMIT ? OFFSET ?
2026-08-01 17:23:13,980 INFO sqlalchemy.engine.Engine [cached since 534.9s ago] (1, 1, 0)
2026-08-01 17:23:13 | INFO     | sqlalchemy.engine.Engine | [cached since 534.9s ago] (1, 1, 0)
2026-08-01 17:23:13,989 INFO sqlalchemy.engine.Engine SELECT schools.id AS schools_id, schools.name AS schools_name, schools.slug AS schools_slug, schools.phone AS schools_phone, schools.email AS schools_email, schools.address AS schools_address, schools.is_active AS schools_is_active, schools.created_at AS schools_created_at 
FROM schools 
WHERE schools.id = ?
 LIMIT ? OFFSET ?
2026-08-01 17:23:13 | INFO     | sqlalchemy.engine.Engine | SELECT schools.id AS schools_id, schools.name AS schools_name, schools.slug AS schools_slug, schools.phone AS schools_phone, schools.email AS schools_email, schools.address AS schools_address, schools.is_active AS schools_is_active, schools.created_at AS schools_created_at 
FROM schools 
WHERE schools.id = ?
 LIMIT ? OFFSET ?
2026-08-01 17:23:13,989 INFO sqlalchemy.engine.Engine [cached since 472.4s ago] (1, 1, 0)
2026-08-01 17:23:13 | INFO     | sqlalchemy.engine.Engine | [cached since 472.4s ago] (1, 1, 0)
2026-08-01 17:23:13,994 INFO sqlalchemy.engine.Engine SELECT fee_categories.id AS fee_categories_id, fee_categories.school_id AS fee_categories_school_id, fee_categories.name AS fee_categories_name, fee_categories.created_at AS fee_categories_created_at 
FROM fee_categories 
WHERE fee_categories.id = ? AND fee_categories.school_id = ?
 LIMIT ? OFFSET ?
2026-08-01 17:23:13 | INFO     | sqlalchemy.engine.Engine | SELECT fee_categories.id AS fee_categories_id, fee_categories.school_id AS fee_categories_school_id, fee_categories.name AS fee_categories_name, fee_categories.created_at AS fee_categories_created_at 
FROM fee_categories 
WHERE fee_categories.id = ? AND fee_categories.school_id = ?
 LIMIT ? OFFSET ?
2026-08-01 17:23:13,994 INFO sqlalchemy.engine.Engine [generated in 0.00075s] (1, 1, 1, 0)
2026-08-01 17:23:13 | INFO     | sqlalchemy.engine.Engine | [generated in 0.00075s] (1, 1, 1, 0)
2026-08-01 17:23:14,036 INFO sqlalchemy.engine.Engine INSERT INTO fee_types (school_id, category_id, section, term, amount_kobo, created_at) VALUES (?, ?, ?, ?, ?, ?)
2026-08-01 17:23:14 | INFO     | sqlalchemy.engine.Engine | INSERT INTO fee_types (school_id, category_id, section, term, amount_kobo, created_at) VALUES (?, ?, ?, ?, ?, ?)
2026-08-01 17:23:14,036 INFO sqlalchemy.engine.Engine [generated in 0.00221s] (1, 1, 'Secondary', 'first term 2025/2026', 20000000, '2026-08-01 16:23:14.036375')
2026-08-01 17:23:14 | INFO     | sqlalchemy.engine.Engine | [generated in 0.00221s] (1, 1, 'Secondary', 'first term 2025/2026', 20000000, '2026-08-01 16:23:14.036375')
2026-08-01 17:23:14,044 INFO sqlalchemy.engine.Engine COMMIT
2026-08-01 17:23:14 | INFO     | sqlalchemy.engine.Engine | COMMIT
2026-08-01 17:23:14,058 INFO sqlalchemy.engine.Engine BEGIN (implicit)
2026-08-01 17:23:14 | INFO     | sqlalchemy.engine.Engine | BEGIN (implicit)
2026-08-01 17:23:14,060 INFO sqlalchemy.engine.Engine SELECT fee_types.id, fee_types.school_id, fee_types.category_id, fee_types.section, fee_types.term, fee_types.amount_kobo, fee_types.created_at 
FROM fee_types 
WHERE fee_types.id = ?
2026-08-01 17:23:14 | INFO     | sqlalchemy.engine.Engine | SELECT fee_types.id, fee_types.school_id, fee_types.category_id, fee_types.section, fee_types.term, fee_types.amount_kobo, fee_types.created_at 
FROM fee_types 
WHERE fee_types.id = ?
2026-08-01 17:23:14,061 INFO sqlalchemy.engine.Engine [generated in 0.00055s] (3,)
2026-08-01 17:23:14 | INFO     | sqlalchemy.engine.Engine | [generated in 0.00055s] (3,)
2026-08-01 17:23:14,069 INFO sqlalchemy.engine.Engine SELECT fee_categories.id AS fee_categories_id, fee_categories.school_id AS fee_categories_school_id, fee_categories.name AS fee_categories_name, fee_categories.created_at AS fee_categories_created_at 
FROM fee_categories 
WHERE fee_categories.id = ?
2026-08-01 17:23:14 | INFO     | sqlalchemy.engine.Engine | SELECT fee_categories.id AS fee_categories_id, fee_categories.school_id AS fee_categories_school_id, fee_categories.name AS fee_categories_name, fee_categories.created_at AS fee_categories_created_at 
FROM fee_categories 
WHERE fee_categories.id = ?
2026-08-01 17:23:14,070 INFO sqlalchemy.engine.Engine [generated in 0.00043s] (1,)
2026-08-01 17:23:14 | INFO     | sqlalchemy.engine.Engine | [generated in 0.00043s] (1,)
2026-08-01 17:23:14 | INFO     | app.routers.fees | Fee type created: Tuition Fee · Secondary · first term 2025/2026
INFO:     127.0.0.1:56609 - "POST /api/v1/fees/types HTTP/1.1" 201 Created
2026-08-01 17:23:14,074 INFO sqlalchemy.engine.Engine ROLLBACK
2026-08-01 17:23:14 | INFO     | sqlalchemy.engine.Engine | ROLLBACK
2026-08-01 17:23:14,084 INFO sqlalchemy.engine.Engine BEGIN (implicit)
2026-08-01 17:23:14 | INFO     | sqlalchemy.engine.Engine | BEGIN (implicit)
2026-08-01 17:23:14,085 INFO sqlalchemy.engine.Engine SELECT users.id AS users_id, users.school_id AS users_school_id, users.email AS users_email, users.hashed_password AS users_hashed_password, users.role AS users_role, users.is_active AS users_is_active, users.created_at AS users_created_at, users.last_login AS users_last_login 
FROM users 
WHERE users.id = ?
 LIMIT ? OFFSET ?
2026-08-01 17:23:14 | INFO     | sqlalchemy.engine.Engine | SELECT users.id AS users_id, users.school_id AS users_school_id, users.email AS users_email, users.hashed_password AS users_hashed_password, users.role AS users_role, users.is_active AS users_is_active, users.created_at AS users_created_at, users.last_login AS users_last_login 
FROM users 
WHERE users.id = ?
 LIMIT ? OFFSET ?
2026-08-01 17:23:14,085 INFO sqlalchemy.engine.Engine [cached since 535s ago] (1, 1, 0)
2026-08-01 17:23:14 | INFO     | sqlalchemy.engine.Engine | [cached since 535s ago] (1, 1, 0)
2026-08-01 17:23:14,089 INFO sqlalchemy.engine.Engine SELECT fee_types.id AS fee_types_id, fee_types.school_id AS fee_types_school_id, fee_types.category_id AS fee_types_category_id, fee_types.section AS fee_types_section, fee_types.term AS fee_types_term, fee_types.amount_kobo AS fee_types_amount_kobo, fee_types.created_at AS fee_types_created_at, fee_categories_1.id AS fee_categories_1_id, fee_categories_1.school_id AS fee_categories_1_school_id, fee_categories_1.name AS fee_categories_1_name, fee_categories_1.created_at AS fee_categories_1_created_at 
FROM fee_types LEFT OUTER JOIN fee_categories AS fee_categories_1 ON fee_categories_1.id = fee_types.category_id 
WHERE fee_types.school_id = ? ORDER BY fee_types.term DESC, fee_types.section
2026-08-01 17:23:14 | INFO     | sqlalchemy.engine.Engine | SELECT fee_types.id AS fee_types_id, fee_types.school_id AS fee_types_school_id, fee_types.category_id AS fee_types_category_id, fee_types.section AS fee_types_section, fee_types.term AS fee_types_term, fee_types.amount_kobo AS fee_types_amount_kobo, fee_types.created_at AS fee_types_created_at, fee_categories_1.id AS fee_categories_1_id, fee_categories_1.school_id AS fee_categories_1_school_id, fee_categories_1.name AS fee_categories_1_name, fee_categories_1.created_at AS fee_categories_1_created_at 
FROM fee_types LEFT OUTER JOIN fee_categories AS fee_categories_1 ON fee_categories_1.id = fee_types.category_id 
WHERE fee_types.school_id = ? ORDER BY fee_types.term DESC, fee_types.section
2026-08-01 17:23:14,089 INFO sqlalchemy.engine.Engine [cached since 472.2s ago] (1,)
2026-08-01 17:23:14 | INFO     | sqlalchemy.engine.Engine | [cached since 472.2s ago] (1,)
INFO:     127.0.0.1:56609 - "GET /api/v1/fees/types?school_id=1 HTTP/1.1" 200 OK
2026-08-01 17:23:14,094 INFO sqlalchemy.engine.Engine ROLLBACK
2026-08-01 17:23:14 | INFO     | sqlalchemy.engine.Engine | ROLLBACK
2026-08-01 17:23:24,217 INFO sqlalchemy.engine.Engine BEGIN (implicit)
2026-08-01 17:23:24 | INFO     | sqlalchemy.engine.Engine | BEGIN (implicit)
2026-08-01 17:23:24,219 INFO sqlalchemy.engine.Engine SELECT users.id AS users_id, users.school_id AS users_school_id, users.email AS users_email, users.hashed_password AS users_hashed_password, users.role AS users_role, users.is_active AS users_is_active, users.created_at AS users_created_at, users.last_login AS users_last_login 
FROM users 
WHERE users.id = ?
 LIMIT ? OFFSET ?
2026-08-01 17:23:24 | INFO     | sqlalchemy.engine.Engine | SELECT users.id AS users_id, users.school_id AS users_school_id, users.email AS users_email, users.hashed_password AS users_hashed_password, users.role AS users_role, users.is_active AS users_is_active, users.created_at AS users_created_at, users.last_login AS users_last_login 
FROM users 
WHERE users.id = ?
 LIMIT ? OFFSET ?
2026-08-01 17:23:24,221 INFO sqlalchemy.engine.Engine [cached since 545.1s ago] (1, 1, 0)
2026-08-01 17:23:24 | INFO     | sqlalchemy.engine.Engine | [cached since 545.1s ago] (1, 1, 0)
2026-08-01 17:23:24,248 INFO sqlalchemy.engine.Engine SELECT fee_types.id AS fee_types_id, fee_types.school_id AS fee_types_school_id, fee_types.category_id AS fee_types_category_id, fee_types.section AS fee_types_section, fee_types.term AS fee_types_term, fee_types.amount_kobo AS fee_types_amount_kobo, fee_types.created_at AS fee_types_created_at 
FROM fee_types 
WHERE fee_types.id = ?
 LIMIT ? OFFSET ?
2026-08-01 17:23:24 | INFO     | sqlalchemy.engine.Engine | SELECT fee_types.id AS fee_types_id, fee_types.school_id AS fee_types_school_id, fee_types.category_id AS fee_types_category_id, fee_types.section AS fee_types_section, fee_types.term AS fee_types_term, fee_types.amount_kobo AS fee_types_amount_kobo, fee_types.created_at AS fee_types_created_at 
FROM fee_types 
WHERE fee_types.id = ?
 LIMIT ? OFFSET ?
2026-08-01 17:23:24,248 INFO sqlalchemy.engine.Engine [generated in 0.00069s] (1, 1, 0)
2026-08-01 17:23:24 | INFO     | sqlalchemy.engine.Engine | [generated in 0.00069s] (1, 1, 0)
2026-08-01 17:23:24,355 INFO sqlalchemy.engine.Engine SELECT count(*) AS count_1 
FROM (SELECT fee_records.id AS fee_records_id, fee_records.student_id AS fee_records_student_id, fee_records.fee_type_id AS fee_records_fee_type_id, fee_records.total_fees_kobo AS fee_records_total_fees_kobo, fee_records.amount_paid_kobo AS fee_records_amount_paid_kobo, fee_records.status AS fee_records_status, fee_records.created_at AS fee_records_created_at, fee_records.updated_at AS fee_records_updated_at 
FROM fee_records 
WHERE fee_records.fee_type_id = ?) AS anon_1
2026-08-01 17:23:24 | INFO     | sqlalchemy.engine.Engine | SELECT count(*) AS count_1 
FROM (SELECT fee_records.id AS fee_records_id, fee_records.student_id AS fee_records_student_id, fee_records.fee_type_id AS fee_records_fee_type_id, fee_records.total_fees_kobo AS fee_records_total_fees_kobo, fee_records.amount_paid_kobo AS fee_records_amount_paid_kobo, fee_records.status AS fee_records_status, fee_records.created_at AS fee_records_created_at, fee_records.updated_at AS fee_records_updated_at 
FROM fee_records 
WHERE fee_records.fee_type_id = ?) AS anon_1
2026-08-01 17:23:24,358 INFO sqlalchemy.engine.Engine [generated in 0.00279s] (1,)
2026-08-01 17:23:24 | INFO     | sqlalchemy.engine.Engine | [generated in 0.00279s] (1,)
2026-08-01 17:23:24,380 INFO sqlalchemy.engine.Engine ROLLBACK
2026-08-01 17:23:24 | INFO     | sqlalchemy.engine.Engine | ROLLBACK
INFO:     127.0.0.1:56610 - "DELETE /api/v1/fees/types/1 HTTP/1.1" 409 Conflict
2026-08-01 17:23:34,508 INFO sqlalchemy.engine.Engine BEGIN (implicit)
2026-08-01 17:23:34 | INFO     | sqlalchemy.engine.Engine | BEGIN (implicit)
2026-08-01 17:23:34,510 INFO sqlalchemy.engine.Engine SELECT users.id AS users_id, users.school_id AS users_school_id, users.email AS users_email, users.hashed_password AS users_hashed_password, users.role AS users_role, users.is_active AS users_is_active, users.created_at AS users_created_at, users.last_login AS users_last_login 
FROM users 
WHERE users.id = ?
 LIMIT ? OFFSET ?
2026-08-01 17:23:34 | INFO     | sqlalchemy.engine.Engine | SELECT users.id AS users_id, users.school_id AS users_school_id, users.email AS users_email, users.hashed_password AS users_hashed_password, users.role AS users_role, users.is_active AS users_is_active, users.created_at AS users_created_at, users.last_login AS users_last_login 
FROM users 
WHERE users.id = ?
 LIMIT ? OFFSET ?
2026-08-01 17:23:34,511 INFO sqlalchemy.engine.Engine [cached since 555.4s ago] (1, 1, 0)
2026-08-01 17:23:34 | INFO     | sqlalchemy.engine.Engine | [cached since 555.4s ago] (1, 1, 0)
2026-08-01 17:23:34,516 INFO sqlalchemy.engine.Engine SELECT fee_types.id AS fee_types_id, fee_types.school_id AS fee_types_school_id, fee_types.category_id AS fee_types_category_id, fee_types.section AS fee_types_section, fee_types.term AS fee_types_term, fee_types.amount_kobo AS fee_types_amount_kobo, fee_types.created_at AS fee_types_created_at 
FROM fee_types 
WHERE fee_types.id = ?
 LIMIT ? OFFSET ?
2026-08-01 17:23:34 | INFO     | sqlalchemy.engine.Engine | SELECT fee_types.id AS fee_types_id, fee_types.school_id AS fee_types_school_id, fee_types.category_id AS fee_types_category_id, fee_types.section AS fee_types_section, fee_types.term AS fee_types_term, fee_types.amount_kobo AS fee_types_amount_kobo, fee_types.created_at AS fee_types_created_at 
FROM fee_types 
WHERE fee_types.id = ?
 LIMIT ? OFFSET ?
2026-08-01 17:23:34,516 INFO sqlalchemy.engine.Engine [cached since 10.27s ago] (2, 1, 0)
2026-08-01 17:23:34 | INFO     | sqlalchemy.engine.Engine | [cached since 10.27s ago] (2, 1, 0)
2026-08-01 17:23:34,520 INFO sqlalchemy.engine.Engine SELECT count(*) AS count_1 
FROM (SELECT fee_records.id AS fee_records_id, fee_records.student_id AS fee_records_student_id, fee_records.fee_type_id AS fee_records_fee_type_id, fee_records.total_fees_kobo AS fee_records_total_fees_kobo, fee_records.amount_paid_kobo AS fee_records_amount_paid_kobo, fee_records.status AS fee_records_status, fee_records.created_at AS fee_records_created_at, fee_records.updated_at AS fee_records_updated_at 
FROM fee_records 
WHERE fee_records.fee_type_id = ?) AS anon_1
2026-08-01 17:23:34 | INFO     | sqlalchemy.engine.Engine | SELECT count(*) AS count_1 
FROM (SELECT fee_records.id AS fee_records_id, fee_records.student_id AS fee_records_student_id, fee_records.fee_type_id AS fee_records_fee_type_id, fee_records.total_fees_kobo AS fee_records_total_fees_kobo, fee_records.amount_paid_kobo AS fee_records_amount_paid_kobo, fee_records.status AS fee_records_status, fee_records.created_at AS fee_records_created_at, fee_records.updated_at AS fee_records_updated_at 
FROM fee_records 
WHERE fee_records.fee_type_id = ?) AS anon_1
2026-08-01 17:23:34,522 INFO sqlalchemy.engine.Engine [cached since 10.17s ago] (2,)
2026-08-01 17:23:34 | INFO     | sqlalchemy.engine.Engine | [cached since 10.17s ago] (2,)
2026-08-01 17:23:34,576 INFO sqlalchemy.engine.Engine SELECT fee_records.id AS fee_records_id, fee_records.student_id AS fee_records_student_id, fee_records.fee_type_id AS fee_records_fee_type_id, fee_records.total_fees_kobo AS fee_records_total_fees_kobo, fee_records.amount_paid_kobo AS fee_records_amount_paid_kobo, fee_records.status AS fee_records_status, fee_records.created_at AS fee_records_created_at, fee_records.updated_at AS fee_records_updated_at 
FROM fee_records 
WHERE ? = fee_records.fee_type_id
2026-08-01 17:23:34 | INFO     | sqlalchemy.engine.Engine | SELECT fee_records.id AS fee_records_id, fee_records.student_id AS fee_records_student_id, fee_records.fee_type_id AS fee_records_fee_type_id, fee_records.total_fees_kobo AS fee_records_total_fees_kobo, fee_records.amount_paid_kobo AS fee_records_amount_paid_kobo, fee_records.status AS fee_records_status, fee_records.created_at AS fee_records_created_at, fee_records.updated_at AS fee_records_updated_at 
FROM fee_records 
WHERE ? = fee_records.fee_type_id
2026-08-01 17:23:34,576 INFO sqlalchemy.engine.Engine [generated in 0.00120s] (2,)
2026-08-01 17:23:34 | INFO     | sqlalchemy.engine.Engine | [generated in 0.00120s] (2,)
2026-08-01 17:23:34,596 INFO sqlalchemy.engine.Engine DELETE FROM fee_types WHERE fee_types.id = ?
2026-08-01 17:23:34 | INFO     | sqlalchemy.engine.Engine | DELETE FROM fee_types WHERE fee_types.id = ?
2026-08-01 17:23:34,597 INFO sqlalchemy.engine.Engine [generated in 0.00121s] (2,)
2026-08-01 17:23:34 | INFO     | sqlalchemy.engine.Engine | [generated in 0.00121s] (2,)
2026-08-01 17:23:34,609 INFO sqlalchemy.engine.Engine COMMIT
2026-08-01 17:23:34 | INFO     | sqlalchemy.engine.Engine | COMMIT
2026-08-01 17:23:34 | INFO     | app.routers.fees | Fee type deleted: id=2
INFO:     127.0.0.1:56647 - "DELETE /api/v1/fees/types/2 HTTP/1.1" 200 OK
2026-08-01 17:23:34,676 INFO sqlalchemy.engine.Engine BEGIN (implicit)
2026-08-01 17:23:34 | INFO     | sqlalchemy.engine.Engine | BEGIN (implicit)
2026-08-01 17:23:34,678 INFO sqlalchemy.engine.Engine SELECT users.id AS users_id, users.school_id AS users_school_id, users.email AS users_email, users.hashed_password AS users_hashed_password, users.role AS users_role, users.is_active AS users_is_active, users.created_at AS users_created_at, users.last_login AS users_last_login 
FROM users 
WHERE users.id = ?
 LIMIT ? OFFSET ?
2026-08-01 17:23:34 | INFO     | sqlalchemy.engine.Engine | SELECT users.id AS users_id, users.school_id AS users_school_id, users.email AS users_email, users.hashed_password AS users_hashed_password, users.role AS users_role, users.is_active AS users_is_active, users.created_at AS users_created_at, users.last_login AS users_last_login 
FROM users 
WHERE users.id = ?
 LIMIT ? OFFSET ?
2026-08-01 17:23:34,678 INFO sqlalchemy.engine.Engine [cached since 555.6s ago] (1, 1, 0)
2026-08-01 17:23:34 | INFO     | sqlalchemy.engine.Engine | [cached since 555.6s ago] (1, 1, 0)
2026-08-01 17:23:34,684 INFO sqlalchemy.engine.Engine SELECT fee_types.id AS fee_types_id, fee_types.school_id AS fee_types_school_id, fee_types.category_id AS fee_types_category_id, fee_types.section AS fee_types_section, fee_types.term AS fee_types_term, fee_types.amount_kobo AS fee_types_amount_kobo, fee_types.created_at AS fee_types_created_at, fee_categories_1.id AS fee_categories_1_id, fee_categories_1.school_id AS fee_categories_1_school_id, fee_categories_1.name AS fee_categories_1_name, fee_categories_1.created_at AS fee_categories_1_created_at 
FROM fee_types LEFT OUTER JOIN fee_categories AS fee_categories_1 ON fee_categories_1.id = fee_types.category_id 
WHERE fee_types.school_id = ? ORDER BY fee_types.term DESC, fee_types.section
2026-08-01 17:23:34 | INFO     | sqlalchemy.engine.Engine | SELECT fee_types.id AS fee_types_id, fee_types.school_id AS fee_types_school_id, fee_types.category_id AS fee_types_category_id, fee_types.section AS fee_types_section, fee_types.term AS fee_types_term, fee_types.amount_kobo AS fee_types_amount_kobo, fee_types.created_at AS fee_types_created_at, fee_categories_1.id AS fee_categories_1_id, fee_categories_1.school_id AS fee_categories_1_school_id, fee_categories_1.name AS fee_categories_1_name, fee_categories_1.created_at AS fee_categories_1_created_at 
FROM fee_types LEFT OUTER JOIN fee_categories AS fee_categories_1 ON fee_categories_1.id = fee_types.category_id 
WHERE fee_types.school_id = ? ORDER BY fee_types.term DESC, fee_types.section
2026-08-01 17:23:34,685 INFO sqlalchemy.engine.Engine [cached since 492.8s ago] (1,)
2026-08-01 17:23:34 | INFO     | sqlalchemy.engine.Engine | [cached since 492.8s ago] (1,)
INFO:     127.0.0.1:56647 - "GET /api/v1/fees/types?school_id=1 HTTP/1.1" 200 OK
2026-08-01 17:23:34,698 INFO sqlalchemy.engine.Engine ROLLBACK
2026-08-01 17:23:34 | INFO     | sqlalchemy.engine.Engine | ROLLBACK
2026-08-01 17:23:47,080 INFO sqlalchemy.engine.Engine BEGIN (implicit)
2026-08-01 17:23:47 | INFO     | sqlalchemy.engine.Engine | BEGIN (implicit)
2026-08-01 17:23:47,081 INFO sqlalchemy.engine.Engine SELECT users.id AS users_id, users.school_id AS users_school_id, users.email AS users_email, users.hashed_password AS users_hashed_password, users.role AS users_role, users.is_active AS users_is_active, users.created_at AS users_created_at, users.last_login AS users_last_login 
FROM users 
WHERE users.id = ?
 LIMIT ? OFFSET ?
2026-08-01 17:23:47 | INFO     | sqlalchemy.engine.Engine | SELECT users.id AS users_id, users.school_id AS users_school_id, users.email AS users_email, users.hashed_password AS users_hashed_password, users.role AS users_role, users.is_active AS users_is_active, users.created_at AS users_created_at, users.last_login AS users_last_login 
FROM users 
WHERE users.id = ?
 LIMIT ? OFFSET ?
2026-08-01 17:23:47,082 INFO sqlalchemy.engine.Engine [cached since 568s ago] (1, 1, 0)
2026-08-01 17:23:47 | INFO     | sqlalchemy.engine.Engine | [cached since 568s ago] (1, 1, 0)
2026-08-01 17:23:47,084 INFO sqlalchemy.engine.Engine SELECT schools.id AS schools_id, schools.name AS schools_name, schools.slug AS schools_slug, schools.phone AS schools_phone, schools.email AS schools_email, schools.address AS schools_address, schools.is_active AS schools_is_active, schools.created_at AS schools_created_at 
FROM schools 
WHERE schools.id = ?
 LIMIT ? OFFSET ?
2026-08-01 17:23:47 | INFO     | sqlalchemy.engine.Engine | SELECT schools.id AS schools_id, schools.name AS schools_name, schools.slug AS schools_slug, schools.phone AS schools_phone, schools.email AS schools_email, schools.address AS schools_address, schools.is_active AS schools_is_active, schools.created_at AS schools_created_at 
FROM schools 
WHERE schools.id = ?
 LIMIT ? OFFSET ?
2026-08-01 17:23:47,084 INFO sqlalchemy.engine.Engine [cached since 505.5s ago] (1, 1, 0)
2026-08-01 17:23:47 | INFO     | sqlalchemy.engine.Engine | [cached since 505.5s ago] (1, 1, 0)
2026-08-01 17:23:47,090 INFO sqlalchemy.engine.Engine SELECT students.id AS students_id, students.school_id AS students_school_id, students.student_name AS students_student_name, students.section AS students_section, students.class_name AS students_class_name, students.parent_name AS students_parent_name, students.parent_phone AS students_parent_phone, students.parent_email AS students_parent_email, students.is_active AS students_is_active, students.created_at AS students_created_at, fee_types_1.id AS fee_types_1_id, fee_types_1.school_id AS fee_types_1_school_id, fee_types_1.category_id AS fee_types_1_category_id, fee_types_1.section AS fee_types_1_section, fee_types_1.term AS fee_types_1_term, fee_types_1.amount_kobo AS fee_types_1_amount_kobo, fee_types_1.created_at AS fee_types_1_created_at, fee_records_1.id AS fee_records_1_id, fee_records_1.student_id AS fee_records_1_student_id, fee_records_1.fee_type_id AS fee_records_1_fee_type_id, fee_records_1.total_fees_kobo AS fee_records_1_total_fees_kobo, fee_records_1.amount_paid_kobo AS fee_records_1_amount_paid_kobo, fee_records_1.status AS fee_records_1_status, fee_records_1.created_at AS fee_records_1_created_at, fee_records_1.updated_at AS fee_records_1_updated_at 
FROM students LEFT OUTER JOIN fee_records AS fee_records_1 ON students.id = fee_records_1.student_id LEFT OUTER JOIN fee_types AS fee_types_1 ON fee_types_1.id = fee_records_1.fee_type_id 
WHERE students.school_id = ? AND students.is_active = 1 AND students.section = ?
2026-08-01 17:23:47 | INFO     | sqlalchemy.engine.Engine | SELECT students.id AS students_id, students.school_id AS students_school_id, students.student_name AS students_student_name, students.section AS students_section, students.class_name AS students_class_name, students.parent_name AS students_parent_name, students.parent_phone AS students_parent_phone, students.parent_email AS students_parent_email, students.is_active AS students_is_active, students.created_at AS students_created_at, fee_types_1.id AS fee_types_1_id, fee_types_1.school_id AS fee_types_1_school_id, fee_types_1.category_id AS fee_types_1_category_id, fee_types_1.section AS fee_types_1_section, fee_types_1.term AS fee_types_1_term, fee_types_1.amount_kobo AS fee_types_1_amount_kobo, fee_types_1.created_at AS fee_types_1_created_at, fee_records_1.id AS fee_records_1_id, fee_records_1.student_id AS fee_records_1_student_id, fee_records_1.fee_type_id AS fee_records_1_fee_type_id, fee_records_1.total_fees_kobo AS fee_records_1_total_fees_kobo, fee_records_1.amount_paid_kobo AS fee_records_1_amount_paid_kobo, fee_records_1.status AS fee_records_1_status, fee_records_1.created_at AS fee_records_1_created_at, fee_records_1.updated_at AS fee_records_1_updated_at 
FROM students LEFT OUTER JOIN fee_records AS fee_records_1 ON students.id = fee_records_1.student_id LEFT OUTER JOIN fee_types AS fee_types_1 ON fee_types_1.id = fee_records_1.fee_type_id 
WHERE students.school_id = ? AND students.is_active = 1 AND students.section = ?
2026-08-01 17:23:47,091 INFO sqlalchemy.engine.Engine [cached since 449.4s ago] (1, 'Primary')
2026-08-01 17:23:47 | INFO     | sqlalchemy.engine.Engine | [cached since 449.4s ago] (1, 'Primary')
2026-08-01 17:23:47,094 INFO sqlalchemy.engine.Engine SELECT students.id AS students_id, students.school_id AS students_school_id, students.student_name AS students_student_name, students.section AS students_section, students.class_name AS students_class_name, students.parent_name AS students_parent_name, students.parent_phone AS students_parent_phone, students.parent_email AS students_parent_email, students.is_active AS students_is_active, students.created_at AS students_created_at, fee_records_1.id AS fee_records_1_id, fee_records_1.student_id AS fee_records_1_student_id, fee_records_1.fee_type_id AS fee_records_1_fee_type_id, fee_records_1.total_fees_kobo AS fee_records_1_total_fees_kobo, fee_records_1.amount_paid_kobo AS fee_records_1_amount_paid_kobo, fee_records_1.status AS fee_records_1_status, fee_records_1.created_at AS fee_records_1_created_at, fee_records_1.updated_at AS fee_records_1_updated_at 
FROM students LEFT OUTER JOIN fee_records AS fee_records_1 ON students.id = fee_records_1.student_id 
WHERE students.school_id = ? AND students.is_active = 1
2026-08-01 17:23:47 | INFO     | sqlalchemy.engine.Engine | SELECT students.id AS students_id, students.school_id AS students_school_id, students.student_name AS students_student_name, students.section AS students_section, students.class_name AS students_class_name, students.parent_name AS students_parent_name, students.parent_phone AS students_parent_phone, students.parent_email AS students_parent_email, students.is_active AS students_is_active, students.created_at AS students_created_at, fee_records_1.id AS fee_records_1_id, fee_records_1.student_id AS fee_records_1_student_id, fee_records_1.fee_type_id AS fee_records_1_fee_type_id, fee_records_1.total_fees_kobo AS fee_records_1_total_fees_kobo, fee_records_1.amount_paid_kobo AS fee_records_1_amount_paid_kobo, fee_records_1.status AS fee_records_1_status, fee_records_1.created_at AS fee_records_1_created_at, fee_records_1.updated_at AS fee_records_1_updated_at 
FROM students LEFT OUTER JOIN fee_records AS fee_records_1 ON students.id = fee_records_1.student_id 
WHERE students.school_id = ? AND students.is_active = 1
2026-08-01 17:23:47,095 INFO sqlalchemy.engine.Engine [cached since 505.4s ago] (1,)
2026-08-01 17:23:47 | INFO     | sqlalchemy.engine.Engine | [cached since 505.4s ago] (1,)
2026-08-01 17:23:47,099 INFO sqlalchemy.engine.Engine SELECT fee_categories.id AS fee_categories_id, fee_categories.school_id AS fee_categories_school_id, fee_categories.name AS fee_categories_name, fee_categories.created_at AS fee_categories_created_at 
FROM fee_categories 
WHERE fee_categories.school_id = ? ORDER BY fee_categories.name
2026-08-01 17:23:47 | INFO     | sqlalchemy.engine.Engine | SELECT fee_categories.id AS fee_categories_id, fee_categories.school_id AS fee_categories_school_id, fee_categories.name AS fee_categories_name, fee_categories.created_at AS fee_categories_created_at 
FROM fee_categories 
WHERE fee_categories.school_id = ? ORDER BY fee_categories.name
2026-08-01 17:23:47,099 INFO sqlalchemy.engine.Engine [cached since 568s ago] (1,)
2026-08-01 17:23:47 | INFO     | sqlalchemy.engine.Engine | [cached since 568s ago] (1,)
2026-08-01 17:23:47,101 INFO sqlalchemy.engine.Engine SELECT fee_types.id AS fee_types_id, fee_types.school_id AS fee_types_school_id, fee_types.category_id AS fee_types_category_id, fee_types.section AS fee_types_section, fee_types.term AS fee_types_term, fee_types.amount_kobo AS fee_types_amount_kobo, fee_types.created_at AS fee_types_created_at 
FROM fee_types 
WHERE fee_types.category_id = ?
2026-08-01 17:23:47 | INFO     | sqlalchemy.engine.Engine | SELECT fee_types.id AS fee_types_id, fee_types.school_id AS fee_types_school_id, fee_types.category_id AS fee_types_category_id, fee_types.section AS fee_types_section, fee_types.term AS fee_types_term, fee_types.amount_kobo AS fee_types_amount_kobo, fee_types.created_at AS fee_types_created_at 
FROM fee_types 
WHERE fee_types.category_id = ?
2026-08-01 17:23:47,101 INFO sqlalchemy.engine.Engine [cached since 505.4s ago] (8,)
2026-08-01 17:23:47 | INFO     | sqlalchemy.engine.Engine | [cached since 505.4s ago] (8,)
2026-08-01 17:23:47,106 INFO sqlalchemy.engine.Engine SELECT fee_types.id AS fee_types_id, fee_types.school_id AS fee_types_school_id, fee_types.category_id AS fee_types_category_id, fee_types.section AS fee_types_section, fee_types.term AS fee_types_term, fee_types.amount_kobo AS fee_types_amount_kobo, fee_types.created_at AS fee_types_created_at 
FROM fee_types 
WHERE fee_types.category_id = ?
2026-08-01 17:23:47 | INFO     | sqlalchemy.engine.Engine | SELECT fee_types.id AS fee_types_id, fee_types.school_id AS fee_types_school_id, fee_types.category_id AS fee_types_category_id, fee_types.section AS fee_types_section, fee_types.term AS fee_types_term, fee_types.amount_kobo AS fee_types_amount_kobo, fee_types.created_at AS fee_types_created_at 
FROM fee_types 
WHERE fee_types.category_id = ?
2026-08-01 17:23:47,106 INFO sqlalchemy.engine.Engine [cached since 505.4s ago] (3,)
2026-08-01 17:23:47 | INFO     | sqlalchemy.engine.Engine | [cached since 505.4s ago] (3,)
2026-08-01 17:23:47,107 INFO sqlalchemy.engine.Engine SELECT fee_types.id AS fee_types_id, fee_types.school_id AS fee_types_school_id, fee_types.category_id AS fee_types_category_id, fee_types.section AS fee_types_section, fee_types.term AS fee_types_term, fee_types.amount_kobo AS fee_types_amount_kobo, fee_types.created_at AS fee_types_created_at 
FROM fee_types 
WHERE fee_types.category_id = ?
2026-08-01 17:23:47 | INFO     | sqlalchemy.engine.Engine | SELECT fee_types.id AS fee_types_id, fee_types.school_id AS fee_types_school_id, fee_types.category_id AS fee_types_category_id, fee_types.section AS fee_types_section, fee_types.term AS fee_types_term, fee_types.amount_kobo AS fee_types_amount_kobo, fee_types.created_at AS fee_types_created_at 
FROM fee_types 
WHERE fee_types.category_id = ?
2026-08-01 17:23:47,108 INFO sqlalchemy.engine.Engine [cached since 505.4s ago] (6,)
2026-08-01 17:23:47 | INFO     | sqlalchemy.engine.Engine | [cached since 505.4s ago] (6,)
2026-08-01 17:23:47,108 INFO sqlalchemy.engine.Engine SELECT fee_types.id AS fee_types_id, fee_types.school_id AS fee_types_school_id, fee_types.category_id AS fee_types_category_id, fee_types.section AS fee_types_section, fee_types.term AS fee_types_term, fee_types.amount_kobo AS fee_types_amount_kobo, fee_types.created_at AS fee_types_created_at 
FROM fee_types 
WHERE fee_types.category_id = ?
2026-08-01 17:23:47 | INFO     | sqlalchemy.engine.Engine | SELECT fee_types.id AS fee_types_id, fee_types.school_id AS fee_types_school_id, fee_types.category_id AS fee_types_category_id, fee_types.section AS fee_types_section, fee_types.term AS fee_types_term, fee_types.amount_kobo AS fee_types_amount_kobo, fee_types.created_at AS fee_types_created_at 
FROM fee_types 
WHERE fee_types.category_id = ?
2026-08-01 17:23:47,108 INFO sqlalchemy.engine.Engine [cached since 505.4s ago] (4,)
2026-08-01 17:23:47 | INFO     | sqlalchemy.engine.Engine | [cached since 505.4s ago] (4,)
2026-08-01 17:23:47,109 INFO sqlalchemy.engine.Engine SELECT fee_types.id AS fee_types_id, fee_types.school_id AS fee_types_school_id, fee_types.category_id AS fee_types_category_id, fee_types.section AS fee_types_section, fee_types.term AS fee_types_term, fee_types.amount_kobo AS fee_types_amount_kobo, fee_types.created_at AS fee_types_created_at 
FROM fee_types 
WHERE fee_types.category_id = ?
2026-08-01 17:23:47 | INFO     | sqlalchemy.engine.Engine | SELECT fee_types.id AS fee_types_id, fee_types.school_id AS fee_types_school_id, fee_types.category_id AS fee_types_category_id, fee_types.section AS fee_types_section, fee_types.term AS fee_types_term, fee_types.amount_kobo AS fee_types_amount_kobo, fee_types.created_at AS fee_types_created_at 
FROM fee_types 
WHERE fee_types.category_id = ?
2026-08-01 17:23:47,109 INFO sqlalchemy.engine.Engine [cached since 505.4s ago] (7,)
2026-08-01 17:23:47 | INFO     | sqlalchemy.engine.Engine | [cached since 505.4s ago] (7,)
2026-08-01 17:23:47,110 INFO sqlalchemy.engine.Engine SELECT fee_types.id AS fee_types_id, fee_types.school_id AS fee_types_school_id, fee_types.category_id AS fee_types_category_id, fee_types.section AS fee_types_section, fee_types.term AS fee_types_term, fee_types.amount_kobo AS fee_types_amount_kobo, fee_types.created_at AS fee_types_created_at 
FROM fee_types 
WHERE fee_types.category_id = ?
2026-08-01 17:23:47 | INFO     | sqlalchemy.engine.Engine | SELECT fee_types.id AS fee_types_id, fee_types.school_id AS fee_types_school_id, fee_types.category_id AS fee_types_category_id, fee_types.section AS fee_types_section, fee_types.term AS fee_types_term, fee_types.amount_kobo AS fee_types_amount_kobo, fee_types.created_at AS fee_types_created_at 
FROM fee_types 
WHERE fee_types.category_id = ?
2026-08-01 17:23:47,110 INFO sqlalchemy.engine.Engine [cached since 505.4s ago] (2,)
2026-08-01 17:23:47 | INFO     | sqlalchemy.engine.Engine | [cached since 505.4s ago] (2,)
2026-08-01 17:23:47,111 INFO sqlalchemy.engine.Engine SELECT fee_types.id AS fee_types_id, fee_types.school_id AS fee_types_school_id, fee_types.category_id AS fee_types_category_id, fee_types.section AS fee_types_section, fee_types.term AS fee_types_term, fee_types.amount_kobo AS fee_types_amount_kobo, fee_types.created_at AS fee_types_created_at 
FROM fee_types 
WHERE fee_types.category_id = ?
2026-08-01 17:23:47 | INFO     | sqlalchemy.engine.Engine | SELECT fee_types.id AS fee_types_id, fee_types.school_id AS fee_types_school_id, fee_types.category_id AS fee_types_category_id, fee_types.section AS fee_types_section, fee_types.term AS fee_types_term, fee_types.amount_kobo AS fee_types_amount_kobo, fee_types.created_at AS fee_types_created_at 
FROM fee_types 
WHERE fee_types.category_id = ?
2026-08-01 17:23:47,111 INFO sqlalchemy.engine.Engine [cached since 505.4s ago] (1,)
2026-08-01 17:23:47 | INFO     | sqlalchemy.engine.Engine | [cached since 505.4s ago] (1,)
2026-08-01 17:23:47,112 INFO sqlalchemy.engine.Engine SELECT fee_records.id AS fee_records_id, fee_records.student_id AS fee_records_student_id, fee_records.fee_type_id AS fee_records_fee_type_id, fee_records.total_fees_kobo AS fee_records_total_fees_kobo, fee_records.amount_paid_kobo AS fee_records_amount_paid_kobo, fee_records.status AS fee_records_status, fee_records.created_at AS fee_records_created_at, fee_records.updated_at AS fee_records_updated_at 
FROM fee_records 
WHERE fee_records.fee_type_id IN (?, ?)
2026-08-01 17:23:47 | INFO     | sqlalchemy.engine.Engine | SELECT fee_records.id AS fee_records_id, fee_records.student_id AS fee_records_student_id, fee_records.fee_type_id AS fee_records_fee_type_id, fee_records.total_fees_kobo AS fee_records_total_fees_kobo, fee_records.amount_paid_kobo AS fee_records_amount_paid_kobo, fee_records.status AS fee_records_status, fee_records.created_at AS fee_records_created_at, fee_records.updated_at AS fee_records_updated_at 
FROM fee_records 
WHERE fee_records.fee_type_id IN (?, ?)
2026-08-01 17:23:47,112 INFO sqlalchemy.engine.Engine [cached since 505.2s ago] (1, 3)
2026-08-01 17:23:47 | INFO     | sqlalchemy.engine.Engine | [cached since 505.2s ago] (1, 3)
2026-08-01 17:23:47,211 INFO sqlalchemy.engine.Engine SELECT fee_types.id AS fee_types_id, fee_types.school_id AS fee_types_school_id, fee_types.category_id AS fee_types_category_id, fee_types.section AS fee_types_section, fee_types.term AS fee_types_term, fee_types.amount_kobo AS fee_types_amount_kobo, fee_types.created_at AS fee_types_created_at 
FROM fee_types 
WHERE fee_types.category_id = ?
2026-08-01 17:23:47 | INFO     | sqlalchemy.engine.Engine | SELECT fee_types.id AS fee_types_id, fee_types.school_id AS fee_types_school_id, fee_types.category_id AS fee_types_category_id, fee_types.section AS fee_types_section, fee_types.term AS fee_types_term, fee_types.amount_kobo AS fee_types_amount_kobo, fee_types.created_at AS fee_types_created_at 
FROM fee_types 
WHERE fee_types.category_id = ?
2026-08-01 17:23:47,213 INFO sqlalchemy.engine.Engine [cached since 505.5s ago] (5,)
2026-08-01 17:23:47 | INFO     | sqlalchemy.engine.Engine | [cached since 505.5s ago] (5,)
INFO:     127.0.0.1:56648 - "GET /api/v1/dashboard/summary?school_id=1&section=Primary HTTP/1.1" 200 OK
2026-08-01 17:23:47,249 INFO sqlalchemy.engine.Engine ROLLBACK
2026-08-01 17:23:47 | INFO     | sqlalchemy.engine.Engine | ROLLBACK
2026-08-01 17:23:47,280 INFO sqlalchemy.engine.Engine BEGIN (implicit)
2026-08-01 17:23:47 | INFO     | sqlalchemy.engine.Engine | BEGIN (implicit)
2026-08-01 17:23:47,281 INFO sqlalchemy.engine.Engine SELECT users.id AS users_id, users.school_id AS users_school_id, users.email AS users_email, users.hashed_password AS users_hashed_password, users.role AS users_role, users.is_active AS users_is_active, users.created_at AS users_created_at, users.last_login AS users_last_login 
FROM users 
WHERE users.id = ?
 LIMIT ? OFFSET ?
2026-08-01 17:23:47 | INFO     | sqlalchemy.engine.Engine | SELECT users.id AS users_id, users.school_id AS users_school_id, users.email AS users_email, users.hashed_password AS users_hashed_password, users.role AS users_role, users.is_active AS users_is_active, users.created_at AS users_created_at, users.last_login AS users_last_login 
FROM users 
WHERE users.id = ?
 LIMIT ? OFFSET ?
2026-08-01 17:23:47,282 INFO sqlalchemy.engine.Engine [cached since 568.2s ago] (1, 1, 0)
2026-08-01 17:23:47 | INFO     | sqlalchemy.engine.Engine | [cached since 568.2s ago] (1, 1, 0)
2026-08-01 17:23:47,290 INFO sqlalchemy.engine.Engine SELECT activity_logs.id AS activity_logs_id, activity_logs.school_id AS activity_logs_school_id, activity_logs.student_id AS activity_logs_student_id, activity_logs.action AS activity_logs_action, activity_logs.description AS activity_logs_description, activity_logs.created_at AS activity_logs_created_at 
FROM activity_logs 
WHERE activity_logs.school_id = ? ORDER BY activity_logs.created_at DESC
 LIMIT ? OFFSET ?
2026-08-01 17:23:47 | INFO     | sqlalchemy.engine.Engine | SELECT activity_logs.id AS activity_logs_id, activity_logs.school_id AS activity_logs_school_id, activity_logs.student_id AS activity_logs_student_id, activity_logs.action AS activity_logs_action, activity_logs.description AS activity_logs_description, activity_logs.created_at AS activity_logs_created_at 
FROM activity_logs 
WHERE activity_logs.school_id = ? ORDER BY activity_logs.created_at DESC
 LIMIT ? OFFSET ?
2026-08-01 17:23:47,290 INFO sqlalchemy.engine.Engine [cached since 505.6s ago] (1, 6, 0)
2026-08-01 17:23:47 | INFO     | sqlalchemy.engine.Engine | [cached since 505.6s ago] (1, 6, 0)
INFO:     127.0.0.1:56648 - "GET /api/v1/activity/?school_id=1&limit=6 HTTP/1.1" 200 OK
2026-08-01 17:23:47,294 INFO sqlalchemy.engine.Engine ROLLBACK
2026-08-01 17:23:47 | INFO     | sqlalchemy.engine.Engine | ROLLBACK
2026-08-01 17:23:48,597 INFO sqlalchemy.engine.Engine BEGIN (implicit)
2026-08-01 17:23:48 | INFO     | sqlalchemy.engine.Engine | BEGIN (implicit)
2026-08-01 17:23:48,598 INFO sqlalchemy.engine.Engine BEGIN (implicit)
2026-08-01 17:23:48 | INFO     | sqlalchemy.engine.Engine | BEGIN (implicit)
2026-08-01 17:23:48,599 INFO sqlalchemy.engine.Engine SELECT users.id AS users_id, users.school_id AS users_school_id, users.email AS users_email, users.hashed_password AS users_hashed_password, users.role AS users_role, users.is_active AS users_is_active, users.created_at AS users_created_at, users.last_login AS users_last_login 
FROM users 
WHERE users.id = ?
 LIMIT ? OFFSET ?
2026-08-01 17:23:48 | INFO     | sqlalchemy.engine.Engine | SELECT users.id AS users_id, users.school_id AS users_school_id, users.email AS users_email, users.hashed_password AS users_hashed_password, users.role AS users_role, users.is_active AS users_is_active, users.created_at AS users_created_at, users.last_login AS users_last_login 
FROM users 
WHERE users.id = ?
 LIMIT ? OFFSET ?
2026-08-01 17:23:48,599 INFO sqlalchemy.engine.Engine SELECT users.id AS users_id, users.school_id AS users_school_id, users.email AS users_email, users.hashed_password AS users_hashed_password, users.role AS users_role, users.is_active AS users_is_active, users.created_at AS users_created_at, users.last_login AS users_last_login 
FROM users 
WHERE users.id = ?
 LIMIT ? OFFSET ?
2026-08-01 17:23:48 | INFO     | sqlalchemy.engine.Engine | SELECT users.id AS users_id, users.school_id AS users_school_id, users.email AS users_email, users.hashed_password AS users_hashed_password, users.role AS users_role, users.is_active AS users_is_active, users.created_at AS users_created_at, users.last_login AS users_last_login 
FROM users 
WHERE users.id = ?
 LIMIT ? OFFSET ?
2026-08-01 17:23:48,600 INFO sqlalchemy.engine.Engine [cached since 569.5s ago] (1, 1, 0)
2026-08-01 17:23:48,601 INFO sqlalchemy.engine.Engine [cached since 569.5s ago] (1, 1, 0)
2026-08-01 17:23:48 | INFO     | sqlalchemy.engine.Engine | [cached since 569.5s ago] (1, 1, 0)
2026-08-01 17:23:48 | INFO     | sqlalchemy.engine.Engine | [cached since 569.5s ago] (1, 1, 0)
2026-08-01 17:23:48,611 INFO sqlalchemy.engine.Engine SELECT schools.id AS schools_id, schools.name AS schools_name, schools.slug AS schools_slug, schools.phone AS schools_phone, schools.email AS schools_email, schools.address AS schools_address, schools.is_active AS schools_is_active, schools.created_at AS schools_created_at 
FROM schools 
WHERE schools.id = ?
 LIMIT ? OFFSET ?
2026-08-01 17:23:48 | INFO     | sqlalchemy.engine.Engine | SELECT schools.id AS schools_id, schools.name AS schools_name, schools.slug AS schools_slug, schools.phone AS schools_phone, schools.email AS schools_email, schools.address AS schools_address, schools.is_active AS schools_is_active, schools.created_at AS schools_created_at 
FROM schools 
WHERE schools.id = ?
 LIMIT ? OFFSET ?
2026-08-01 17:23:48,612 INFO sqlalchemy.engine.Engine [cached since 507s ago] (1, 1, 0)
2026-08-01 17:23:48 | INFO     | sqlalchemy.engine.Engine | [cached since 507s ago] (1, 1, 0)
2026-08-01 17:23:48,733 INFO sqlalchemy.engine.Engine SELECT activity_logs.id AS activity_logs_id, activity_logs.school_id AS activity_logs_school_id, activity_logs.student_id AS activity_logs_student_id, activity_logs.action AS activity_logs_action, activity_logs.description AS activity_logs_description, activity_logs.created_at AS activity_logs_created_at 
FROM activity_logs 
WHERE activity_logs.school_id = ? ORDER BY activity_logs.created_at DESC
 LIMIT ? OFFSET ?
2026-08-01 17:23:48 | INFO     | sqlalchemy.engine.Engine | SELECT activity_logs.id AS activity_logs_id, activity_logs.school_id AS activity_logs_school_id, activity_logs.student_id AS activity_logs_student_id, activity_logs.action AS activity_logs_action, activity_logs.description AS activity_logs_description, activity_logs.created_at AS activity_logs_created_at 
FROM activity_logs 
WHERE activity_logs.school_id = ? ORDER BY activity_logs.created_at DESC
 LIMIT ? OFFSET ?
2026-08-01 17:23:48,735 INFO sqlalchemy.engine.Engine [cached since 507s ago] (1, 6, 0)
2026-08-01 17:23:48 | INFO     | sqlalchemy.engine.Engine | [cached since 507s ago] (1, 6, 0)
2026-08-01 17:23:48,748 INFO sqlalchemy.engine.Engine SELECT students.id AS students_id, students.school_id AS students_school_id, students.student_name AS students_student_name, students.section AS students_section, students.class_name AS students_class_name, students.parent_name AS students_parent_name, students.parent_phone AS students_parent_phone, students.parent_email AS students_parent_email, students.is_active AS students_is_active, students.created_at AS students_created_at, fee_types_1.id AS fee_types_1_id, fee_types_1.school_id AS fee_types_1_school_id, fee_types_1.category_id AS fee_types_1_category_id, fee_types_1.section AS fee_types_1_section, fee_types_1.term AS fee_types_1_term, fee_types_1.amount_kobo AS fee_types_1_amount_kobo, fee_types_1.created_at AS fee_types_1_created_at, fee_records_1.id AS fee_records_1_id, fee_records_1.student_id AS fee_records_1_student_id, fee_records_1.fee_type_id AS fee_records_1_fee_type_id, fee_records_1.total_fees_kobo AS fee_records_1_total_fees_kobo, fee_records_1.amount_paid_kobo AS fee_records_1_amount_paid_kobo, fee_records_1.status AS fee_records_1_status, fee_records_1.created_at AS fee_records_1_created_at, fee_records_1.updated_at AS fee_records_1_updated_at 
FROM students LEFT OUTER JOIN fee_records AS fee_records_1 ON students.id = fee_records_1.student_id LEFT OUTER JOIN fee_types AS fee_types_1 ON fee_types_1.id = fee_records_1.fee_type_id 
WHERE students.school_id = ? AND students.is_active = 1 AND students.section = ?
2026-08-01 17:23:48 | INFO     | sqlalchemy.engine.Engine | SELECT students.id AS students_id, students.school_id AS students_school_id, students.student_name AS students_student_name, students.section AS students_section, students.class_name AS students_class_name, students.parent_name AS students_parent_name, students.parent_phone AS students_parent_phone, students.parent_email AS students_parent_email, students.is_active AS students_is_active, students.created_at AS students_created_at, fee_types_1.id AS fee_types_1_id, fee_types_1.school_id AS fee_types_1_school_id, fee_types_1.category_id AS fee_types_1_category_id, fee_types_1.section AS fee_types_1_section, fee_types_1.term AS fee_types_1_term, fee_types_1.amount_kobo AS fee_types_1_amount_kobo, fee_types_1.created_at AS fee_types_1_created_at, fee_records_1.id AS fee_records_1_id, fee_records_1.student_id AS fee_records_1_student_id, fee_records_1.fee_type_id AS fee_records_1_fee_type_id, fee_records_1.total_fees_kobo AS fee_records_1_total_fees_kobo, fee_records_1.amount_paid_kobo AS fee_records_1_amount_paid_kobo, fee_records_1.status AS fee_records_1_status, fee_records_1.created_at AS fee_records_1_created_at, fee_records_1.updated_at AS fee_records_1_updated_at 
FROM students LEFT OUTER JOIN fee_records AS fee_records_1 ON students.id = fee_records_1.student_id LEFT OUTER JOIN fee_types AS fee_types_1 ON fee_types_1.id = fee_records_1.fee_type_id 
WHERE students.school_id = ? AND students.is_active = 1 AND students.section = ?
2026-08-01 17:23:48,749 INFO sqlalchemy.engine.Engine [cached since 451.1s ago] (1, 'Secondary')
2026-08-01 17:23:48 | INFO     | sqlalchemy.engine.Engine | [cached since 451.1s ago] (1, 'Secondary')
INFO:     127.0.0.1:56668 - "GET /api/v1/activity/?school_id=1&limit=6 HTTP/1.1" 200 OK
2026-08-01 17:23:48,759 INFO sqlalchemy.engine.Engine ROLLBACK
2026-08-01 17:23:48 | INFO     | sqlalchemy.engine.Engine | ROLLBACK
2026-08-01 17:23:48,767 INFO sqlalchemy.engine.Engine SELECT students.id AS students_id, students.school_id AS students_school_id, students.student_name AS students_student_name, students.section AS students_section, students.class_name AS students_class_name, students.parent_name AS students_parent_name, students.parent_phone AS students_parent_phone, students.parent_email AS students_parent_email, students.is_active AS students_is_active, students.created_at AS students_created_at, fee_records_1.id AS fee_records_1_id, fee_records_1.student_id AS fee_records_1_student_id, fee_records_1.fee_type_id AS fee_records_1_fee_type_id, fee_records_1.total_fees_kobo AS fee_records_1_total_fees_kobo, fee_records_1.amount_paid_kobo AS fee_records_1_amount_paid_kobo, fee_records_1.status AS fee_records_1_status, fee_records_1.created_at AS fee_records_1_created_at, fee_records_1.updated_at AS fee_records_1_updated_at 
FROM students LEFT OUTER JOIN fee_records AS fee_records_1 ON students.id = fee_records_1.student_id 
WHERE students.school_id = ? AND students.is_active = 1
2026-08-01 17:23:48 | INFO     | sqlalchemy.engine.Engine | SELECT students.id AS students_id, students.school_id AS students_school_id, students.student_name AS students_student_name, students.section AS students_section, students.class_name AS students_class_name, students.parent_name AS students_parent_name, students.parent_phone AS students_parent_phone, students.parent_email AS students_parent_email, students.is_active AS students_is_active, students.created_at AS students_created_at, fee_records_1.id AS fee_records_1_id, fee_records_1.student_id AS fee_records_1_student_id, fee_records_1.fee_type_id AS fee_records_1_fee_type_id, fee_records_1.total_fees_kobo AS fee_records_1_total_fees_kobo, fee_records_1.amount_paid_kobo AS fee_records_1_amount_paid_kobo, fee_records_1.status AS fee_records_1_status, fee_records_1.created_at AS fee_records_1_created_at, fee_records_1.updated_at AS fee_records_1_updated_at 
FROM students LEFT OUTER JOIN fee_records AS fee_records_1 ON students.id = fee_records_1.student_id 
WHERE students.school_id = ? AND students.is_active = 1
2026-08-01 17:23:48,767 INFO sqlalchemy.engine.Engine [cached since 507.1s ago] (1,)
2026-08-01 17:23:48 | INFO     | sqlalchemy.engine.Engine | [cached since 507.1s ago] (1,)
2026-08-01 17:23:48,774 INFO sqlalchemy.engine.Engine SELECT fee_categories.id AS fee_categories_id, fee_categories.school_id AS fee_categories_school_id, fee_categories.name AS fee_categories_name, fee_categories.created_at AS fee_categories_created_at 
FROM fee_categories 
WHERE fee_categories.school_id = ? ORDER BY fee_categories.name
2026-08-01 17:23:48 | INFO     | sqlalchemy.engine.Engine | SELECT fee_categories.id AS fee_categories_id, fee_categories.school_id AS fee_categories_school_id, fee_categories.name AS fee_categories_name, fee_categories.created_at AS fee_categories_created_at 
FROM fee_categories 
WHERE fee_categories.school_id = ? ORDER BY fee_categories.name
2026-08-01 17:23:48,775 INFO sqlalchemy.engine.Engine [cached since 569.7s ago] (1,)
2026-08-01 17:23:48 | INFO     | sqlalchemy.engine.Engine | [cached since 569.7s ago] (1,)
2026-08-01 17:23:48,777 INFO sqlalchemy.engine.Engine SELECT fee_types.id AS fee_types_id, fee_types.school_id AS fee_types_school_id, fee_types.category_id AS fee_types_category_id, fee_types.section AS fee_types_section, fee_types.term AS fee_types_term, fee_types.amount_kobo AS fee_types_amount_kobo, fee_types.created_at AS fee_types_created_at 
FROM fee_types 
WHERE fee_types.category_id = ?
2026-08-01 17:23:48 | INFO     | sqlalchemy.engine.Engine | SELECT fee_types.id AS fee_types_id, fee_types.school_id AS fee_types_school_id, fee_types.category_id AS fee_types_category_id, fee_types.section AS fee_types_section, fee_types.term AS fee_types_term, fee_types.amount_kobo AS fee_types_amount_kobo, fee_types.created_at AS fee_types_created_at 
FROM fee_types 
WHERE fee_types.category_id = ?
2026-08-01 17:23:48,777 INFO sqlalchemy.engine.Engine [cached since 507.1s ago] (8,)
2026-08-01 17:23:48 | INFO     | sqlalchemy.engine.Engine | [cached since 507.1s ago] (8,)
2026-08-01 17:23:48,778 INFO sqlalchemy.engine.Engine SELECT fee_types.id AS fee_types_id, fee_types.school_id AS fee_types_school_id, fee_types.category_id AS fee_types_category_id, fee_types.section AS fee_types_section, fee_types.term AS fee_types_term, fee_types.amount_kobo AS fee_types_amount_kobo, fee_types.created_at AS fee_types_created_at 
FROM fee_types 
WHERE fee_types.category_id = ?
2026-08-01 17:23:48 | INFO     | sqlalchemy.engine.Engine | SELECT fee_types.id AS fee_types_id, fee_types.school_id AS fee_types_school_id, fee_types.category_id AS fee_types_category_id, fee_types.section AS fee_types_section, fee_types.term AS fee_types_term, fee_types.amount_kobo AS fee_types_amount_kobo, fee_types.created_at AS fee_types_created_at 
FROM fee_types 
WHERE fee_types.category_id = ?
2026-08-01 17:23:48,778 INFO sqlalchemy.engine.Engine [cached since 507.1s ago] (3,)
2026-08-01 17:23:48 | INFO     | sqlalchemy.engine.Engine | [cached since 507.1s ago] (3,)
2026-08-01 17:23:48,780 INFO sqlalchemy.engine.Engine SELECT fee_types.id AS fee_types_id, fee_types.school_id AS fee_types_school_id, fee_types.category_id AS fee_types_category_id, fee_types.section AS fee_types_section, fee_types.term AS fee_types_term, fee_types.amount_kobo AS fee_types_amount_kobo, fee_types.created_at AS fee_types_created_at 
FROM fee_types 
WHERE fee_types.category_id = ?
2026-08-01 17:23:48 | INFO     | sqlalchemy.engine.Engine | SELECT fee_types.id AS fee_types_id, fee_types.school_id AS fee_types_school_id, fee_types.category_id AS fee_types_category_id, fee_types.section AS fee_types_section, fee_types.term AS fee_types_term, fee_types.amount_kobo AS fee_types_amount_kobo, fee_types.created_at AS fee_types_created_at 
FROM fee_types 
WHERE fee_types.category_id = ?
2026-08-01 17:23:48,780 INFO sqlalchemy.engine.Engine [cached since 507.1s ago] (6,)
2026-08-01 17:23:48 | INFO     | sqlalchemy.engine.Engine | [cached since 507.1s ago] (6,)
2026-08-01 17:23:48,781 INFO sqlalchemy.engine.Engine SELECT fee_types.id AS fee_types_id, fee_types.school_id AS fee_types_school_id, fee_types.category_id AS fee_types_category_id, fee_types.section AS fee_types_section, fee_types.term AS fee_types_term, fee_types.amount_kobo AS fee_types_amount_kobo, fee_types.created_at AS fee_types_created_at 
FROM fee_types 
WHERE fee_types.category_id = ?
2026-08-01 17:23:48 | INFO     | sqlalchemy.engine.Engine | SELECT fee_types.id AS fee_types_id, fee_types.school_id AS fee_types_school_id, fee_types.category_id AS fee_types_category_id, fee_types.section AS fee_types_section, fee_types.term AS fee_types_term, fee_types.amount_kobo AS fee_types_amount_kobo, fee_types.created_at AS fee_types_created_at 
FROM fee_types 
WHERE fee_types.category_id = ?
2026-08-01 17:23:48,781 INFO sqlalchemy.engine.Engine [cached since 507.1s ago] (4,)
2026-08-01 17:23:48 | INFO     | sqlalchemy.engine.Engine | [cached since 507.1s ago] (4,)
2026-08-01 17:23:48,782 INFO sqlalchemy.engine.Engine SELECT fee_types.id AS fee_types_id, fee_types.school_id AS fee_types_school_id, fee_types.category_id AS fee_types_category_id, fee_types.section AS fee_types_section, fee_types.term AS fee_types_term, fee_types.amount_kobo AS fee_types_amount_kobo, fee_types.created_at AS fee_types_created_at 
FROM fee_types 
WHERE fee_types.category_id = ?
2026-08-01 17:23:48 | INFO     | sqlalchemy.engine.Engine | SELECT fee_types.id AS fee_types_id, fee_types.school_id AS fee_types_school_id, fee_types.category_id AS fee_types_category_id, fee_types.section AS fee_types_section, fee_types.term AS fee_types_term, fee_types.amount_kobo AS fee_types_amount_kobo, fee_types.created_at AS fee_types_created_at 
FROM fee_types 
WHERE fee_types.category_id = ?
2026-08-01 17:23:48,782 INFO sqlalchemy.engine.Engine [cached since 507.1s ago] (7,)
2026-08-01 17:23:48 | INFO     | sqlalchemy.engine.Engine | [cached since 507.1s ago] (7,)
2026-08-01 17:23:48,783 INFO sqlalchemy.engine.Engine SELECT fee_types.id AS fee_types_id, fee_types.school_id AS fee_types_school_id, fee_types.category_id AS fee_types_category_id, fee_types.section AS fee_types_section, fee_types.term AS fee_types_term, fee_types.amount_kobo AS fee_types_amount_kobo, fee_types.created_at AS fee_types_created_at 
FROM fee_types 
WHERE fee_types.category_id = ?
2026-08-01 17:23:48 | INFO     | sqlalchemy.engine.Engine | SELECT fee_types.id AS fee_types_id, fee_types.school_id AS fee_types_school_id, fee_types.category_id AS fee_types_category_id, fee_types.section AS fee_types_section, fee_types.term AS fee_types_term, fee_types.amount_kobo AS fee_types_amount_kobo, fee_types.created_at AS fee_types_created_at 
FROM fee_types 
WHERE fee_types.category_id = ?
2026-08-01 17:23:48,784 INFO sqlalchemy.engine.Engine [cached since 507.1s ago] (2,)
2026-08-01 17:23:48 | INFO     | sqlalchemy.engine.Engine | [cached since 507.1s ago] (2,)
2026-08-01 17:23:48,785 INFO sqlalchemy.engine.Engine SELECT fee_types.id AS fee_types_id, fee_types.school_id AS fee_types_school_id, fee_types.category_id AS fee_types_category_id, fee_types.section AS fee_types_section, fee_types.term AS fee_types_term, fee_types.amount_kobo AS fee_types_amount_kobo, fee_types.created_at AS fee_types_created_at 
FROM fee_types 
WHERE fee_types.category_id = ?
2026-08-01 17:23:48 | INFO     | sqlalchemy.engine.Engine | SELECT fee_types.id AS fee_types_id, fee_types.school_id AS fee_types_school_id, fee_types.category_id AS fee_types_category_id, fee_types.section AS fee_types_section, fee_types.term AS fee_types_term, fee_types.amount_kobo AS fee_types_amount_kobo, fee_types.created_at AS fee_types_created_at 
FROM fee_types 
WHERE fee_types.category_id = ?
2026-08-01 17:23:48,786 INFO sqlalchemy.engine.Engine [cached since 507.1s ago] (1,)
2026-08-01 17:23:48 | INFO     | sqlalchemy.engine.Engine | [cached since 507.1s ago] (1,)
2026-08-01 17:23:48,789 INFO sqlalchemy.engine.Engine SELECT fee_records.id AS fee_records_id, fee_records.student_id AS fee_records_student_id, fee_records.fee_type_id AS fee_records_fee_type_id, fee_records.total_fees_kobo AS fee_records_total_fees_kobo, fee_records.amount_paid_kobo AS fee_records_amount_paid_kobo, fee_records.status AS fee_records_status, fee_records.created_at AS fee_records_created_at, fee_records.updated_at AS fee_records_updated_at 
FROM fee_records 
WHERE fee_records.fee_type_id IN (?, ?)
2026-08-01 17:23:48 | INFO     | sqlalchemy.engine.Engine | SELECT fee_records.id AS fee_records_id, fee_records.student_id AS fee_records_student_id, fee_records.fee_type_id AS fee_records_fee_type_id, fee_records.total_fees_kobo AS fee_records_total_fees_kobo, fee_records.amount_paid_kobo AS fee_records_amount_paid_kobo, fee_records.status AS fee_records_status, fee_records.created_at AS fee_records_created_at, fee_records.updated_at AS fee_records_updated_at 
FROM fee_records 
WHERE fee_records.fee_type_id IN (?, ?)
2026-08-01 17:23:48,789 INFO sqlalchemy.engine.Engine [cached since 506.9s ago] (1, 3)
2026-08-01 17:23:48 | INFO     | sqlalchemy.engine.Engine | [cached since 506.9s ago] (1, 3)
2026-08-01 17:23:48,791 INFO sqlalchemy.engine.Engine SELECT fee_types.id AS fee_types_id, fee_types.school_id AS fee_types_school_id, fee_types.category_id AS fee_types_category_id, fee_types.section AS fee_types_section, fee_types.term AS fee_types_term, fee_types.amount_kobo AS fee_types_amount_kobo, fee_types.created_at AS fee_types_created_at 
FROM fee_types 
WHERE fee_types.category_id = ?
2026-08-01 17:23:48 | INFO     | sqlalchemy.engine.Engine | SELECT fee_types.id AS fee_types_id, fee_types.school_id AS fee_types_school_id, fee_types.category_id AS fee_types_category_id, fee_types.section AS fee_types_section, fee_types.term AS fee_types_term, fee_types.amount_kobo AS fee_types_amount_kobo, fee_types.created_at AS fee_types_created_at 
FROM fee_types 
WHERE fee_types.category_id = ?
2026-08-01 17:23:48,791 INFO sqlalchemy.engine.Engine [cached since 507.1s ago] (5,)
2026-08-01 17:23:48 | INFO     | sqlalchemy.engine.Engine | [cached since 507.1s ago] (5,)
INFO:     127.0.0.1:56648 - "GET /api/v1/dashboard/summary?school_id=1&section=Secondary HTTP/1.1" 200 OK
2026-08-01 17:23:48,794 INFO sqlalchemy.engine.Engine ROLLBACK
2026-08-01 17:23:48 | INFO     | sqlalchemy.engine.Engine | ROLLBACK
2026-08-01 17:23:53,782 INFO sqlalchemy.engine.Engine BEGIN (implicit)
2026-08-01 17:23:53 | INFO     | sqlalchemy.engine.Engine | BEGIN (implicit)
2026-08-01 17:23:53,783 INFO sqlalchemy.engine.Engine SELECT users.id AS users_id, users.school_id AS users_school_id, users.email AS users_email, users.hashed_password AS users_hashed_password, users.role AS users_role, users.is_active AS users_is_active, users.created_at AS users_created_at, users.last_login AS users_last_login 
FROM users 
WHERE users.id = ?
 LIMIT ? OFFSET ?
2026-08-01 17:23:53 | INFO     | sqlalchemy.engine.Engine | SELECT users.id AS users_id, users.school_id AS users_school_id, users.email AS users_email, users.hashed_password AS users_hashed_password, users.role AS users_role, users.is_active AS users_is_active, users.created_at AS users_created_at, users.last_login AS users_last_login 
FROM users 
WHERE users.id = ?
 LIMIT ? OFFSET ?
2026-08-01 17:23:53,783 INFO sqlalchemy.engine.Engine [cached since 574.7s ago] (1, 1, 0)
2026-08-01 17:23:53 | INFO     | sqlalchemy.engine.Engine | [cached since 574.7s ago] (1, 1, 0)
2026-08-01 17:23:53,916 INFO sqlalchemy.engine.Engine SELECT fee_types.id AS fee_types_id, fee_types.school_id AS fee_types_school_id, fee_types.category_id AS fee_types_category_id, fee_types.section AS fee_types_section, fee_types.term AS fee_types_term, fee_types.amount_kobo AS fee_types_amount_kobo, fee_types.created_at AS fee_types_created_at, fee_categories_1.id AS fee_categories_1_id, fee_categories_1.school_id AS fee_categories_1_school_id, fee_categories_1.name AS fee_categories_1_name, fee_categories_1.created_at AS fee_categories_1_created_at 
FROM fee_types LEFT OUTER JOIN fee_categories AS fee_categories_1 ON fee_categories_1.id = fee_types.category_id 
WHERE fee_types.school_id = ? ORDER BY fee_types.term DESC, fee_types.section
2026-08-01 17:23:53 | INFO     | sqlalchemy.engine.Engine | SELECT fee_types.id AS fee_types_id, fee_types.school_id AS fee_types_school_id, fee_types.category_id AS fee_types_category_id, fee_types.section AS fee_types_section, fee_types.term AS fee_types_term, fee_types.amount_kobo AS fee_types_amount_kobo, fee_types.created_at AS fee_types_created_at, fee_categories_1.id AS fee_categories_1_id, fee_categories_1.school_id AS fee_categories_1_school_id, fee_categories_1.name AS fee_categories_1_name, fee_categories_1.created_at AS fee_categories_1_created_at 
FROM fee_types LEFT OUTER JOIN fee_categories AS fee_categories_1 ON fee_categories_1.id = fee_types.category_id 
WHERE fee_types.school_id = ? ORDER BY fee_types.term DESC, fee_types.section
2026-08-01 17:23:53,917 INFO sqlalchemy.engine.Engine [cached since 512s ago] (1,)
2026-08-01 17:23:53 | INFO     | sqlalchemy.engine.Engine | [cached since 512s ago] (1,)
INFO:     127.0.0.1:56648 - "GET /api/v1/fees/types?school_id=1 HTTP/1.1" 200 OK
2026-08-01 17:23:53,930 INFO sqlalchemy.engine.Engine ROLLBACK
2026-08-01 17:23:53 | INFO     | sqlalchemy.engine.Engine | ROLLBACK
2026-08-01 17:25:25,821 INFO sqlalchemy.engine.Engine BEGIN (implicit)
2026-08-01 17:25:25 | INFO     | sqlalchemy.engine.Engine | BEGIN (implicit)
2026-08-01 17:25:25,822 INFO sqlalchemy.engine.Engine SELECT users.id AS users_id, users.school_id AS users_school_id, users.email AS users_email, users.hashed_password AS users_hashed_password, users.role AS users_role, users.is_active AS users_is_active, users.created_at AS users_created_at, users.last_login AS users_last_login 
FROM users 
WHERE users.id = ?
 LIMIT ? OFFSET ?
2026-08-01 17:25:25 | INFO     | sqlalchemy.engine.Engine | SELECT users.id AS users_id, users.school_id AS users_school_id, users.email AS users_email, users.hashed_password AS users_hashed_password, users.role AS users_role, users.is_active AS users_is_active, users.created_at AS users_created_at, users.last_login AS users_last_login 
FROM users 
WHERE users.id = ?
 LIMIT ? OFFSET ?
2026-08-01 17:25:25,822 INFO sqlalchemy.engine.Engine [cached since 666.7s ago] (1, 1, 0)
2026-08-01 17:25:25 | INFO     | sqlalchemy.engine.Engine | [cached since 666.7s ago] (1, 1, 0)
2026-08-01 17:25:25,835 INFO sqlalchemy.engine.Engine SELECT schools.id AS schools_id, schools.name AS schools_name, schools.slug AS schools_slug, schools.phone AS schools_phone, schools.email AS schools_email, schools.address AS schools_address, schools.is_active AS schools_is_active, schools.created_at AS schools_created_at 
FROM schools 
WHERE schools.id = ?
 LIMIT ? OFFSET ?
2026-08-01 17:25:25 | INFO     | sqlalchemy.engine.Engine | SELECT schools.id AS schools_id, schools.name AS schools_name, schools.slug AS schools_slug, schools.phone AS schools_phone, schools.email AS schools_email, schools.address AS schools_address, schools.is_active AS schools_is_active, schools.created_at AS schools_created_at 
FROM schools 
WHERE schools.id = ?
 LIMIT ? OFFSET ?
2026-08-01 17:25:25,836 INFO sqlalchemy.engine.Engine [cached since 604.2s ago] (1, 1, 0)
2026-08-01 17:25:25 | INFO     | sqlalchemy.engine.Engine | [cached since 604.2s ago] (1, 1, 0)
2026-08-01 17:25:25,886 INFO sqlalchemy.engine.Engine INSERT INTO students (school_id, student_name, section, class_name, parent_name, parent_phone, parent_email, is_active, created_at) VALUES (?, ?, ?, ?, ?, ?, ?, ?, ?)
2026-08-01 17:25:25 | INFO     | sqlalchemy.engine.Engine | INSERT INTO students (school_id, student_name, section, class_name, parent_name, parent_phone, parent_email, is_active, created_at) VALUES (?, ?, ?, ?, ?, ?, ?, ?, ?)
2026-08-01 17:25:25,887 INFO sqlalchemy.engine.Engine [generated in 0.00712s] (1, 'kuyik', 'Secondary', 'jss2', 'mrs john', '+2348181724911', 'ubongabasijohn9@gmail.com', 1, '2026-08-01 16:25:25.883000')
2026-08-01 17:25:25 | INFO     | sqlalchemy.engine.Engine | [generated in 0.00712s] (1, 'kuyik', 'Secondary', 'jss2', 'mrs john', '+2348181724911', 'ubongabasijohn9@gmail.com', 1, '2026-08-01 16:25:25.883000')
2026-08-01 17:25:25,897 INFO sqlalchemy.engine.Engine COMMIT
2026-08-01 17:25:25 | INFO     | sqlalchemy.engine.Engine | COMMIT
2026-08-01 17:25:26,024 INFO sqlalchemy.engine.Engine BEGIN (implicit)
2026-08-01 17:25:26 | INFO     | sqlalchemy.engine.Engine | BEGIN (implicit)
2026-08-01 17:25:26,030 INFO sqlalchemy.engine.Engine SELECT students.id, students.school_id, students.student_name, students.section, students.class_name, students.parent_name, students.parent_phone, students.parent_email, students.is_active, students.created_at 
FROM students 
WHERE students.id = ?
2026-08-01 17:25:26 | INFO     | sqlalchemy.engine.Engine | SELECT students.id, students.school_id, students.student_name, students.section, students.class_name, students.parent_name, students.parent_phone, students.parent_email, students.is_active, students.created_at 
FROM students 
WHERE students.id = ?
2026-08-01 17:25:26,031 INFO sqlalchemy.engine.Engine [generated in 0.00200s] (4,)
2026-08-01 17:25:26 | INFO     | sqlalchemy.engine.Engine | [generated in 0.00200s] (4,)
2026-08-01 17:25:26 | INFO     | app.routers.students | Student created: kuyik (id=4)
INFO:     127.0.0.1:56804 - "POST /api/v1/students/ HTTP/1.1" 201 Created
2026-08-01 17:25:26,164 INFO sqlalchemy.engine.Engine ROLLBACK
2026-08-01 17:25:26 | INFO     | sqlalchemy.engine.Engine | ROLLBACK
2026-08-01 17:25:26,297 INFO sqlalchemy.engine.Engine BEGIN (implicit)
2026-08-01 17:25:26 | INFO     | sqlalchemy.engine.Engine | BEGIN (implicit)
2026-08-01 17:25:26,298 INFO sqlalchemy.engine.Engine SELECT users.id AS users_id, users.school_id AS users_school_id, users.email AS users_email, users.hashed_password AS users_hashed_password, users.role AS users_role, users.is_active AS users_is_active, users.created_at AS users_created_at, users.last_login AS users_last_login 
FROM users 
WHERE users.id = ?
 LIMIT ? OFFSET ?
2026-08-01 17:25:26 | INFO     | sqlalchemy.engine.Engine | SELECT users.id AS users_id, users.school_id AS users_school_id, users.email AS users_email, users.hashed_password AS users_hashed_password, users.role AS users_role, users.is_active AS users_is_active, users.created_at AS users_created_at, users.last_login AS users_last_login 
FROM users 
WHERE users.id = ?
 LIMIT ? OFFSET ?
2026-08-01 17:25:26,299 INFO sqlalchemy.engine.Engine [cached since 667.2s ago] (1, 1, 0)
2026-08-01 17:25:26 | INFO     | sqlalchemy.engine.Engine | [cached since 667.2s ago] (1, 1, 0)
2026-08-01 17:25:26,403 INFO sqlalchemy.engine.Engine SELECT students.id AS students_id, students.school_id AS students_school_id, students.student_name AS students_student_name, students.section AS students_section, students.class_name AS students_class_name, students.parent_name AS students_parent_name, students.parent_phone AS students_parent_phone, students.parent_email AS students_parent_email, students.is_active AS students_is_active, students.created_at AS students_created_at 
FROM students 
WHERE students.id = ?
 LIMIT ? OFFSET ?
2026-08-01 17:25:26 | INFO     | sqlalchemy.engine.Engine | SELECT students.id AS students_id, students.school_id AS students_school_id, students.student_name AS students_student_name, students.section AS students_section, students.class_name AS students_class_name, students.parent_name AS students_parent_name, students.parent_phone AS students_parent_phone, students.parent_email AS students_parent_email, students.is_active AS students_is_active, students.created_at AS students_created_at 
FROM students 
WHERE students.id = ?
 LIMIT ? OFFSET ?
2026-08-01 17:25:26,404 INFO sqlalchemy.engine.Engine [generated in 0.00125s] (4, 1, 0)
2026-08-01 17:25:26 | INFO     | sqlalchemy.engine.Engine | [generated in 0.00125s] (4, 1, 0)
2026-08-01 17:25:26,410 INFO sqlalchemy.engine.Engine SELECT fee_types.id AS fee_types_id, fee_types.school_id AS fee_types_school_id, fee_types.category_id AS fee_types_category_id, fee_types.section AS fee_types_section, fee_types.term AS fee_types_term, fee_types.amount_kobo AS fee_types_amount_kobo, fee_types.created_at AS fee_types_created_at 
FROM fee_types 
WHERE fee_types.id = ?
 LIMIT ? OFFSET ?
2026-08-01 17:25:26 | INFO     | sqlalchemy.engine.Engine | SELECT fee_types.id AS fee_types_id, fee_types.school_id AS fee_types_school_id, fee_types.category_id AS fee_types_category_id, fee_types.section AS fee_types_section, fee_types.term AS fee_types_term, fee_types.amount_kobo AS fee_types_amount_kobo, fee_types.created_at AS fee_types_created_at 
FROM fee_types 
WHERE fee_types.id = ?
 LIMIT ? OFFSET ?
2026-08-01 17:25:26,411 INFO sqlalchemy.engine.Engine [cached since 122.2s ago] (3, 1, 0)
2026-08-01 17:25:26 | INFO     | sqlalchemy.engine.Engine | [cached since 122.2s ago] (3, 1, 0)
2026-08-01 17:25:26,417 INFO sqlalchemy.engine.Engine SELECT fee_records.id AS fee_records_id, fee_records.student_id AS fee_records_student_id, fee_records.fee_type_id AS fee_records_fee_type_id, fee_records.total_fees_kobo AS fee_records_total_fees_kobo, fee_records.amount_paid_kobo AS fee_records_amount_paid_kobo, fee_records.status AS fee_records_status, fee_records.created_at AS fee_records_created_at, fee_records.updated_at AS fee_records_updated_at 
FROM fee_records 
WHERE fee_records.student_id = ? AND fee_records.fee_type_id = ?
 LIMIT ? OFFSET ?
2026-08-01 17:25:26 | INFO     | sqlalchemy.engine.Engine | SELECT fee_records.id AS fee_records_id, fee_records.student_id AS fee_records_student_id, fee_records.fee_type_id AS fee_records_fee_type_id, fee_records.total_fees_kobo AS fee_records_total_fees_kobo, fee_records.amount_paid_kobo AS fee_records_amount_paid_kobo, fee_records.status AS fee_records_status, fee_records.created_at AS fee_records_created_at, fee_records.updated_at AS fee_records_updated_at 
FROM fee_records 
WHERE fee_records.student_id = ? AND fee_records.fee_type_id = ?
 LIMIT ? OFFSET ?
2026-08-01 17:25:26,418 INFO sqlalchemy.engine.Engine [generated in 0.00079s] (4, 3, 1, 0)
2026-08-01 17:25:26 | INFO     | sqlalchemy.engine.Engine | [generated in 0.00079s] (4, 3, 1, 0)
2026-08-01 17:25:26,535 INFO sqlalchemy.engine.Engine INSERT INTO fee_records (student_id, fee_type_id, total_fees_kobo, amount_paid_kobo, status, created_at, updated_at) VALUES (?, ?, ?, ?, ?, ?, ?)
2026-08-01 17:25:26 | INFO     | sqlalchemy.engine.Engine | INSERT INTO fee_records (student_id, fee_type_id, total_fees_kobo, amount_paid_kobo, status, created_at, updated_at) VALUES (?, ?, ?, ?, ?, ?, ?)
2026-08-01 17:25:26,536 INFO sqlalchemy.engine.Engine [generated in 0.00148s] (4, 3, 10000000, 0, 'unpaid', '2026-08-01 16:25:26.535523', '2026-08-01 16:25:26.535541')
2026-08-01 17:25:26 | INFO     | sqlalchemy.engine.Engine | [generated in 0.00148s] (4, 3, 10000000, 0, 'unpaid', '2026-08-01 16:25:26.535523', '2026-08-01 16:25:26.535541')
2026-08-01 17:25:26,547 INFO sqlalchemy.engine.Engine COMMIT
2026-08-01 17:25:26 | INFO     | sqlalchemy.engine.Engine | COMMIT
2026-08-01 17:25:26,669 INFO sqlalchemy.engine.Engine BEGIN (implicit)
2026-08-01 17:25:26 | INFO     | sqlalchemy.engine.Engine | BEGIN (implicit)
2026-08-01 17:25:26,671 INFO sqlalchemy.engine.Engine SELECT fee_records.id, fee_records.student_id, fee_records.fee_type_id, fee_records.total_fees_kobo, fee_records.amount_paid_kobo, fee_records.status, fee_records.created_at, fee_records.updated_at 
FROM fee_records 
WHERE fee_records.id = ?
2026-08-01 17:25:26 | INFO     | sqlalchemy.engine.Engine | SELECT fee_records.id, fee_records.student_id, fee_records.fee_type_id, fee_records.total_fees_kobo, fee_records.amount_paid_kobo, fee_records.status, fee_records.created_at, fee_records.updated_at 
FROM fee_records 
WHERE fee_records.id = ?
2026-08-01 17:25:26,672 INFO sqlalchemy.engine.Engine [generated in 0.00045s] (3,)
2026-08-01 17:25:26 | INFO     | sqlalchemy.engine.Engine | [generated in 0.00045s] (3,)
2026-08-01 17:25:26,677 INFO sqlalchemy.engine.Engine SELECT fee_types.id AS fee_types_id, fee_types.school_id AS fee_types_school_id, fee_types.category_id AS fee_types_category_id, fee_types.section AS fee_types_section, fee_types.term AS fee_types_term, fee_types.amount_kobo AS fee_types_amount_kobo, fee_types.created_at AS fee_types_created_at 
FROM fee_types 
WHERE fee_types.id = ?
2026-08-01 17:25:26 | INFO     | sqlalchemy.engine.Engine | SELECT fee_types.id AS fee_types_id, fee_types.school_id AS fee_types_school_id, fee_types.category_id AS fee_types_category_id, fee_types.section AS fee_types_section, fee_types.term AS fee_types_term, fee_types.amount_kobo AS fee_types_amount_kobo, fee_types.created_at AS fee_types_created_at 
FROM fee_types 
WHERE fee_types.id = ?
2026-08-01 17:25:26,678 INFO sqlalchemy.engine.Engine [generated in 0.00079s] (3,)
2026-08-01 17:25:26 | INFO     | sqlalchemy.engine.Engine | [generated in 0.00079s] (3,)
2026-08-01 17:25:26,683 INFO sqlalchemy.engine.Engine SELECT fee_categories.id AS fee_categories_id, fee_categories.school_id AS fee_categories_school_id, fee_categories.name AS fee_categories_name, fee_categories.created_at AS fee_categories_created_at 
FROM fee_categories 
WHERE fee_categories.id = ?
2026-08-01 17:25:26 | INFO     | sqlalchemy.engine.Engine | SELECT fee_categories.id AS fee_categories_id, fee_categories.school_id AS fee_categories_school_id, fee_categories.name AS fee_categories_name, fee_categories.created_at AS fee_categories_created_at 
FROM fee_categories 
WHERE fee_categories.id = ?
2026-08-01 17:25:26,684 INFO sqlalchemy.engine.Engine [generated in 0.00051s] (1,)
2026-08-01 17:25:26 | INFO     | sqlalchemy.engine.Engine | [generated in 0.00051s] (1,)
2026-08-01 17:25:26,688 INFO sqlalchemy.engine.Engine SELECT students.id AS students_id, students.school_id AS students_school_id, students.student_name AS students_student_name, students.section AS students_section, students.class_name AS students_class_name, students.parent_name AS students_parent_name, students.parent_phone AS students_parent_phone, students.parent_email AS students_parent_email, students.is_active AS students_is_active, students.created_at AS students_created_at 
FROM students 
WHERE students.id = ?
2026-08-01 17:25:26 | INFO     | sqlalchemy.engine.Engine | SELECT students.id AS students_id, students.school_id AS students_school_id, students.student_name AS students_student_name, students.section AS students_section, students.class_name AS students_class_name, students.parent_name AS students_parent_name, students.parent_phone AS students_parent_phone, students.parent_email AS students_parent_email, students.is_active AS students_is_active, students.created_at AS students_created_at 
FROM students 
WHERE students.id = ?
2026-08-01 17:25:26,689 INFO sqlalchemy.engine.Engine [generated in 0.00076s] (4,)
2026-08-01 17:25:26 | INFO     | sqlalchemy.engine.Engine | [generated in 0.00076s] (4,)
2026-08-01 17:25:26 | INFO     | app.routers.fees | Fee assigned: Tuition Fee \u2192 kuyik (\u20a6100,000.00)
INFO:     127.0.0.1:56804 - "POST /api/v1/fees/records HTTP/1.1" 201 Created
2026-08-01 17:25:26,702 INFO sqlalchemy.engine.Engine ROLLBACK
2026-08-01 17:25:26 | INFO     | sqlalchemy.engine.Engine | ROLLBACK
2026-08-01 17:25:26,718 INFO sqlalchemy.engine.Engine BEGIN (implicit)
2026-08-01 17:25:26 | INFO     | sqlalchemy.engine.Engine | BEGIN (implicit)
2026-08-01 17:25:26,719 INFO sqlalchemy.engine.Engine SELECT users.id AS users_id, users.school_id AS users_school_id, users.email AS users_email, users.hashed_password AS users_hashed_password, users.role AS users_role, users.is_active AS users_is_active, users.created_at AS users_created_at, users.last_login AS users_last_login 
FROM users 
WHERE users.id = ?
 LIMIT ? OFFSET ?
2026-08-01 17:25:26 | INFO     | sqlalchemy.engine.Engine | SELECT users.id AS users_id, users.school_id AS users_school_id, users.email AS users_email, users.hashed_password AS users_hashed_password, users.role AS users_role, users.is_active AS users_is_active, users.created_at AS users_created_at, users.last_login AS users_last_login 
FROM users 
WHERE users.id = ?
 LIMIT ? OFFSET ?
2026-08-01 17:25:26,719 INFO sqlalchemy.engine.Engine [cached since 667.6s ago] (1, 1, 0)
2026-08-01 17:25:26 | INFO     | sqlalchemy.engine.Engine | [cached since 667.6s ago] (1, 1, 0)
2026-08-01 17:25:26,729 INFO sqlalchemy.engine.Engine SELECT schools.id AS schools_id, schools.name AS schools_name, schools.slug AS schools_slug, schools.phone AS schools_phone, schools.email AS schools_email, schools.address AS schools_address, schools.is_active AS schools_is_active, schools.created_at AS schools_created_at 
FROM schools 
WHERE schools.id = ?
 LIMIT ? OFFSET ?
2026-08-01 17:25:26 | INFO     | sqlalchemy.engine.Engine | SELECT schools.id AS schools_id, schools.name AS schools_name, schools.slug AS schools_slug, schools.phone AS schools_phone, schools.email AS schools_email, schools.address AS schools_address, schools.is_active AS schools_is_active, schools.created_at AS schools_created_at 
FROM schools 
WHERE schools.id = ?
 LIMIT ? OFFSET ?
2026-08-01 17:25:26,730 INFO sqlalchemy.engine.Engine [cached since 605.1s ago] (1, 1, 0)
2026-08-01 17:25:26 | INFO     | sqlalchemy.engine.Engine | [cached since 605.1s ago] (1, 1, 0)
2026-08-01 17:25:26,732 INFO sqlalchemy.engine.Engine SELECT students.id AS students_id, students.school_id AS students_school_id, students.student_name AS students_student_name, students.section AS students_section, students.class_name AS students_class_name, students.parent_name AS students_parent_name, students.parent_phone AS students_parent_phone, students.parent_email AS students_parent_email, students.is_active AS students_is_active, students.created_at AS students_created_at, fee_records_1.id AS fee_records_1_id, fee_records_1.student_id AS fee_records_1_student_id, fee_records_1.fee_type_id AS fee_records_1_fee_type_id, fee_records_1.total_fees_kobo AS fee_records_1_total_fees_kobo, fee_records_1.amount_paid_kobo AS fee_records_1_amount_paid_kobo, fee_records_1.status AS fee_records_1_status, fee_records_1.created_at AS fee_records_1_created_at, fee_records_1.updated_at AS fee_records_1_updated_at 
FROM students LEFT OUTER JOIN fee_records AS fee_records_1 ON students.id = fee_records_1.student_id 
WHERE students.school_id = ? AND students.is_active = 1 ORDER BY students.student_name
2026-08-01 17:25:26 | INFO     | sqlalchemy.engine.Engine | SELECT students.id AS students_id, students.school_id AS students_school_id, students.student_name AS students_student_name, students.section AS students_section, students.class_name AS students_class_name, students.parent_name AS students_parent_name, students.parent_phone AS students_parent_phone, students.parent_email AS students_parent_email, students.is_active AS students_is_active, students.created_at AS students_created_at, fee_records_1.id AS fee_records_1_id, fee_records_1.student_id AS fee_records_1_student_id, fee_records_1.fee_type_id AS fee_records_1_fee_type_id, fee_records_1.total_fees_kobo AS fee_records_1_total_fees_kobo, fee_records_1.amount_paid_kobo AS fee_records_1_amount_paid_kobo, fee_records_1.status AS fee_records_1_status, fee_records_1.created_at AS fee_records_1_created_at, fee_records_1.updated_at AS fee_records_1_updated_at 
FROM students LEFT OUTER JOIN fee_records AS fee_records_1 ON students.id = fee_records_1.student_id 
WHERE students.school_id = ? AND students.is_active = 1 ORDER BY students.student_name
2026-08-01 17:25:26,733 INFO sqlalchemy.engine.Engine [cached since 605.1s ago] (1,)
2026-08-01 17:25:26 | INFO     | sqlalchemy.engine.Engine | [cached since 605.1s ago] (1,)
INFO:     127.0.0.1:56804 - "GET /api/v1/dashboard/students?school_id=1 HTTP/1.1" 200 OK
2026-08-01 17:25:26,736 INFO sqlalchemy.engine.Engine ROLLBACK
2026-08-01 17:25:26 | INFO     | sqlalchemy.engine.Engine | ROLLBACK
INFO:     127.0.0.1:56805 - "GET / HTTP/1.1" 304 Not Modified
INFO:     127.0.0.1:56805 - "GET /app.js HTTP/1.1" 304 Not Modified
2026-08-01 17:25:41,013 INFO sqlalchemy.engine.Engine BEGIN (implicit)
2026-08-01 17:25:41 | INFO     | sqlalchemy.engine.Engine | BEGIN (implicit)
2026-08-01 17:25:41,014 INFO sqlalchemy.engine.Engine SELECT users.id AS users_id, users.school_id AS users_school_id, users.email AS users_email, users.hashed_password AS users_hashed_password, users.role AS users_role, users.is_active AS users_is_active, users.created_at AS users_created_at, users.last_login AS users_last_login 
FROM users 
WHERE users.id = ?
 LIMIT ? OFFSET ?
2026-08-01 17:25:41 | INFO     | sqlalchemy.engine.Engine | SELECT users.id AS users_id, users.school_id AS users_school_id, users.email AS users_email, users.hashed_password AS users_hashed_password, users.role AS users_role, users.is_active AS users_is_active, users.created_at AS users_created_at, users.last_login AS users_last_login 
FROM users 
WHERE users.id = ?
 LIMIT ? OFFSET ?
2026-08-01 17:25:41,014 INFO sqlalchemy.engine.Engine [cached since 681.9s ago] (1, 1, 0)
2026-08-01 17:25:41 | INFO     | sqlalchemy.engine.Engine | [cached since 681.9s ago] (1, 1, 0)
INFO:     127.0.0.1:56805 - "GET /api/v1/auth/me HTTP/1.1" 200 OK
2026-08-01 17:25:41,022 INFO sqlalchemy.engine.Engine ROLLBACK
2026-08-01 17:25:41 | INFO     | sqlalchemy.engine.Engine | ROLLBACK
2026-08-01 17:25:41,324 INFO sqlalchemy.engine.Engine BEGIN (implicit)
2026-08-01 17:25:41 | INFO     | sqlalchemy.engine.Engine | BEGIN (implicit)
2026-08-01 17:25:41,325 INFO sqlalchemy.engine.Engine SELECT users.id AS users_id, users.school_id AS users_school_id, users.email AS users_email, users.hashed_password AS users_hashed_password, users.role AS users_role, users.is_active AS users_is_active, users.created_at AS users_created_at, users.last_login AS users_last_login 
FROM users 
WHERE users.id = ?
 LIMIT ? OFFSET ?
2026-08-01 17:25:41 | INFO     | sqlalchemy.engine.Engine | SELECT users.id AS users_id, users.school_id AS users_school_id, users.email AS users_email, users.hashed_password AS users_hashed_password, users.role AS users_role, users.is_active AS users_is_active, users.created_at AS users_created_at, users.last_login AS users_last_login 
FROM users 
WHERE users.id = ?
 LIMIT ? OFFSET ?
2026-08-01 17:25:41,326 INFO sqlalchemy.engine.Engine [cached since 682.2s ago] (1, 1, 0)
2026-08-01 17:25:41 | INFO     | sqlalchemy.engine.Engine | [cached since 682.2s ago] (1, 1, 0)
2026-08-01 17:25:41,328 INFO sqlalchemy.engine.Engine BEGIN (implicit)
2026-08-01 17:25:41 | INFO     | sqlalchemy.engine.Engine | BEGIN (implicit)
2026-08-01 17:25:41,328 INFO sqlalchemy.engine.Engine SELECT users.id AS users_id, users.school_id AS users_school_id, users.email AS users_email, users.hashed_password AS users_hashed_password, users.role AS users_role, users.is_active AS users_is_active, users.created_at AS users_created_at, users.last_login AS users_last_login 
FROM users 
WHERE users.id = ?
 LIMIT ? OFFSET ?
2026-08-01 17:25:41 | INFO     | sqlalchemy.engine.Engine | SELECT users.id AS users_id, users.school_id AS users_school_id, users.email AS users_email, users.hashed_password AS users_hashed_password, users.role AS users_role, users.is_active AS users_is_active, users.created_at AS users_created_at, users.last_login AS users_last_login 
FROM users 
WHERE users.id = ?
 LIMIT ? OFFSET ?
2026-08-01 17:25:41,331 INFO sqlalchemy.engine.Engine [cached since 682.2s ago] (1, 1, 0)
2026-08-01 17:25:41 | INFO     | sqlalchemy.engine.Engine | [cached since 682.2s ago] (1, 1, 0)
2026-08-01 17:25:41,332 INFO sqlalchemy.engine.Engine SELECT schools.id AS schools_id, schools.name AS schools_name, schools.slug AS schools_slug, schools.phone AS schools_phone, schools.email AS schools_email, schools.address AS schools_address, schools.is_active AS schools_is_active, schools.created_at AS schools_created_at 
FROM schools 
WHERE schools.id = ?
 LIMIT ? OFFSET ?
2026-08-01 17:25:41 | INFO     | sqlalchemy.engine.Engine | SELECT schools.id AS schools_id, schools.name AS schools_name, schools.slug AS schools_slug, schools.phone AS schools_phone, schools.email AS schools_email, schools.address AS schools_address, schools.is_active AS schools_is_active, schools.created_at AS schools_created_at 
FROM schools 
WHERE schools.id = ?
 LIMIT ? OFFSET ?
2026-08-01 17:25:41,333 INFO sqlalchemy.engine.Engine [cached since 619.7s ago] (1, 1, 0)
2026-08-01 17:25:41 | INFO     | sqlalchemy.engine.Engine | [cached since 619.7s ago] (1, 1, 0)
2026-08-01 17:25:41,336 INFO sqlalchemy.engine.Engine SELECT activity_logs.id AS activity_logs_id, activity_logs.school_id AS activity_logs_school_id, activity_logs.student_id AS activity_logs_student_id, activity_logs.action AS activity_logs_action, activity_logs.description AS activity_logs_description, activity_logs.created_at AS activity_logs_created_at 
FROM activity_logs 
WHERE activity_logs.school_id = ? ORDER BY activity_logs.created_at DESC
 LIMIT ? OFFSET ?
2026-08-01 17:25:41 | INFO     | sqlalchemy.engine.Engine | SELECT activity_logs.id AS activity_logs_id, activity_logs.school_id AS activity_logs_school_id, activity_logs.student_id AS activity_logs_student_id, activity_logs.action AS activity_logs_action, activity_logs.description AS activity_logs_description, activity_logs.created_at AS activity_logs_created_at 
FROM activity_logs 
WHERE activity_logs.school_id = ? ORDER BY activity_logs.created_at DESC
 LIMIT ? OFFSET ?
2026-08-01 17:25:41,339 INFO sqlalchemy.engine.Engine [cached since 619.6s ago] (1, 6, 0)
2026-08-01 17:25:41 | INFO     | sqlalchemy.engine.Engine | [cached since 619.6s ago] (1, 6, 0)
2026-08-01 17:25:41,341 INFO sqlalchemy.engine.Engine SELECT students.id AS students_id, students.school_id AS students_school_id, students.student_name AS students_student_name, students.section AS students_section, students.class_name AS students_class_name, students.parent_name AS students_parent_name, students.parent_phone AS students_parent_phone, students.parent_email AS students_parent_email, students.is_active AS students_is_active, students.created_at AS students_created_at, fee_types_1.id AS fee_types_1_id, fee_types_1.school_id AS fee_types_1_school_id, fee_types_1.category_id AS fee_types_1_category_id, fee_types_1.section AS fee_types_1_section, fee_types_1.term AS fee_types_1_term, fee_types_1.amount_kobo AS fee_types_1_amount_kobo, fee_types_1.created_at AS fee_types_1_created_at, fee_records_1.id AS fee_records_1_id, fee_records_1.student_id AS fee_records_1_student_id, fee_records_1.fee_type_id AS fee_records_1_fee_type_id, fee_records_1.total_fees_kobo AS fee_records_1_total_fees_kobo, fee_records_1.amount_paid_kobo AS fee_records_1_amount_paid_kobo, fee_records_1.status AS fee_records_1_status, fee_records_1.created_at AS fee_records_1_created_at, fee_records_1.updated_at AS fee_records_1_updated_at 
FROM students LEFT OUTER JOIN fee_records AS fee_records_1 ON students.id = fee_records_1.student_id LEFT OUTER JOIN fee_types AS fee_types_1 ON fee_types_1.id = fee_records_1.fee_type_id 
WHERE students.school_id = ? AND students.is_active = 1
2026-08-01 17:25:41 | INFO     | sqlalchemy.engine.Engine | SELECT students.id AS students_id, students.school_id AS students_school_id, students.student_name AS students_student_name, students.section AS students_section, students.class_name AS students_class_name, students.parent_name AS students_parent_name, students.parent_phone AS students_parent_phone, students.parent_email AS students_parent_email, students.is_active AS students_is_active, students.created_at AS students_created_at, fee_types_1.id AS fee_types_1_id, fee_types_1.school_id AS fee_types_1_school_id, fee_types_1.category_id AS fee_types_1_category_id, fee_types_1.section AS fee_types_1_section, fee_types_1.term AS fee_types_1_term, fee_types_1.amount_kobo AS fee_types_1_amount_kobo, fee_types_1.created_at AS fee_types_1_created_at, fee_records_1.id AS fee_records_1_id, fee_records_1.student_id AS fee_records_1_student_id, fee_records_1.fee_type_id AS fee_records_1_fee_type_id, fee_records_1.total_fees_kobo AS fee_records_1_total_fees_kobo, fee_records_1.amount_paid_kobo AS fee_records_1_amount_paid_kobo, fee_records_1.status AS fee_records_1_status, fee_records_1.created_at AS fee_records_1_created_at, fee_records_1.updated_at AS fee_records_1_updated_at 
FROM students LEFT OUTER JOIN fee_records AS fee_records_1 ON students.id = fee_records_1.student_id LEFT OUTER JOIN fee_types AS fee_types_1 ON fee_types_1.id = fee_records_1.fee_type_id 
WHERE students.school_id = ? AND students.is_active = 1
2026-08-01 17:25:41,342 INFO sqlalchemy.engine.Engine [cached since 619.7s ago] (1,)
2026-08-01 17:25:41 | INFO     | sqlalchemy.engine.Engine | [cached since 619.7s ago] (1,)
INFO:     127.0.0.1:56824 - "GET /api/v1/activity/?school_id=1&limit=6 HTTP/1.1" 200 OK
2026-08-01 17:25:41,346 INFO sqlalchemy.engine.Engine ROLLBACK
2026-08-01 17:25:41 | INFO     | sqlalchemy.engine.Engine | ROLLBACK
2026-08-01 17:25:41,349 INFO sqlalchemy.engine.Engine SELECT students.id AS students_id, students.school_id AS students_school_id, students.student_name AS students_student_name, students.section AS students_section, students.class_name AS students_class_name, students.parent_name AS students_parent_name, students.parent_phone AS students_parent_phone, students.parent_email AS students_parent_email, students.is_active AS students_is_active, students.created_at AS students_created_at, fee_records_1.id AS fee_records_1_id, fee_records_1.student_id AS fee_records_1_student_id, fee_records_1.fee_type_id AS fee_records_1_fee_type_id, fee_records_1.total_fees_kobo AS fee_records_1_total_fees_kobo, fee_records_1.amount_paid_kobo AS fee_records_1_amount_paid_kobo, fee_records_1.status AS fee_records_1_status, fee_records_1.created_at AS fee_records_1_created_at, fee_records_1.updated_at AS fee_records_1_updated_at 
FROM students LEFT OUTER JOIN fee_records AS fee_records_1 ON students.id = fee_records_1.student_id 
WHERE students.school_id = ? AND students.is_active = 1
2026-08-01 17:25:41 | INFO     | sqlalchemy.engine.Engine | SELECT students.id AS students_id, students.school_id AS students_school_id, students.student_name AS students_student_name, students.section AS students_section, students.class_name AS students_class_name, students.parent_name AS students_parent_name, students.parent_phone AS students_parent_phone, students.parent_email AS students_parent_email, students.is_active AS students_is_active, students.created_at AS students_created_at, fee_records_1.id AS fee_records_1_id, fee_records_1.student_id AS fee_records_1_student_id, fee_records_1.fee_type_id AS fee_records_1_fee_type_id, fee_records_1.total_fees_kobo AS fee_records_1_total_fees_kobo, fee_records_1.amount_paid_kobo AS fee_records_1_amount_paid_kobo, fee_records_1.status AS fee_records_1_status, fee_records_1.created_at AS fee_records_1_created_at, fee_records_1.updated_at AS fee_records_1_updated_at 
FROM students LEFT OUTER JOIN fee_records AS fee_records_1 ON students.id = fee_records_1.student_id 
WHERE students.school_id = ? AND students.is_active = 1
2026-08-01 17:25:41,352 INFO sqlalchemy.engine.Engine [cached since 619.7s ago] (1,)
2026-08-01 17:25:41 | INFO     | sqlalchemy.engine.Engine | [cached since 619.7s ago] (1,)
2026-08-01 17:25:41,358 INFO sqlalchemy.engine.Engine SELECT fee_categories.id AS fee_categories_id, fee_categories.school_id AS fee_categories_school_id, fee_categories.name AS fee_categories_name, fee_categories.created_at AS fee_categories_created_at 
FROM fee_categories 
WHERE fee_categories.school_id = ? ORDER BY fee_categories.name
2026-08-01 17:25:41 | INFO     | sqlalchemy.engine.Engine | SELECT fee_categories.id AS fee_categories_id, fee_categories.school_id AS fee_categories_school_id, fee_categories.name AS fee_categories_name, fee_categories.created_at AS fee_categories_created_at 
FROM fee_categories 
WHERE fee_categories.school_id = ? ORDER BY fee_categories.name
2026-08-01 17:25:41,359 INFO sqlalchemy.engine.Engine BEGIN (implicit)
2026-08-01 17:25:41 | INFO     | sqlalchemy.engine.Engine | BEGIN (implicit)
2026-08-01 17:25:41,361 INFO sqlalchemy.engine.Engine SELECT users.id AS users_id, users.school_id AS users_school_id, users.email AS users_email, users.hashed_password AS users_hashed_password, users.role AS users_role, users.is_active AS users_is_active, users.created_at AS users_created_at, users.last_login AS users_last_login 
FROM users 
WHERE users.id = ?
 LIMIT ? OFFSET ?
2026-08-01 17:25:41 | INFO     | sqlalchemy.engine.Engine | SELECT users.id AS users_id, users.school_id AS users_school_id, users.email AS users_email, users.hashed_password AS users_hashed_password, users.role AS users_role, users.is_active AS users_is_active, users.created_at AS users_created_at, users.last_login AS users_last_login 
FROM users 
WHERE users.id = ?
 LIMIT ? OFFSET ?
2026-08-01 17:25:41,360 INFO sqlalchemy.engine.Engine [cached since 682.3s ago] (1,)
2026-08-01 17:25:41 | INFO     | sqlalchemy.engine.Engine | [cached since 682.3s ago] (1,)
2026-08-01 17:25:41,365 INFO sqlalchemy.engine.Engine SELECT fee_types.id AS fee_types_id, fee_types.school_id AS fee_types_school_id, fee_types.category_id AS fee_types_category_id, fee_types.section AS fee_types_section, fee_types.term AS fee_types_term, fee_types.amount_kobo AS fee_types_amount_kobo, fee_types.created_at AS fee_types_created_at 
FROM fee_types 
WHERE fee_types.category_id = ?
2026-08-01 17:25:41 | INFO     | sqlalchemy.engine.Engine | SELECT fee_types.id AS fee_types_id, fee_types.school_id AS fee_types_school_id, fee_types.category_id AS fee_types_category_id, fee_types.section AS fee_types_section, fee_types.term AS fee_types_term, fee_types.amount_kobo AS fee_types_amount_kobo, fee_types.created_at AS fee_types_created_at 
FROM fee_types 
WHERE fee_types.category_id = ?
2026-08-01 17:25:41,362 INFO sqlalchemy.engine.Engine [cached since 682.3s ago] (1, 1, 0)
2026-08-01 17:25:41,365 INFO sqlalchemy.engine.Engine [cached since 619.7s ago] (8,)
2026-08-01 17:25:41 | INFO     | sqlalchemy.engine.Engine | [cached since 682.3s ago] (1, 1, 0)
2026-08-01 17:25:41 | INFO     | sqlalchemy.engine.Engine | [cached since 619.7s ago] (8,)
2026-08-01 17:25:41,367 INFO sqlalchemy.engine.Engine SELECT fee_types.id AS fee_types_id, fee_types.school_id AS fee_types_school_id, fee_types.category_id AS fee_types_category_id, fee_types.section AS fee_types_section, fee_types.term AS fee_types_term, fee_types.amount_kobo AS fee_types_amount_kobo, fee_types.created_at AS fee_types_created_at 
FROM fee_types 
WHERE fee_types.category_id = ?
2026-08-01 17:25:41 | INFO     | sqlalchemy.engine.Engine | SELECT fee_types.id AS fee_types_id, fee_types.school_id AS fee_types_school_id, fee_types.category_id AS fee_types_category_id, fee_types.section AS fee_types_section, fee_types.term AS fee_types_term, fee_types.amount_kobo AS fee_types_amount_kobo, fee_types.created_at AS fee_types_created_at 
FROM fee_types 
WHERE fee_types.category_id = ?
2026-08-01 17:25:41,367 INFO sqlalchemy.engine.Engine [cached since 619.7s ago] (3,)
2026-08-01 17:25:41 | INFO     | sqlalchemy.engine.Engine | [cached since 619.7s ago] (3,)
2026-08-01 17:25:41,369 INFO sqlalchemy.engine.Engine SELECT fee_types.id AS fee_types_id, fee_types.school_id AS fee_types_school_id, fee_types.category_id AS fee_types_category_id, fee_types.section AS fee_types_section, fee_types.term AS fee_types_term, fee_types.amount_kobo AS fee_types_amount_kobo, fee_types.created_at AS fee_types_created_at 
FROM fee_types 
WHERE fee_types.category_id = ?
2026-08-01 17:25:41 | INFO     | sqlalchemy.engine.Engine | SELECT fee_types.id AS fee_types_id, fee_types.school_id AS fee_types_school_id, fee_types.category_id AS fee_types_category_id, fee_types.section AS fee_types_section, fee_types.term AS fee_types_term, fee_types.amount_kobo AS fee_types_amount_kobo, fee_types.created_at AS fee_types_created_at 
FROM fee_types 
WHERE fee_types.category_id = ?
2026-08-01 17:25:41,372 INFO sqlalchemy.engine.Engine [cached since 619.7s ago] (6,)
2026-08-01 17:25:41 | INFO     | sqlalchemy.engine.Engine | [cached since 619.7s ago] (6,)
2026-08-01 17:25:41,374 INFO sqlalchemy.engine.Engine SELECT schools.id AS schools_id, schools.name AS schools_name, schools.slug AS schools_slug, schools.phone AS schools_phone, schools.email AS schools_email, schools.address AS schools_address, schools.is_active AS schools_is_active, schools.created_at AS schools_created_at 
FROM schools 
WHERE schools.id = ?
 LIMIT ? OFFSET ?
2026-08-01 17:25:41 | INFO     | sqlalchemy.engine.Engine | SELECT schools.id AS schools_id, schools.name AS schools_name, schools.slug AS schools_slug, schools.phone AS schools_phone, schools.email AS schools_email, schools.address AS schools_address, schools.is_active AS schools_is_active, schools.created_at AS schools_created_at 
FROM schools 
WHERE schools.id = ?
 LIMIT ? OFFSET ?
2026-08-01 17:25:41,375 INFO sqlalchemy.engine.Engine SELECT fee_types.id AS fee_types_id, fee_types.school_id AS fee_types_school_id, fee_types.category_id AS fee_types_category_id, fee_types.section AS fee_types_section, fee_types.term AS fee_types_term, fee_types.amount_kobo AS fee_types_amount_kobo, fee_types.created_at AS fee_types_created_at 
FROM fee_types 
WHERE fee_types.category_id = ?
2026-08-01 17:25:41,376 INFO sqlalchemy.engine.Engine [cached since 619.8s ago] (1, 1, 0)
2026-08-01 17:25:41 | INFO     | sqlalchemy.engine.Engine | SELECT fee_types.id AS fee_types_id, fee_types.school_id AS fee_types_school_id, fee_types.category_id AS fee_types_category_id, fee_types.section AS fee_types_section, fee_types.term AS fee_types_term, fee_types.amount_kobo AS fee_types_amount_kobo, fee_types.created_at AS fee_types_created_at 
FROM fee_types 
WHERE fee_types.category_id = ?
2026-08-01 17:25:41 | INFO     | sqlalchemy.engine.Engine | [cached since 619.8s ago] (1, 1, 0)
2026-08-01 17:25:41,376 INFO sqlalchemy.engine.Engine [cached since 619.7s ago] (4,)
2026-08-01 17:25:41 | INFO     | sqlalchemy.engine.Engine | [cached since 619.7s ago] (4,)
2026-08-01 17:25:41,377 INFO sqlalchemy.engine.Engine SELECT students.id AS students_id, students.school_id AS students_school_id, students.student_name AS students_student_name, students.section AS students_section, students.class_name AS students_class_name, students.parent_name AS students_parent_name, students.parent_phone AS students_parent_phone, students.parent_email AS students_parent_email, students.is_active AS students_is_active, students.created_at AS students_created_at, fee_records_1.id AS fee_records_1_id, fee_records_1.student_id AS fee_records_1_student_id, fee_records_1.fee_type_id AS fee_records_1_fee_type_id, fee_records_1.total_fees_kobo AS fee_records_1_total_fees_kobo, fee_records_1.amount_paid_kobo AS fee_records_1_amount_paid_kobo, fee_records_1.status AS fee_records_1_status, fee_records_1.created_at AS fee_records_1_created_at, fee_records_1.updated_at AS fee_records_1_updated_at 
FROM students LEFT OUTER JOIN fee_records AS fee_records_1 ON students.id = fee_records_1.student_id 
WHERE students.school_id = ? AND students.is_active = 1 ORDER BY students.student_name
2026-08-01 17:25:41 | INFO     | sqlalchemy.engine.Engine | SELECT students.id AS students_id, students.school_id AS students_school_id, students.student_name AS students_student_name, students.section AS students_section, students.class_name AS students_class_name, students.parent_name AS students_parent_name, students.parent_phone AS students_parent_phone, students.parent_email AS students_parent_email, students.is_active AS students_is_active, students.created_at AS students_created_at, fee_records_1.id AS fee_records_1_id, fee_records_1.student_id AS fee_records_1_student_id, fee_records_1.fee_type_id AS fee_records_1_fee_type_id, fee_records_1.total_fees_kobo AS fee_records_1_total_fees_kobo, fee_records_1.amount_paid_kobo AS fee_records_1_amount_paid_kobo, fee_records_1.status AS fee_records_1_status, fee_records_1.created_at AS fee_records_1_created_at, fee_records_1.updated_at AS fee_records_1_updated_at 
FROM students LEFT OUTER JOIN fee_records AS fee_records_1 ON students.id = fee_records_1.student_id 
WHERE students.school_id = ? AND students.is_active = 1 ORDER BY students.student_name
2026-08-01 17:25:41,378 INFO sqlalchemy.engine.Engine SELECT fee_types.id AS fee_types_id, fee_types.school_id AS fee_types_school_id, fee_types.category_id AS fee_types_category_id, fee_types.section AS fee_types_section, fee_types.term AS fee_types_term, fee_types.amount_kobo AS fee_types_amount_kobo, fee_types.created_at AS fee_types_created_at 
FROM fee_types 
WHERE fee_types.category_id = ?
2026-08-01 17:25:41 | INFO     | sqlalchemy.engine.Engine | SELECT fee_types.id AS fee_types_id, fee_types.school_id AS fee_types_school_id, fee_types.category_id AS fee_types_category_id, fee_types.section AS fee_types_section, fee_types.term AS fee_types_term, fee_types.amount_kobo AS fee_types_amount_kobo, fee_types.created_at AS fee_types_created_at 
FROM fee_types 
WHERE fee_types.category_id = ?
2026-08-01 17:25:41,379 INFO sqlalchemy.engine.Engine [cached since 619.7s ago] (1,)
2026-08-01 17:25:41 | INFO     | sqlalchemy.engine.Engine | [cached since 619.7s ago] (1,)
2026-08-01 17:25:41,379 INFO sqlalchemy.engine.Engine [cached since 619.7s ago] (7,)
2026-08-01 17:25:41 | INFO     | sqlalchemy.engine.Engine | [cached since 619.7s ago] (7,)
2026-08-01 17:25:41,381 INFO sqlalchemy.engine.Engine SELECT fee_types.id AS fee_types_id, fee_types.school_id AS fee_types_school_id, fee_types.category_id AS fee_types_category_id, fee_types.section AS fee_types_section, fee_types.term AS fee_types_term, fee_types.amount_kobo AS fee_types_amount_kobo, fee_types.created_at AS fee_types_created_at 
FROM fee_types 
WHERE fee_types.category_id = ?
2026-08-01 17:25:41 | INFO     | sqlalchemy.engine.Engine | SELECT fee_types.id AS fee_types_id, fee_types.school_id AS fee_types_school_id, fee_types.category_id AS fee_types_category_id, fee_types.section AS fee_types_section, fee_types.term AS fee_types_term, fee_types.amount_kobo AS fee_types_amount_kobo, fee_types.created_at AS fee_types_created_at 
FROM fee_types 
WHERE fee_types.category_id = ?
2026-08-01 17:25:41,381 INFO sqlalchemy.engine.Engine [cached since 619.7s ago] (2,)
2026-08-01 17:25:41 | INFO     | sqlalchemy.engine.Engine | [cached since 619.7s ago] (2,)
INFO:     127.0.0.1:56824 - "GET /api/v1/dashboard/students?school_id=1 HTTP/1.1" 200 OK
2026-08-01 17:25:41,385 INFO sqlalchemy.engine.Engine ROLLBACK
2026-08-01 17:25:41 | INFO     | sqlalchemy.engine.Engine | ROLLBACK
2026-08-01 17:25:41,386 INFO sqlalchemy.engine.Engine SELECT fee_types.id AS fee_types_id, fee_types.school_id AS fee_types_school_id, fee_types.category_id AS fee_types_category_id, fee_types.section AS fee_types_section, fee_types.term AS fee_types_term, fee_types.amount_kobo AS fee_types_amount_kobo, fee_types.created_at AS fee_types_created_at 
FROM fee_types 
WHERE fee_types.category_id = ?
2026-08-01 17:25:41 | INFO     | sqlalchemy.engine.Engine | SELECT fee_types.id AS fee_types_id, fee_types.school_id AS fee_types_school_id, fee_types.category_id AS fee_types_category_id, fee_types.section AS fee_types_section, fee_types.term AS fee_types_term, fee_types.amount_kobo AS fee_types_amount_kobo, fee_types.created_at AS fee_types_created_at 
FROM fee_types 
WHERE fee_types.category_id = ?
2026-08-01 17:25:41,390 INFO sqlalchemy.engine.Engine [cached since 619.7s ago] (1,)
2026-08-01 17:25:41 | INFO     | sqlalchemy.engine.Engine | [cached since 619.7s ago] (1,)
2026-08-01 17:25:41,393 INFO sqlalchemy.engine.Engine SELECT fee_records.id AS fee_records_id, fee_records.student_id AS fee_records_student_id, fee_records.fee_type_id AS fee_records_fee_type_id, fee_records.total_fees_kobo AS fee_records_total_fees_kobo, fee_records.amount_paid_kobo AS fee_records_amount_paid_kobo, fee_records.status AS fee_records_status, fee_records.created_at AS fee_records_created_at, fee_records.updated_at AS fee_records_updated_at 
FROM fee_records 
WHERE fee_records.fee_type_id IN (?, ?)
2026-08-01 17:25:41 | INFO     | sqlalchemy.engine.Engine | SELECT fee_records.id AS fee_records_id, fee_records.student_id AS fee_records_student_id, fee_records.fee_type_id AS fee_records_fee_type_id, fee_records.total_fees_kobo AS fee_records_total_fees_kobo, fee_records.amount_paid_kobo AS fee_records_amount_paid_kobo, fee_records.status AS fee_records_status, fee_records.created_at AS fee_records_created_at, fee_records.updated_at AS fee_records_updated_at 
FROM fee_records 
WHERE fee_records.fee_type_id IN (?, ?)
2026-08-01 17:25:41,395 INFO sqlalchemy.engine.Engine [cached since 619.5s ago] (1, 3)
2026-08-01 17:25:41 | INFO     | sqlalchemy.engine.Engine | [cached since 619.5s ago] (1, 3)
2026-08-01 17:25:41,396 INFO sqlalchemy.engine.Engine BEGIN (implicit)
2026-08-01 17:25:41 | INFO     | sqlalchemy.engine.Engine | BEGIN (implicit)
2026-08-01 17:25:41,397 INFO sqlalchemy.engine.Engine SELECT users.id AS users_id, users.school_id AS users_school_id, users.email AS users_email, users.hashed_password AS users_hashed_password, users.role AS users_role, users.is_active AS users_is_active, users.created_at AS users_created_at, users.last_login AS users_last_login 
FROM users 
WHERE users.id = ?
 LIMIT ? OFFSET ?
2026-08-01 17:25:41 | INFO     | sqlalchemy.engine.Engine | SELECT users.id AS users_id, users.school_id AS users_school_id, users.email AS users_email, users.hashed_password AS users_hashed_password, users.role AS users_role, users.is_active AS users_is_active, users.created_at AS users_created_at, users.last_login AS users_last_login 
FROM users 
WHERE users.id = ?
 LIMIT ? OFFSET ?
2026-08-01 17:25:41,398 INFO sqlalchemy.engine.Engine SELECT fee_types.id AS fee_types_id, fee_types.school_id AS fee_types_school_id, fee_types.category_id AS fee_types_category_id, fee_types.section AS fee_types_section, fee_types.term AS fee_types_term, fee_types.amount_kobo AS fee_types_amount_kobo, fee_types.created_at AS fee_types_created_at 
FROM fee_types 
WHERE fee_types.category_id = ?
2026-08-01 17:25:41 | INFO     | sqlalchemy.engine.Engine | SELECT fee_types.id AS fee_types_id, fee_types.school_id AS fee_types_school_id, fee_types.category_id AS fee_types_category_id, fee_types.section AS fee_types_section, fee_types.term AS fee_types_term, fee_types.amount_kobo AS fee_types_amount_kobo, fee_types.created_at AS fee_types_created_at 
FROM fee_types 
WHERE fee_types.category_id = ?
2026-08-01 17:25:41,399 INFO sqlalchemy.engine.Engine [cached since 682.3s ago] (1, 1, 0)
2026-08-01 17:25:41 | INFO     | sqlalchemy.engine.Engine | [cached since 682.3s ago] (1, 1, 0)
2026-08-01 17:25:41,399 INFO sqlalchemy.engine.Engine [cached since 619.7s ago] (5,)
2026-08-01 17:25:41 | INFO     | sqlalchemy.engine.Engine | [cached since 619.7s ago] (5,)
INFO:     127.0.0.1:56805 - "GET /api/v1/dashboard/summary?school_id=1 HTTP/1.1" 200 OK
2026-08-01 17:25:41,408 INFO sqlalchemy.engine.Engine ROLLBACK
2026-08-01 17:25:41 | INFO     | sqlalchemy.engine.Engine | ROLLBACK
2026-08-01 17:25:41,410 INFO sqlalchemy.engine.Engine SELECT fee_types.id AS fee_types_id, fee_types.school_id AS fee_types_school_id, fee_types.category_id AS fee_types_category_id, fee_types.section AS fee_types_section, fee_types.term AS fee_types_term, fee_types.amount_kobo AS fee_types_amount_kobo, fee_types.created_at AS fee_types_created_at, fee_categories_1.id AS fee_categories_1_id, fee_categories_1.school_id AS fee_categories_1_school_id, fee_categories_1.name AS fee_categories_1_name, fee_categories_1.created_at AS fee_categories_1_created_at 
FROM fee_types LEFT OUTER JOIN fee_categories AS fee_categories_1 ON fee_categories_1.id = fee_types.category_id 
WHERE fee_types.school_id = ? ORDER BY fee_types.term DESC, fee_types.section
2026-08-01 17:25:41 | INFO     | sqlalchemy.engine.Engine | SELECT fee_types.id AS fee_types_id, fee_types.school_id AS fee_types_school_id, fee_types.category_id AS fee_types_category_id, fee_types.section AS fee_types_section, fee_types.term AS fee_types_term, fee_types.amount_kobo AS fee_types_amount_kobo, fee_types.created_at AS fee_types_created_at, fee_categories_1.id AS fee_categories_1_id, fee_categories_1.school_id AS fee_categories_1_school_id, fee_categories_1.name AS fee_categories_1_name, fee_categories_1.created_at AS fee_categories_1_created_at 
FROM fee_types LEFT OUTER JOIN fee_categories AS fee_categories_1 ON fee_categories_1.id = fee_types.category_id 
WHERE fee_types.school_id = ? ORDER BY fee_types.term DESC, fee_types.section
2026-08-01 17:25:41,411 INFO sqlalchemy.engine.Engine [cached since 619.5s ago] (1,)
2026-08-01 17:25:41 | INFO     | sqlalchemy.engine.Engine | [cached since 619.5s ago] (1,)
2026-08-01 17:25:41,414 INFO sqlalchemy.engine.Engine BEGIN (implicit)
2026-08-01 17:25:41 | INFO     | sqlalchemy.engine.Engine | BEGIN (implicit)
2026-08-01 17:25:41,415 INFO sqlalchemy.engine.Engine SELECT users.id AS users_id, users.school_id AS users_school_id, users.email AS users_email, users.hashed_password AS users_hashed_password, users.role AS users_role, users.is_active AS users_is_active, users.created_at AS users_created_at, users.last_login AS users_last_login 
FROM users 
WHERE users.id = ?
 LIMIT ? OFFSET ?
2026-08-01 17:25:41 | INFO     | sqlalchemy.engine.Engine | SELECT users.id AS users_id, users.school_id AS users_school_id, users.email AS users_email, users.hashed_password AS users_hashed_password, users.role AS users_role, users.is_active AS users_is_active, users.created_at AS users_created_at, users.last_login AS users_last_login 
FROM users 
WHERE users.id = ?
 LIMIT ? OFFSET ?
2026-08-01 17:25:41,416 INFO sqlalchemy.engine.Engine [cached since 682.3s ago] (1, 1, 0)
2026-08-01 17:25:41 | INFO     | sqlalchemy.engine.Engine | [cached since 682.3s ago] (1, 1, 0)
INFO:     127.0.0.1:56824 - "GET /api/v1/fees/types?school_id=1 HTTP/1.1" 200 OK
2026-08-01 17:25:41,419 INFO sqlalchemy.engine.Engine ROLLBACK
2026-08-01 17:25:41 | INFO     | sqlalchemy.engine.Engine | ROLLBACK
2026-08-01 17:25:41,427 INFO sqlalchemy.engine.Engine SELECT activity_logs.id AS activity_logs_id, activity_logs.school_id AS activity_logs_school_id, activity_logs.student_id AS activity_logs_student_id, activity_logs.action AS activity_logs_action, activity_logs.description AS activity_logs_description, activity_logs.created_at AS activity_logs_created_at 
FROM activity_logs 
WHERE activity_logs.school_id = ? ORDER BY activity_logs.created_at DESC
 LIMIT ? OFFSET ?
2026-08-01 17:25:41 | INFO     | sqlalchemy.engine.Engine | SELECT activity_logs.id AS activity_logs_id, activity_logs.school_id AS activity_logs_school_id, activity_logs.student_id AS activity_logs_student_id, activity_logs.action AS activity_logs_action, activity_logs.description AS activity_logs_description, activity_logs.created_at AS activity_logs_created_at 
FROM activity_logs 
WHERE activity_logs.school_id = ? ORDER BY activity_logs.created_at DESC
 LIMIT ? OFFSET ?
2026-08-01 17:25:41,428 INFO sqlalchemy.engine.Engine [cached since 619.7s ago] (1, 100, 0)
2026-08-01 17:25:41 | INFO     | sqlalchemy.engine.Engine | [cached since 619.7s ago] (1, 100, 0)
2026-08-01 17:25:41,429 INFO sqlalchemy.engine.Engine BEGIN (implicit)
2026-08-01 17:25:41 | INFO     | sqlalchemy.engine.Engine | BEGIN (implicit)
2026-08-01 17:25:41,430 INFO sqlalchemy.engine.Engine SELECT users.id AS users_id, users.school_id AS users_school_id, users.email AS users_email, users.hashed_password AS users_hashed_password, users.role AS users_role, users.is_active AS users_is_active, users.created_at AS users_created_at, users.last_login AS users_last_login 
FROM users 
WHERE users.id = ?
 LIMIT ? OFFSET ?
2026-08-01 17:25:41 | INFO     | sqlalchemy.engine.Engine | SELECT users.id AS users_id, users.school_id AS users_school_id, users.email AS users_email, users.hashed_password AS users_hashed_password, users.role AS users_role, users.is_active AS users_is_active, users.created_at AS users_created_at, users.last_login AS users_last_login 
FROM users 
WHERE users.id = ?
 LIMIT ? OFFSET ?
2026-08-01 17:25:41,431 INFO sqlalchemy.engine.Engine [cached since 682.3s ago] (1, 1, 0)
2026-08-01 17:25:41 | INFO     | sqlalchemy.engine.Engine | [cached since 682.3s ago] (1, 1, 0)
INFO:     127.0.0.1:56805 - "GET /api/v1/activity/?school_id=1&limit=100 HTTP/1.1" 200 OK
2026-08-01 17:25:41,435 INFO sqlalchemy.engine.Engine ROLLBACK
2026-08-01 17:25:41 | INFO     | sqlalchemy.engine.Engine | ROLLBACK
2026-08-01 17:25:41,438 INFO sqlalchemy.engine.Engine SELECT fee_categories.id AS fee_categories_id, fee_categories.school_id AS fee_categories_school_id, fee_categories.name AS fee_categories_name, fee_categories.created_at AS fee_categories_created_at 
FROM fee_categories 
WHERE fee_categories.school_id = ? ORDER BY fee_categories.name
2026-08-01 17:25:41 | INFO     | sqlalchemy.engine.Engine | SELECT fee_categories.id AS fee_categories_id, fee_categories.school_id AS fee_categories_school_id, fee_categories.name AS fee_categories_name, fee_categories.created_at AS fee_categories_created_at 
FROM fee_categories 
WHERE fee_categories.school_id = ? ORDER BY fee_categories.name
2026-08-01 17:25:41,439 INFO sqlalchemy.engine.Engine [cached since 682.3s ago] (1,)
2026-08-01 17:25:41 | INFO     | sqlalchemy.engine.Engine | [cached since 682.3s ago] (1,)
INFO:     127.0.0.1:56824 - "GET /api/v1/fees/categories?school_id=1 HTTP/1.1" 200 OK
2026-08-01 17:25:41,442 INFO sqlalchemy.engine.Engine ROLLBACK
2026-08-01 17:25:41 | INFO     | sqlalchemy.engine.Engine | ROLLBACK
2026-08-01 17:25:47,250 INFO sqlalchemy.engine.Engine BEGIN (implicit)
2026-08-01 17:25:47 | INFO     | sqlalchemy.engine.Engine | BEGIN (implicit)
2026-08-01 17:25:47,250 INFO sqlalchemy.engine.Engine SELECT users.id AS users_id, users.school_id AS users_school_id, users.email AS users_email, users.hashed_password AS users_hashed_password, users.role AS users_role, users.is_active AS users_is_active, users.created_at AS users_created_at, users.last_login AS users_last_login 
FROM users 
WHERE users.id = ?
 LIMIT ? OFFSET ?
2026-08-01 17:25:47 | INFO     | sqlalchemy.engine.Engine | SELECT users.id AS users_id, users.school_id AS users_school_id, users.email AS users_email, users.hashed_password AS users_hashed_password, users.role AS users_role, users.is_active AS users_is_active, users.created_at AS users_created_at, users.last_login AS users_last_login 
FROM users 
WHERE users.id = ?
 LIMIT ? OFFSET ?
2026-08-01 17:25:47,251 INFO sqlalchemy.engine.Engine BEGIN (implicit)
2026-08-01 17:25:47,252 INFO sqlalchemy.engine.Engine [cached since 688.2s ago] (1, 1, 0)
2026-08-01 17:25:47 | INFO     | sqlalchemy.engine.Engine | BEGIN (implicit)
2026-08-01 17:25:47 | INFO     | sqlalchemy.engine.Engine | [cached since 688.2s ago] (1, 1, 0)
2026-08-01 17:25:47,255 INFO sqlalchemy.engine.Engine SELECT users.id AS users_id, users.school_id AS users_school_id, users.email AS users_email, users.hashed_password AS users_hashed_password, users.role AS users_role, users.is_active AS users_is_active, users.created_at AS users_created_at, users.last_login AS users_last_login 
FROM users 
WHERE users.id = ?
 LIMIT ? OFFSET ?
2026-08-01 17:25:47 | INFO     | sqlalchemy.engine.Engine | SELECT users.id AS users_id, users.school_id AS users_school_id, users.email AS users_email, users.hashed_password AS users_hashed_password, users.role AS users_role, users.is_active AS users_is_active, users.created_at AS users_created_at, users.last_login AS users_last_login 
FROM users 
WHERE users.id = ?
 LIMIT ? OFFSET ?
2026-08-01 17:25:47,255 INFO sqlalchemy.engine.Engine [cached since 688.2s ago] (1, 1, 0)
2026-08-01 17:25:47 | INFO     | sqlalchemy.engine.Engine | [cached since 688.2s ago] (1, 1, 0)
2026-08-01 17:25:47,260 INFO sqlalchemy.engine.Engine SELECT activity_logs.id AS activity_logs_id, activity_logs.school_id AS activity_logs_school_id, activity_logs.student_id AS activity_logs_student_id, activity_logs.action AS activity_logs_action, activity_logs.description AS activity_logs_description, activity_logs.created_at AS activity_logs_created_at 
FROM activity_logs 
WHERE activity_logs.school_id = ? ORDER BY activity_logs.created_at DESC
 LIMIT ? OFFSET ?
2026-08-01 17:25:47 | INFO     | sqlalchemy.engine.Engine | SELECT activity_logs.id AS activity_logs_id, activity_logs.school_id AS activity_logs_school_id, activity_logs.student_id AS activity_logs_student_id, activity_logs.action AS activity_logs_action, activity_logs.description AS activity_logs_description, activity_logs.created_at AS activity_logs_created_at 
FROM activity_logs 
WHERE activity_logs.school_id = ? ORDER BY activity_logs.created_at DESC
 LIMIT ? OFFSET ?
2026-08-01 17:25:47,261 INFO sqlalchemy.engine.Engine [cached since 625.5s ago] (1, 6, 0)
2026-08-01 17:25:47 | INFO     | sqlalchemy.engine.Engine | [cached since 625.5s ago] (1, 6, 0)
2026-08-01 17:25:47,263 INFO sqlalchemy.engine.Engine SELECT schools.id AS schools_id, schools.name AS schools_name, schools.slug AS schools_slug, schools.phone AS schools_phone, schools.email AS schools_email, schools.address AS schools_address, schools.is_active AS schools_is_active, schools.created_at AS schools_created_at 
FROM schools 
WHERE schools.id = ?
 LIMIT ? OFFSET ?
2026-08-01 17:25:47 | INFO     | sqlalchemy.engine.Engine | SELECT schools.id AS schools_id, schools.name AS schools_name, schools.slug AS schools_slug, schools.phone AS schools_phone, schools.email AS schools_email, schools.address AS schools_address, schools.is_active AS schools_is_active, schools.created_at AS schools_created_at 
FROM schools 
WHERE schools.id = ?
 LIMIT ? OFFSET ?
2026-08-01 17:25:47,263 INFO sqlalchemy.engine.Engine [cached since 625.7s ago] (1, 1, 0)
2026-08-01 17:25:47 | INFO     | sqlalchemy.engine.Engine | [cached since 625.7s ago] (1, 1, 0)
2026-08-01 17:25:47,265 INFO sqlalchemy.engine.Engine SELECT students.id AS students_id, students.school_id AS students_school_id, students.student_name AS students_student_name, students.section AS students_section, students.class_name AS students_class_name, students.parent_name AS students_parent_name, students.parent_phone AS students_parent_phone, students.parent_email AS students_parent_email, students.is_active AS students_is_active, students.created_at AS students_created_at, fee_types_1.id AS fee_types_1_id, fee_types_1.school_id AS fee_types_1_school_id, fee_types_1.category_id AS fee_types_1_category_id, fee_types_1.section AS fee_types_1_section, fee_types_1.term AS fee_types_1_term, fee_types_1.amount_kobo AS fee_types_1_amount_kobo, fee_types_1.created_at AS fee_types_1_created_at, fee_records_1.id AS fee_records_1_id, fee_records_1.student_id AS fee_records_1_student_id, fee_records_1.fee_type_id AS fee_records_1_fee_type_id, fee_records_1.total_fees_kobo AS fee_records_1_total_fees_kobo, fee_records_1.amount_paid_kobo AS fee_records_1_amount_paid_kobo, fee_records_1.status AS fee_records_1_status, fee_records_1.created_at AS fee_records_1_created_at, fee_records_1.updated_at AS fee_records_1_updated_at 
FROM students LEFT OUTER JOIN fee_records AS fee_records_1 ON students.id = fee_records_1.student_id LEFT OUTER JOIN fee_types AS fee_types_1 ON fee_types_1.id = fee_records_1.fee_type_id 
WHERE students.school_id = ? AND students.is_active = 1 AND students.section = ?
2026-08-01 17:25:47 | INFO     | sqlalchemy.engine.Engine | SELECT students.id AS students_id, students.school_id AS students_school_id, students.student_name AS students_student_name, students.section AS students_section, students.class_name AS students_class_name, students.parent_name AS students_parent_name, students.parent_phone AS students_parent_phone, students.parent_email AS students_parent_email, students.is_active AS students_is_active, students.created_at AS students_created_at, fee_types_1.id AS fee_types_1_id, fee_types_1.school_id AS fee_types_1_school_id, fee_types_1.category_id AS fee_types_1_category_id, fee_types_1.section AS fee_types_1_section, fee_types_1.term AS fee_types_1_term, fee_types_1.amount_kobo AS fee_types_1_amount_kobo, fee_types_1.created_at AS fee_types_1_created_at, fee_records_1.id AS fee_records_1_id, fee_records_1.student_id AS fee_records_1_student_id, fee_records_1.fee_type_id AS fee_records_1_fee_type_id, fee_records_1.total_fees_kobo AS fee_records_1_total_fees_kobo, fee_records_1.amount_paid_kobo AS fee_records_1_amount_paid_kobo, fee_records_1.status AS fee_records_1_status, fee_records_1.created_at AS fee_records_1_created_at, fee_records_1.updated_at AS fee_records_1_updated_at 
FROM students LEFT OUTER JOIN fee_records AS fee_records_1 ON students.id = fee_records_1.student_id LEFT OUTER JOIN fee_types AS fee_types_1 ON fee_types_1.id = fee_records_1.fee_type_id 
WHERE students.school_id = ? AND students.is_active = 1 AND students.section = ?
2026-08-01 17:25:47,266 INFO sqlalchemy.engine.Engine [cached since 569.6s ago] (1, 'Secondary')
2026-08-01 17:25:47 | INFO     | sqlalchemy.engine.Engine | [cached since 569.6s ago] (1, 'Secondary')
INFO:     127.0.0.1:56832 - "GET /api/v1/activity/?school_id=1&limit=6 HTTP/1.1" 200 OK
2026-08-01 17:25:47,268 INFO sqlalchemy.engine.Engine ROLLBACK
2026-08-01 17:25:47 | INFO     | sqlalchemy.engine.Engine | ROLLBACK
2026-08-01 17:25:47,275 INFO sqlalchemy.engine.Engine SELECT students.id AS students_id, students.school_id AS students_school_id, students.student_name AS students_student_name, students.section AS students_section, students.class_name AS students_class_name, students.parent_name AS students_parent_name, students.parent_phone AS students_parent_phone, students.parent_email AS students_parent_email, students.is_active AS students_is_active, students.created_at AS students_created_at, fee_records_1.id AS fee_records_1_id, fee_records_1.student_id AS fee_records_1_student_id, fee_records_1.fee_type_id AS fee_records_1_fee_type_id, fee_records_1.total_fees_kobo AS fee_records_1_total_fees_kobo, fee_records_1.amount_paid_kobo AS fee_records_1_amount_paid_kobo, fee_records_1.status AS fee_records_1_status, fee_records_1.created_at AS fee_records_1_created_at, fee_records_1.updated_at AS fee_records_1_updated_at 
FROM students LEFT OUTER JOIN fee_records AS fee_records_1 ON students.id = fee_records_1.student_id 
WHERE students.school_id = ? AND students.is_active = 1
2026-08-01 17:25:47 | INFO     | sqlalchemy.engine.Engine | SELECT students.id AS students_id, students.school_id AS students_school_id, students.student_name AS students_student_name, students.section AS students_section, students.class_name AS students_class_name, students.parent_name AS students_parent_name, students.parent_phone AS students_parent_phone, students.parent_email AS students_parent_email, students.is_active AS students_is_active, students.created_at AS students_created_at, fee_records_1.id AS fee_records_1_id, fee_records_1.student_id AS fee_records_1_student_id, fee_records_1.fee_type_id AS fee_records_1_fee_type_id, fee_records_1.total_fees_kobo AS fee_records_1_total_fees_kobo, fee_records_1.amount_paid_kobo AS fee_records_1_amount_paid_kobo, fee_records_1.status AS fee_records_1_status, fee_records_1.created_at AS fee_records_1_created_at, fee_records_1.updated_at AS fee_records_1_updated_at 
FROM students LEFT OUTER JOIN fee_records AS fee_records_1 ON students.id = fee_records_1.student_id 
WHERE students.school_id = ? AND students.is_active = 1
2026-08-01 17:25:47,276 INFO sqlalchemy.engine.Engine [cached since 625.6s ago] (1,)
2026-08-01 17:25:47 | INFO     | sqlalchemy.engine.Engine | [cached since 625.6s ago] (1,)
2026-08-01 17:25:47,278 INFO sqlalchemy.engine.Engine SELECT fee_categories.id AS fee_categories_id, fee_categories.school_id AS fee_categories_school_id, fee_categories.name AS fee_categories_name, fee_categories.created_at AS fee_categories_created_at 
FROM fee_categories 
WHERE fee_categories.school_id = ? ORDER BY fee_categories.name
2026-08-01 17:25:47 | INFO     | sqlalchemy.engine.Engine | SELECT fee_categories.id AS fee_categories_id, fee_categories.school_id AS fee_categories_school_id, fee_categories.name AS fee_categories_name, fee_categories.created_at AS fee_categories_created_at 
FROM fee_categories 
WHERE fee_categories.school_id = ? ORDER BY fee_categories.name
2026-08-01 17:25:47,279 INFO sqlalchemy.engine.Engine [cached since 688.2s ago] (1,)
2026-08-01 17:25:47 | INFO     | sqlalchemy.engine.Engine | [cached since 688.2s ago] (1,)
2026-08-01 17:25:47,280 INFO sqlalchemy.engine.Engine SELECT fee_types.id AS fee_types_id, fee_types.school_id AS fee_types_school_id, fee_types.category_id AS fee_types_category_id, fee_types.section AS fee_types_section, fee_types.term AS fee_types_term, fee_types.amount_kobo AS fee_types_amount_kobo, fee_types.created_at AS fee_types_created_at 
FROM fee_types 
WHERE fee_types.category_id = ?
2026-08-01 17:25:47 | INFO     | sqlalchemy.engine.Engine | SELECT fee_types.id AS fee_types_id, fee_types.school_id AS fee_types_school_id, fee_types.category_id AS fee_types_category_id, fee_types.section AS fee_types_section, fee_types.term AS fee_types_term, fee_types.amount_kobo AS fee_types_amount_kobo, fee_types.created_at AS fee_types_created_at 
FROM fee_types 
WHERE fee_types.category_id = ?
2026-08-01 17:25:47,280 INFO sqlalchemy.engine.Engine [cached since 625.6s ago] (8,)
2026-08-01 17:25:47 | INFO     | sqlalchemy.engine.Engine | [cached since 625.6s ago] (8,)
2026-08-01 17:25:47,281 INFO sqlalchemy.engine.Engine SELECT fee_types.id AS fee_types_id, fee_types.school_id AS fee_types_school_id, fee_types.category_id AS fee_types_category_id, fee_types.section AS fee_types_section, fee_types.term AS fee_types_term, fee_types.amount_kobo AS fee_types_amount_kobo, fee_types.created_at AS fee_types_created_at 
FROM fee_types 
WHERE fee_types.category_id = ?
2026-08-01 17:25:47 | INFO     | sqlalchemy.engine.Engine | SELECT fee_types.id AS fee_types_id, fee_types.school_id AS fee_types_school_id, fee_types.category_id AS fee_types_category_id, fee_types.section AS fee_types_section, fee_types.term AS fee_types_term, fee_types.amount_kobo AS fee_types_amount_kobo, fee_types.created_at AS fee_types_created_at 
FROM fee_types 
WHERE fee_types.category_id = ?
2026-08-01 17:25:47,282 INFO sqlalchemy.engine.Engine [cached since 625.6s ago] (3,)
2026-08-01 17:25:47 | INFO     | sqlalchemy.engine.Engine | [cached since 625.6s ago] (3,)
2026-08-01 17:25:47,283 INFO sqlalchemy.engine.Engine SELECT fee_types.id AS fee_types_id, fee_types.school_id AS fee_types_school_id, fee_types.category_id AS fee_types_category_id, fee_types.section AS fee_types_section, fee_types.term AS fee_types_term, fee_types.amount_kobo AS fee_types_amount_kobo, fee_types.created_at AS fee_types_created_at 
FROM fee_types 
WHERE fee_types.category_id = ?
2026-08-01 17:25:47 | INFO     | sqlalchemy.engine.Engine | SELECT fee_types.id AS fee_types_id, fee_types.school_id AS fee_types_school_id, fee_types.category_id AS fee_types_category_id, fee_types.section AS fee_types_section, fee_types.term AS fee_types_term, fee_types.amount_kobo AS fee_types_amount_kobo, fee_types.created_at AS fee_types_created_at 
FROM fee_types 
WHERE fee_types.category_id = ?
2026-08-01 17:25:47,284 INFO sqlalchemy.engine.Engine [cached since 625.6s ago] (6,)
2026-08-01 17:25:47 | INFO     | sqlalchemy.engine.Engine | [cached since 625.6s ago] (6,)
2026-08-01 17:25:47,285 INFO sqlalchemy.engine.Engine SELECT fee_types.id AS fee_types_id, fee_types.school_id AS fee_types_school_id, fee_types.category_id AS fee_types_category_id, fee_types.section AS fee_types_section, fee_types.term AS fee_types_term, fee_types.amount_kobo AS fee_types_amount_kobo, fee_types.created_at AS fee_types_created_at 
FROM fee_types 
WHERE fee_types.category_id = ?
2026-08-01 17:25:47 | INFO     | sqlalchemy.engine.Engine | SELECT fee_types.id AS fee_types_id, fee_types.school_id AS fee_types_school_id, fee_types.category_id AS fee_types_category_id, fee_types.section AS fee_types_section, fee_types.term AS fee_types_term, fee_types.amount_kobo AS fee_types_amount_kobo, fee_types.created_at AS fee_types_created_at 
FROM fee_types 
WHERE fee_types.category_id = ?
2026-08-01 17:25:47,285 INFO sqlalchemy.engine.Engine [cached since 625.6s ago] (4,)
2026-08-01 17:25:47 | INFO     | sqlalchemy.engine.Engine | [cached since 625.6s ago] (4,)
2026-08-01 17:25:47,292 INFO sqlalchemy.engine.Engine SELECT fee_types.id AS fee_types_id, fee_types.school_id AS fee_types_school_id, fee_types.category_id AS fee_types_category_id, fee_types.section AS fee_types_section, fee_types.term AS fee_types_term, fee_types.amount_kobo AS fee_types_amount_kobo, fee_types.created_at AS fee_types_created_at 
FROM fee_types 
WHERE fee_types.category_id = ?
2026-08-01 17:25:47 | INFO     | sqlalchemy.engine.Engine | SELECT fee_types.id AS fee_types_id, fee_types.school_id AS fee_types_school_id, fee_types.category_id AS fee_types_category_id, fee_types.section AS fee_types_section, fee_types.term AS fee_types_term, fee_types.amount_kobo AS fee_types_amount_kobo, fee_types.created_at AS fee_types_created_at 
FROM fee_types 
WHERE fee_types.category_id = ?
2026-08-01 17:25:47,292 INFO sqlalchemy.engine.Engine [cached since 625.6s ago] (7,)
2026-08-01 17:25:47 | INFO     | sqlalchemy.engine.Engine | [cached since 625.6s ago] (7,)
2026-08-01 17:25:47,294 INFO sqlalchemy.engine.Engine SELECT fee_types.id AS fee_types_id, fee_types.school_id AS fee_types_school_id, fee_types.category_id AS fee_types_category_id, fee_types.section AS fee_types_section, fee_types.term AS fee_types_term, fee_types.amount_kobo AS fee_types_amount_kobo, fee_types.created_at AS fee_types_created_at 
FROM fee_types 
WHERE fee_types.category_id = ?
2026-08-01 17:25:47 | INFO     | sqlalchemy.engine.Engine | SELECT fee_types.id AS fee_types_id, fee_types.school_id AS fee_types_school_id, fee_types.category_id AS fee_types_category_id, fee_types.section AS fee_types_section, fee_types.term AS fee_types_term, fee_types.amount_kobo AS fee_types_amount_kobo, fee_types.created_at AS fee_types_created_at 
FROM fee_types 
WHERE fee_types.category_id = ?
2026-08-01 17:25:47,295 INFO sqlalchemy.engine.Engine [cached since 625.6s ago] (2,)
2026-08-01 17:25:47 | INFO     | sqlalchemy.engine.Engine | [cached since 625.6s ago] (2,)
2026-08-01 17:25:47,296 INFO sqlalchemy.engine.Engine SELECT fee_types.id AS fee_types_id, fee_types.school_id AS fee_types_school_id, fee_types.category_id AS fee_types_category_id, fee_types.section AS fee_types_section, fee_types.term AS fee_types_term, fee_types.amount_kobo AS fee_types_amount_kobo, fee_types.created_at AS fee_types_created_at 
FROM fee_types 
WHERE fee_types.category_id = ?
2026-08-01 17:25:47 | INFO     | sqlalchemy.engine.Engine | SELECT fee_types.id AS fee_types_id, fee_types.school_id AS fee_types_school_id, fee_types.category_id AS fee_types_category_id, fee_types.section AS fee_types_section, fee_types.term AS fee_types_term, fee_types.amount_kobo AS fee_types_amount_kobo, fee_types.created_at AS fee_types_created_at 
FROM fee_types 
WHERE fee_types.category_id = ?
2026-08-01 17:25:47,296 INFO sqlalchemy.engine.Engine [cached since 625.6s ago] (1,)
2026-08-01 17:25:47 | INFO     | sqlalchemy.engine.Engine | [cached since 625.6s ago] (1,)
2026-08-01 17:25:47,297 INFO sqlalchemy.engine.Engine SELECT fee_records.id AS fee_records_id, fee_records.student_id AS fee_records_student_id, fee_records.fee_type_id AS fee_records_fee_type_id, fee_records.total_fees_kobo AS fee_records_total_fees_kobo, fee_records.amount_paid_kobo AS fee_records_amount_paid_kobo, fee_records.status AS fee_records_status, fee_records.created_at AS fee_records_created_at, fee_records.updated_at AS fee_records_updated_at 
FROM fee_records 
WHERE fee_records.fee_type_id IN (?, ?)
2026-08-01 17:25:47 | INFO     | sqlalchemy.engine.Engine | SELECT fee_records.id AS fee_records_id, fee_records.student_id AS fee_records_student_id, fee_records.fee_type_id AS fee_records_fee_type_id, fee_records.total_fees_kobo AS fee_records_total_fees_kobo, fee_records.amount_paid_kobo AS fee_records_amount_paid_kobo, fee_records.status AS fee_records_status, fee_records.created_at AS fee_records_created_at, fee_records.updated_at AS fee_records_updated_at 
FROM fee_records 
WHERE fee_records.fee_type_id IN (?, ?)
2026-08-01 17:25:47,297 INFO sqlalchemy.engine.Engine [cached since 625.4s ago] (1, 3)
2026-08-01 17:25:47 | INFO     | sqlalchemy.engine.Engine | [cached since 625.4s ago] (1, 3)
2026-08-01 17:25:47,299 INFO sqlalchemy.engine.Engine SELECT fee_types.id AS fee_types_id, fee_types.school_id AS fee_types_school_id, fee_types.category_id AS fee_types_category_id, fee_types.section AS fee_types_section, fee_types.term AS fee_types_term, fee_types.amount_kobo AS fee_types_amount_kobo, fee_types.created_at AS fee_types_created_at 
FROM fee_types 
WHERE fee_types.category_id = ?
2026-08-01 17:25:47 | INFO     | sqlalchemy.engine.Engine | SELECT fee_types.id AS fee_types_id, fee_types.school_id AS fee_types_school_id, fee_types.category_id AS fee_types_category_id, fee_types.section AS fee_types_section, fee_types.term AS fee_types_term, fee_types.amount_kobo AS fee_types_amount_kobo, fee_types.created_at AS fee_types_created_at 
FROM fee_types 
WHERE fee_types.category_id = ?
2026-08-01 17:25:47,299 INFO sqlalchemy.engine.Engine [cached since 625.6s ago] (5,)
2026-08-01 17:25:47 | INFO     | sqlalchemy.engine.Engine | [cached since 625.6s ago] (5,)
INFO:     127.0.0.1:56831 - "GET /api/v1/dashboard/summary?school_id=1&section=Secondary HTTP/1.1" 200 OK
2026-08-01 17:25:47,301 INFO sqlalchemy.engine.Engine ROLLBACK
2026-08-01 17:25:47 | INFO     | sqlalchemy.engine.Engine | ROLLBACK
2026-08-01 17:26:32,303 INFO sqlalchemy.engine.Engine BEGIN (implicit)
2026-08-01 17:26:32 | INFO     | sqlalchemy.engine.Engine | BEGIN (implicit)
2026-08-01 17:26:32,304 INFO sqlalchemy.engine.Engine SELECT users.id AS users_id, users.school_id AS users_school_id, users.email AS users_email, users.hashed_password AS users_hashed_password, users.role AS users_role, users.is_active AS users_is_active, users.created_at AS users_created_at, users.last_login AS users_last_login 
FROM users 
WHERE users.id = ?
 LIMIT ? OFFSET ?
2026-08-01 17:26:32 | INFO     | sqlalchemy.engine.Engine | SELECT users.id AS users_id, users.school_id AS users_school_id, users.email AS users_email, users.hashed_password AS users_hashed_password, users.role AS users_role, users.is_active AS users_is_active, users.created_at AS users_created_at, users.last_login AS users_last_login 
FROM users 
WHERE users.id = ?
 LIMIT ? OFFSET ?
2026-08-01 17:26:32,304 INFO sqlalchemy.engine.Engine [cached since 733.2s ago] (1, 1, 0)
2026-08-01 17:26:32 | INFO     | sqlalchemy.engine.Engine | [cached since 733.2s ago] (1, 1, 0)
2026-08-01 17:26:32,308 INFO sqlalchemy.engine.Engine SELECT schools.id AS schools_id, schools.name AS schools_name, schools.slug AS schools_slug, schools.phone AS schools_phone, schools.email AS schools_email, schools.address AS schools_address, schools.is_active AS schools_is_active, schools.created_at AS schools_created_at 
FROM schools 
WHERE schools.id = ?
 LIMIT ? OFFSET ?
2026-08-01 17:26:32 | INFO     | sqlalchemy.engine.Engine | SELECT schools.id AS schools_id, schools.name AS schools_name, schools.slug AS schools_slug, schools.phone AS schools_phone, schools.email AS schools_email, schools.address AS schools_address, schools.is_active AS schools_is_active, schools.created_at AS schools_created_at 
FROM schools 
WHERE schools.id = ?
 LIMIT ? OFFSET ?
2026-08-01 17:26:32,308 INFO sqlalchemy.engine.Engine [cached since 670.7s ago] (1, 1, 0)
2026-08-01 17:26:32 | INFO     | sqlalchemy.engine.Engine | [cached since 670.7s ago] (1, 1, 0)
2026-08-01 17:26:32,311 INFO sqlalchemy.engine.Engine SELECT students.id AS students_id, students.school_id AS students_school_id, students.student_name AS students_student_name, students.section AS students_section, students.class_name AS students_class_name, students.parent_name AS students_parent_name, students.parent_phone AS students_parent_phone, students.parent_email AS students_parent_email, students.is_active AS students_is_active, students.created_at AS students_created_at, fee_types_1.id AS fee_types_1_id, fee_types_1.school_id AS fee_types_1_school_id, fee_types_1.category_id AS fee_types_1_category_id, fee_types_1.section AS fee_types_1_section, fee_types_1.term AS fee_types_1_term, fee_types_1.amount_kobo AS fee_types_1_amount_kobo, fee_types_1.created_at AS fee_types_1_created_at, fee_records_1.id AS fee_records_1_id, fee_records_1.student_id AS fee_records_1_student_id, fee_records_1.fee_type_id AS fee_records_1_fee_type_id, fee_records_1.total_fees_kobo AS fee_records_1_total_fees_kobo, fee_records_1.amount_paid_kobo AS fee_records_1_amount_paid_kobo, fee_records_1.status AS fee_records_1_status, fee_records_1.created_at AS fee_records_1_created_at, fee_records_1.updated_at AS fee_records_1_updated_at 
FROM students LEFT OUTER JOIN fee_records AS fee_records_1 ON students.id = fee_records_1.student_id LEFT OUTER JOIN fee_types AS fee_types_1 ON fee_types_1.id = fee_records_1.fee_type_id 
WHERE students.school_id = ? AND students.is_active = 1 AND students.section = ?
2026-08-01 17:26:32 | INFO     | sqlalchemy.engine.Engine | SELECT students.id AS students_id, students.school_id AS students_school_id, students.student_name AS students_student_name, students.section AS students_section, students.class_name AS students_class_name, students.parent_name AS students_parent_name, students.parent_phone AS students_parent_phone, students.parent_email AS students_parent_email, students.is_active AS students_is_active, students.created_at AS students_created_at, fee_types_1.id AS fee_types_1_id, fee_types_1.school_id AS fee_types_1_school_id, fee_types_1.category_id AS fee_types_1_category_id, fee_types_1.section AS fee_types_1_section, fee_types_1.term AS fee_types_1_term, fee_types_1.amount_kobo AS fee_types_1_amount_kobo, fee_types_1.created_at AS fee_types_1_created_at, fee_records_1.id AS fee_records_1_id, fee_records_1.student_id AS fee_records_1_student_id, fee_records_1.fee_type_id AS fee_records_1_fee_type_id, fee_records_1.total_fees_kobo AS fee_records_1_total_fees_kobo, fee_records_1.amount_paid_kobo AS fee_records_1_amount_paid_kobo, fee_records_1.status AS fee_records_1_status, fee_records_1.created_at AS fee_records_1_created_at, fee_records_1.updated_at AS fee_records_1_updated_at 
FROM students LEFT OUTER JOIN fee_records AS fee_records_1 ON students.id = fee_records_1.student_id LEFT OUTER JOIN fee_types AS fee_types_1 ON fee_types_1.id = fee_records_1.fee_type_id 
WHERE students.school_id = ? AND students.is_active = 1 AND students.section = ?
2026-08-01 17:26:32,312 INFO sqlalchemy.engine.Engine [cached since 614.6s ago] (1, 'Nursery')
2026-08-01 17:26:32 | INFO     | sqlalchemy.engine.Engine | [cached since 614.6s ago] (1, 'Nursery')
2026-08-01 17:26:32,327 INFO sqlalchemy.engine.Engine SELECT students.id AS students_id, students.school_id AS students_school_id, students.student_name AS students_student_name, students.section AS students_section, students.class_name AS students_class_name, students.parent_name AS students_parent_name, students.parent_phone AS students_parent_phone, students.parent_email AS students_parent_email, students.is_active AS students_is_active, students.created_at AS students_created_at, fee_records_1.id AS fee_records_1_id, fee_records_1.student_id AS fee_records_1_student_id, fee_records_1.fee_type_id AS fee_records_1_fee_type_id, fee_records_1.total_fees_kobo AS fee_records_1_total_fees_kobo, fee_records_1.amount_paid_kobo AS fee_records_1_amount_paid_kobo, fee_records_1.status AS fee_records_1_status, fee_records_1.created_at AS fee_records_1_created_at, fee_records_1.updated_at AS fee_records_1_updated_at 
FROM students LEFT OUTER JOIN fee_records AS fee_records_1 ON students.id = fee_records_1.student_id 
WHERE students.school_id = ? AND students.is_active = 1
2026-08-01 17:26:32 | INFO     | sqlalchemy.engine.Engine | SELECT students.id AS students_id, students.school_id AS students_school_id, students.student_name AS students_student_name, students.section AS students_section, students.class_name AS students_class_name, students.parent_name AS students_parent_name, students.parent_phone AS students_parent_phone, students.parent_email AS students_parent_email, students.is_active AS students_is_active, students.created_at AS students_created_at, fee_records_1.id AS fee_records_1_id, fee_records_1.student_id AS fee_records_1_student_id, fee_records_1.fee_type_id AS fee_records_1_fee_type_id, fee_records_1.total_fees_kobo AS fee_records_1_total_fees_kobo, fee_records_1.amount_paid_kobo AS fee_records_1_amount_paid_kobo, fee_records_1.status AS fee_records_1_status, fee_records_1.created_at AS fee_records_1_created_at, fee_records_1.updated_at AS fee_records_1_updated_at 
FROM students LEFT OUTER JOIN fee_records AS fee_records_1 ON students.id = fee_records_1.student_id 
WHERE students.school_id = ? AND students.is_active = 1
2026-08-01 17:26:32,328 INFO sqlalchemy.engine.Engine [cached since 670.6s ago] (1,)
2026-08-01 17:26:32 | INFO     | sqlalchemy.engine.Engine | [cached since 670.6s ago] (1,)
2026-08-01 17:26:32,332 INFO sqlalchemy.engine.Engine SELECT fee_categories.id AS fee_categories_id, fee_categories.school_id AS fee_categories_school_id, fee_categories.name AS fee_categories_name, fee_categories.created_at AS fee_categories_created_at 
FROM fee_categories 
WHERE fee_categories.school_id = ? ORDER BY fee_categories.name
2026-08-01 17:26:32 | INFO     | sqlalchemy.engine.Engine | SELECT fee_categories.id AS fee_categories_id, fee_categories.school_id AS fee_categories_school_id, fee_categories.name AS fee_categories_name, fee_categories.created_at AS fee_categories_created_at 
FROM fee_categories 
WHERE fee_categories.school_id = ? ORDER BY fee_categories.name
2026-08-01 17:26:32,332 INFO sqlalchemy.engine.Engine [cached since 733.2s ago] (1,)
2026-08-01 17:26:32 | INFO     | sqlalchemy.engine.Engine | [cached since 733.2s ago] (1,)
2026-08-01 17:26:32,334 INFO sqlalchemy.engine.Engine SELECT fee_types.id AS fee_types_id, fee_types.school_id AS fee_types_school_id, fee_types.category_id AS fee_types_category_id, fee_types.section AS fee_types_section, fee_types.term AS fee_types_term, fee_types.amount_kobo AS fee_types_amount_kobo, fee_types.created_at AS fee_types_created_at 
FROM fee_types 
WHERE fee_types.category_id = ?
2026-08-01 17:26:32 | INFO     | sqlalchemy.engine.Engine | SELECT fee_types.id AS fee_types_id, fee_types.school_id AS fee_types_school_id, fee_types.category_id AS fee_types_category_id, fee_types.section AS fee_types_section, fee_types.term AS fee_types_term, fee_types.amount_kobo AS fee_types_amount_kobo, fee_types.created_at AS fee_types_created_at 
FROM fee_types 
WHERE fee_types.category_id = ?
2026-08-01 17:26:32,335 INFO sqlalchemy.engine.Engine [cached since 670.6s ago] (8,)
2026-08-01 17:26:32 | INFO     | sqlalchemy.engine.Engine | [cached since 670.6s ago] (8,)
2026-08-01 17:26:32,338 INFO sqlalchemy.engine.Engine SELECT fee_types.id AS fee_types_id, fee_types.school_id AS fee_types_school_id, fee_types.category_id AS fee_types_category_id, fee_types.section AS fee_types_section, fee_types.term AS fee_types_term, fee_types.amount_kobo AS fee_types_amount_kobo, fee_types.created_at AS fee_types_created_at 
FROM fee_types 
WHERE fee_types.category_id = ?
2026-08-01 17:26:32 | INFO     | sqlalchemy.engine.Engine | SELECT fee_types.id AS fee_types_id, fee_types.school_id AS fee_types_school_id, fee_types.category_id AS fee_types_category_id, fee_types.section AS fee_types_section, fee_types.term AS fee_types_term, fee_types.amount_kobo AS fee_types_amount_kobo, fee_types.created_at AS fee_types_created_at 
FROM fee_types 
WHERE fee_types.category_id = ?
2026-08-01 17:26:32,341 INFO sqlalchemy.engine.Engine [cached since 670.6s ago] (3,)
2026-08-01 17:26:32 | INFO     | sqlalchemy.engine.Engine | [cached since 670.6s ago] (3,)
2026-08-01 17:26:32,339 INFO sqlalchemy.engine.Engine BEGIN (implicit)
2026-08-01 17:26:32 | INFO     | sqlalchemy.engine.Engine | BEGIN (implicit)
2026-08-01 17:26:32,344 INFO sqlalchemy.engine.Engine SELECT users.id AS users_id, users.school_id AS users_school_id, users.email AS users_email, users.hashed_password AS users_hashed_password, users.role AS users_role, users.is_active AS users_is_active, users.created_at AS users_created_at, users.last_login AS users_last_login 
FROM users 
WHERE users.id = ?
 LIMIT ? OFFSET ?
2026-08-01 17:26:32 | INFO     | sqlalchemy.engine.Engine | SELECT users.id AS users_id, users.school_id AS users_school_id, users.email AS users_email, users.hashed_password AS users_hashed_password, users.role AS users_role, users.is_active AS users_is_active, users.created_at AS users_created_at, users.last_login AS users_last_login 
FROM users 
WHERE users.id = ?
 LIMIT ? OFFSET ?
2026-08-01 17:26:32,344 INFO sqlalchemy.engine.Engine [cached since 733.3s ago] (1, 1, 0)
2026-08-01 17:26:32 | INFO     | sqlalchemy.engine.Engine | [cached since 733.3s ago] (1, 1, 0)
2026-08-01 17:26:32,346 INFO sqlalchemy.engine.Engine SELECT fee_types.id AS fee_types_id, fee_types.school_id AS fee_types_school_id, fee_types.category_id AS fee_types_category_id, fee_types.section AS fee_types_section, fee_types.term AS fee_types_term, fee_types.amount_kobo AS fee_types_amount_kobo, fee_types.created_at AS fee_types_created_at 
FROM fee_types 
WHERE fee_types.category_id = ?
2026-08-01 17:26:32 | INFO     | sqlalchemy.engine.Engine | SELECT fee_types.id AS fee_types_id, fee_types.school_id AS fee_types_school_id, fee_types.category_id AS fee_types_category_id, fee_types.section AS fee_types_section, fee_types.term AS fee_types_term, fee_types.amount_kobo AS fee_types_amount_kobo, fee_types.created_at AS fee_types_created_at 
FROM fee_types 
WHERE fee_types.category_id = ?
2026-08-01 17:26:32,346 INFO sqlalchemy.engine.Engine [cached since 670.6s ago] (6,)
2026-08-01 17:26:32 | INFO     | sqlalchemy.engine.Engine | [cached since 670.6s ago] (6,)
2026-08-01 17:26:32,356 INFO sqlalchemy.engine.Engine SELECT activity_logs.id AS activity_logs_id, activity_logs.school_id AS activity_logs_school_id, activity_logs.student_id AS activity_logs_student_id, activity_logs.action AS activity_logs_action, activity_logs.description AS activity_logs_description, activity_logs.created_at AS activity_logs_created_at 
FROM activity_logs 
WHERE activity_logs.school_id = ? ORDER BY activity_logs.created_at DESC
 LIMIT ? OFFSET ?
2026-08-01 17:26:32 | INFO     | sqlalchemy.engine.Engine | SELECT activity_logs.id AS activity_logs_id, activity_logs.school_id AS activity_logs_school_id, activity_logs.student_id AS activity_logs_student_id, activity_logs.action AS activity_logs_action, activity_logs.description AS activity_logs_description, activity_logs.created_at AS activity_logs_created_at 
FROM activity_logs 
WHERE activity_logs.school_id = ? ORDER BY activity_logs.created_at DESC
 LIMIT ? OFFSET ?
2026-08-01 17:26:32,357 INFO sqlalchemy.engine.Engine SELECT fee_types.id AS fee_types_id, fee_types.school_id AS fee_types_school_id, fee_types.category_id AS fee_types_category_id, fee_types.section AS fee_types_section, fee_types.term AS fee_types_term, fee_types.amount_kobo AS fee_types_amount_kobo, fee_types.created_at AS fee_types_created_at 
FROM fee_types 
WHERE fee_types.category_id = ?
2026-08-01 17:26:32 | INFO     | sqlalchemy.engine.Engine | SELECT fee_types.id AS fee_types_id, fee_types.school_id AS fee_types_school_id, fee_types.category_id AS fee_types_category_id, fee_types.section AS fee_types_section, fee_types.term AS fee_types_term, fee_types.amount_kobo AS fee_types_amount_kobo, fee_types.created_at AS fee_types_created_at 
FROM fee_types 
WHERE fee_types.category_id = ?
2026-08-01 17:26:32,357 INFO sqlalchemy.engine.Engine [cached since 670.6s ago] (1, 6, 0)
2026-08-01 17:26:32 | INFO     | sqlalchemy.engine.Engine | [cached since 670.6s ago] (1, 6, 0)
2026-08-01 17:26:32,357 INFO sqlalchemy.engine.Engine [cached since 670.6s ago] (4,)
2026-08-01 17:26:32 | INFO     | sqlalchemy.engine.Engine | [cached since 670.6s ago] (4,)
2026-08-01 17:26:32,359 INFO sqlalchemy.engine.Engine SELECT fee_types.id AS fee_types_id, fee_types.school_id AS fee_types_school_id, fee_types.category_id AS fee_types_category_id, fee_types.section AS fee_types_section, fee_types.term AS fee_types_term, fee_types.amount_kobo AS fee_types_amount_kobo, fee_types.created_at AS fee_types_created_at 
FROM fee_types 
WHERE fee_types.category_id = ?
2026-08-01 17:26:32 | INFO     | sqlalchemy.engine.Engine | SELECT fee_types.id AS fee_types_id, fee_types.school_id AS fee_types_school_id, fee_types.category_id AS fee_types_category_id, fee_types.section AS fee_types_section, fee_types.term AS fee_types_term, fee_types.amount_kobo AS fee_types_amount_kobo, fee_types.created_at AS fee_types_created_at 
FROM fee_types 
WHERE fee_types.category_id = ?
2026-08-01 17:26:32,359 INFO sqlalchemy.engine.Engine [cached since 670.6s ago] (7,)
2026-08-01 17:26:32 | INFO     | sqlalchemy.engine.Engine | [cached since 670.6s ago] (7,)
INFO:     127.0.0.1:56834 - "GET /api/v1/activity/?school_id=1&limit=6 HTTP/1.1" 200 OK
2026-08-01 17:26:32,362 INFO sqlalchemy.engine.Engine SELECT fee_types.id AS fee_types_id, fee_types.school_id AS fee_types_school_id, fee_types.category_id AS fee_types_category_id, fee_types.section AS fee_types_section, fee_types.term AS fee_types_term, fee_types.amount_kobo AS fee_types_amount_kobo, fee_types.created_at AS fee_types_created_at 
FROM fee_types 
WHERE fee_types.category_id = ?
2026-08-01 17:26:32 | INFO     | sqlalchemy.engine.Engine | SELECT fee_types.id AS fee_types_id, fee_types.school_id AS fee_types_school_id, fee_types.category_id AS fee_types_category_id, fee_types.section AS fee_types_section, fee_types.term AS fee_types_term, fee_types.amount_kobo AS fee_types_amount_kobo, fee_types.created_at AS fee_types_created_at 
FROM fee_types 
WHERE fee_types.category_id = ?
2026-08-01 17:26:32,363 INFO sqlalchemy.engine.Engine [cached since 670.6s ago] (2,)
2026-08-01 17:26:32 | INFO     | sqlalchemy.engine.Engine | [cached since 670.6s ago] (2,)
2026-08-01 17:26:32,369 INFO sqlalchemy.engine.Engine ROLLBACK
2026-08-01 17:26:32 | INFO     | sqlalchemy.engine.Engine | ROLLBACK
2026-08-01 17:26:32,372 INFO sqlalchemy.engine.Engine SELECT fee_types.id AS fee_types_id, fee_types.school_id AS fee_types_school_id, fee_types.category_id AS fee_types_category_id, fee_types.section AS fee_types_section, fee_types.term AS fee_types_term, fee_types.amount_kobo AS fee_types_amount_kobo, fee_types.created_at AS fee_types_created_at 
FROM fee_types 
WHERE fee_types.category_id = ?
2026-08-01 17:26:32 | INFO     | sqlalchemy.engine.Engine | SELECT fee_types.id AS fee_types_id, fee_types.school_id AS fee_types_school_id, fee_types.category_id AS fee_types_category_id, fee_types.section AS fee_types_section, fee_types.term AS fee_types_term, fee_types.amount_kobo AS fee_types_amount_kobo, fee_types.created_at AS fee_types_created_at 
FROM fee_types 
WHERE fee_types.category_id = ?
2026-08-01 17:26:32,372 INFO sqlalchemy.engine.Engine [cached since 670.7s ago] (1,)
2026-08-01 17:26:32 | INFO     | sqlalchemy.engine.Engine | [cached since 670.7s ago] (1,)
2026-08-01 17:26:32,375 INFO sqlalchemy.engine.Engine SELECT fee_records.id AS fee_records_id, fee_records.student_id AS fee_records_student_id, fee_records.fee_type_id AS fee_records_fee_type_id, fee_records.total_fees_kobo AS fee_records_total_fees_kobo, fee_records.amount_paid_kobo AS fee_records_amount_paid_kobo, fee_records.status AS fee_records_status, fee_records.created_at AS fee_records_created_at, fee_records.updated_at AS fee_records_updated_at 
FROM fee_records 
WHERE fee_records.fee_type_id IN (?, ?)
2026-08-01 17:26:32 | INFO     | sqlalchemy.engine.Engine | SELECT fee_records.id AS fee_records_id, fee_records.student_id AS fee_records_student_id, fee_records.fee_type_id AS fee_records_fee_type_id, fee_records.total_fees_kobo AS fee_records_total_fees_kobo, fee_records.amount_paid_kobo AS fee_records_amount_paid_kobo, fee_records.status AS fee_records_status, fee_records.created_at AS fee_records_created_at, fee_records.updated_at AS fee_records_updated_at 
FROM fee_records 
WHERE fee_records.fee_type_id IN (?, ?)
2026-08-01 17:26:32,375 INFO sqlalchemy.engine.Engine [cached since 670.5s ago] (1, 3)
2026-08-01 17:26:32 | INFO     | sqlalchemy.engine.Engine | [cached since 670.5s ago] (1, 3)
2026-08-01 17:26:32,377 INFO sqlalchemy.engine.Engine SELECT fee_types.id AS fee_types_id, fee_types.school_id AS fee_types_school_id, fee_types.category_id AS fee_types_category_id, fee_types.section AS fee_types_section, fee_types.term AS fee_types_term, fee_types.amount_kobo AS fee_types_amount_kobo, fee_types.created_at AS fee_types_created_at 
FROM fee_types 
WHERE fee_types.category_id = ?
2026-08-01 17:26:32 | INFO     | sqlalchemy.engine.Engine | SELECT fee_types.id AS fee_types_id, fee_types.school_id AS fee_types_school_id, fee_types.category_id AS fee_types_category_id, fee_types.section AS fee_types_section, fee_types.term AS fee_types_term, fee_types.amount_kobo AS fee_types_amount_kobo, fee_types.created_at AS fee_types_created_at 
FROM fee_types 
WHERE fee_types.category_id = ?
2026-08-01 17:26:32,377 INFO sqlalchemy.engine.Engine [cached since 670.7s ago] (5,)
2026-08-01 17:26:32 | INFO     | sqlalchemy.engine.Engine | [cached since 670.7s ago] (5,)
INFO:     127.0.0.1:56833 - "GET /api/v1/dashboard/summary?school_id=1&section=Nursery HTTP/1.1" 200 OK
2026-08-01 17:26:32,455 INFO sqlalchemy.engine.Engine ROLLBACK
2026-08-01 17:26:32 | INFO     | sqlalchemy.engine.Engine | ROLLBACK
2026-08-01 17:26:33,876 INFO sqlalchemy.engine.Engine BEGIN (implicit)
2026-08-01 17:26:33 | INFO     | sqlalchemy.engine.Engine | BEGIN (implicit)
2026-08-01 17:26:33,877 INFO sqlalchemy.engine.Engine BEGIN (implicit)
2026-08-01 17:26:33 | INFO     | sqlalchemy.engine.Engine | BEGIN (implicit)
2026-08-01 17:26:33,877 INFO sqlalchemy.engine.Engine SELECT users.id AS users_id, users.school_id AS users_school_id, users.email AS users_email, users.hashed_password AS users_hashed_password, users.role AS users_role, users.is_active AS users_is_active, users.created_at AS users_created_at, users.last_login AS users_last_login 
FROM users 
WHERE users.id = ?
 LIMIT ? OFFSET ?
2026-08-01 17:26:33 | INFO     | sqlalchemy.engine.Engine | SELECT users.id AS users_id, users.school_id AS users_school_id, users.email AS users_email, users.hashed_password AS users_hashed_password, users.role AS users_role, users.is_active AS users_is_active, users.created_at AS users_created_at, users.last_login AS users_last_login 
FROM users 
WHERE users.id = ?
 LIMIT ? OFFSET ?
2026-08-01 17:26:33,878 INFO sqlalchemy.engine.Engine SELECT users.id AS users_id, users.school_id AS users_school_id, users.email AS users_email, users.hashed_password AS users_hashed_password, users.role AS users_role, users.is_active AS users_is_active, users.created_at AS users_created_at, users.last_login AS users_last_login 
FROM users 
WHERE users.id = ?
 LIMIT ? OFFSET ?
2026-08-01 17:26:33 | INFO     | sqlalchemy.engine.Engine | SELECT users.id AS users_id, users.school_id AS users_school_id, users.email AS users_email, users.hashed_password AS users_hashed_password, users.role AS users_role, users.is_active AS users_is_active, users.created_at AS users_created_at, users.last_login AS users_last_login 
FROM users 
WHERE users.id = ?
 LIMIT ? OFFSET ?
2026-08-01 17:26:33,879 INFO sqlalchemy.engine.Engine [cached since 734.8s ago] (1, 1, 0)
2026-08-01 17:26:33 | INFO     | sqlalchemy.engine.Engine | [cached since 734.8s ago] (1, 1, 0)
2026-08-01 17:26:33,878 INFO sqlalchemy.engine.Engine [cached since 734.8s ago] (1, 1, 0)
2026-08-01 17:26:33 | INFO     | sqlalchemy.engine.Engine | [cached since 734.8s ago] (1, 1, 0)
2026-08-01 17:26:33,885 INFO sqlalchemy.engine.Engine SELECT schools.id AS schools_id, schools.name AS schools_name, schools.slug AS schools_slug, schools.phone AS schools_phone, schools.email AS schools_email, schools.address AS schools_address, schools.is_active AS schools_is_active, schools.created_at AS schools_created_at 
FROM schools 
WHERE schools.id = ?
 LIMIT ? OFFSET ?
2026-08-01 17:26:33 | INFO     | sqlalchemy.engine.Engine | SELECT schools.id AS schools_id, schools.name AS schools_name, schools.slug AS schools_slug, schools.phone AS schools_phone, schools.email AS schools_email, schools.address AS schools_address, schools.is_active AS schools_is_active, schools.created_at AS schools_created_at 
FROM schools 
WHERE schools.id = ?
 LIMIT ? OFFSET ?
2026-08-01 17:26:33,886 INFO sqlalchemy.engine.Engine [cached since 672.3s ago] (1, 1, 0)
2026-08-01 17:26:33 | INFO     | sqlalchemy.engine.Engine | [cached since 672.3s ago] (1, 1, 0)
2026-08-01 17:26:33,888 INFO sqlalchemy.engine.Engine SELECT activity_logs.id AS activity_logs_id, activity_logs.school_id AS activity_logs_school_id, activity_logs.student_id AS activity_logs_student_id, activity_logs.action AS activity_logs_action, activity_logs.description AS activity_logs_description, activity_logs.created_at AS activity_logs_created_at 
FROM activity_logs 
WHERE activity_logs.school_id = ? ORDER BY activity_logs.created_at DESC
 LIMIT ? OFFSET ?
2026-08-01 17:26:33 | INFO     | sqlalchemy.engine.Engine | SELECT activity_logs.id AS activity_logs_id, activity_logs.school_id AS activity_logs_school_id, activity_logs.student_id AS activity_logs_student_id, activity_logs.action AS activity_logs_action, activity_logs.description AS activity_logs_description, activity_logs.created_at AS activity_logs_created_at 
FROM activity_logs 
WHERE activity_logs.school_id = ? ORDER BY activity_logs.created_at DESC
 LIMIT ? OFFSET ?
2026-08-01 17:26:33,888 INFO sqlalchemy.engine.Engine [cached since 672.2s ago] (1, 6, 0)
2026-08-01 17:26:33 | INFO     | sqlalchemy.engine.Engine | [cached since 672.2s ago] (1, 6, 0)
2026-08-01 17:26:33,892 INFO sqlalchemy.engine.Engine SELECT students.id AS students_id, students.school_id AS students_school_id, students.student_name AS students_student_name, students.section AS students_section, students.class_name AS students_class_name, students.parent_name AS students_parent_name, students.parent_phone AS students_parent_phone, students.parent_email AS students_parent_email, students.is_active AS students_is_active, students.created_at AS students_created_at, fee_types_1.id AS fee_types_1_id, fee_types_1.school_id AS fee_types_1_school_id, fee_types_1.category_id AS fee_types_1_category_id, fee_types_1.section AS fee_types_1_section, fee_types_1.term AS fee_types_1_term, fee_types_1.amount_kobo AS fee_types_1_amount_kobo, fee_types_1.created_at AS fee_types_1_created_at, fee_records_1.id AS fee_records_1_id, fee_records_1.student_id AS fee_records_1_student_id, fee_records_1.fee_type_id AS fee_records_1_fee_type_id, fee_records_1.total_fees_kobo AS fee_records_1_total_fees_kobo, fee_records_1.amount_paid_kobo AS fee_records_1_amount_paid_kobo, fee_records_1.status AS fee_records_1_status, fee_records_1.created_at AS fee_records_1_created_at, fee_records_1.updated_at AS fee_records_1_updated_at 
FROM students LEFT OUTER JOIN fee_records AS fee_records_1 ON students.id = fee_records_1.student_id LEFT OUTER JOIN fee_types AS fee_types_1 ON fee_types_1.id = fee_records_1.fee_type_id 
WHERE students.school_id = ? AND students.is_active = 1 AND students.section = ?
2026-08-01 17:26:33 | INFO     | sqlalchemy.engine.Engine | SELECT students.id AS students_id, students.school_id AS students_school_id, students.student_name AS students_student_name, students.section AS students_section, students.class_name AS students_class_name, students.parent_name AS students_parent_name, students.parent_phone AS students_parent_phone, students.parent_email AS students_parent_email, students.is_active AS students_is_active, students.created_at AS students_created_at, fee_types_1.id AS fee_types_1_id, fee_types_1.school_id AS fee_types_1_school_id, fee_types_1.category_id AS fee_types_1_category_id, fee_types_1.section AS fee_types_1_section, fee_types_1.term AS fee_types_1_term, fee_types_1.amount_kobo AS fee_types_1_amount_kobo, fee_types_1.created_at AS fee_types_1_created_at, fee_records_1.id AS fee_records_1_id, fee_records_1.student_id AS fee_records_1_student_id, fee_records_1.fee_type_id AS fee_records_1_fee_type_id, fee_records_1.total_fees_kobo AS fee_records_1_total_fees_kobo, fee_records_1.amount_paid_kobo AS fee_records_1_amount_paid_kobo, fee_records_1.status AS fee_records_1_status, fee_records_1.created_at AS fee_records_1_created_at, fee_records_1.updated_at AS fee_records_1_updated_at 
FROM students LEFT OUTER JOIN fee_records AS fee_records_1 ON students.id = fee_records_1.student_id LEFT OUTER JOIN fee_types AS fee_types_1 ON fee_types_1.id = fee_records_1.fee_type_id 
WHERE students.school_id = ? AND students.is_active = 1 AND students.section = ?
2026-08-01 17:26:33,893 INFO sqlalchemy.engine.Engine [cached since 616.2s ago] (1, 'Primary')
2026-08-01 17:26:33 | INFO     | sqlalchemy.engine.Engine | [cached since 616.2s ago] (1, 'Primary')
INFO:     127.0.0.1:56834 - "GET /api/v1/activity/?school_id=1&limit=6 HTTP/1.1" 200 OK
2026-08-01 17:26:33,895 INFO sqlalchemy.engine.Engine SELECT students.id AS students_id, students.school_id AS students_school_id, students.student_name AS students_student_name, students.section AS students_section, students.class_name AS students_class_name, students.parent_name AS students_parent_name, students.parent_phone AS students_parent_phone, students.parent_email AS students_parent_email, students.is_active AS students_is_active, students.created_at AS students_created_at, fee_records_1.id AS fee_records_1_id, fee_records_1.student_id AS fee_records_1_student_id, fee_records_1.fee_type_id AS fee_records_1_fee_type_id, fee_records_1.total_fees_kobo AS fee_records_1_total_fees_kobo, fee_records_1.amount_paid_kobo AS fee_records_1_amount_paid_kobo, fee_records_1.status AS fee_records_1_status, fee_records_1.created_at AS fee_records_1_created_at, fee_records_1.updated_at AS fee_records_1_updated_at 
FROM students LEFT OUTER JOIN fee_records AS fee_records_1 ON students.id = fee_records_1.student_id 
WHERE students.school_id = ? AND students.is_active = 1
2026-08-01 17:26:33 | INFO     | sqlalchemy.engine.Engine | SELECT students.id AS students_id, students.school_id AS students_school_id, students.student_name AS students_student_name, students.section AS students_section, students.class_name AS students_class_name, students.parent_name AS students_parent_name, students.parent_phone AS students_parent_phone, students.parent_email AS students_parent_email, students.is_active AS students_is_active, students.created_at AS students_created_at, fee_records_1.id AS fee_records_1_id, fee_records_1.student_id AS fee_records_1_student_id, fee_records_1.fee_type_id AS fee_records_1_fee_type_id, fee_records_1.total_fees_kobo AS fee_records_1_total_fees_kobo, fee_records_1.amount_paid_kobo AS fee_records_1_amount_paid_kobo, fee_records_1.status AS fee_records_1_status, fee_records_1.created_at AS fee_records_1_created_at, fee_records_1.updated_at AS fee_records_1_updated_at 
FROM students LEFT OUTER JOIN fee_records AS fee_records_1 ON students.id = fee_records_1.student_id 
WHERE students.school_id = ? AND students.is_active = 1
2026-08-01 17:26:33,896 INFO sqlalchemy.engine.Engine [cached since 672.2s ago] (1,)
2026-08-01 17:26:33 | INFO     | sqlalchemy.engine.Engine | [cached since 672.2s ago] (1,)
2026-08-01 17:26:33,900 INFO sqlalchemy.engine.Engine ROLLBACK
2026-08-01 17:26:33 | INFO     | sqlalchemy.engine.Engine | ROLLBACK
2026-08-01 17:26:33,905 INFO sqlalchemy.engine.Engine SELECT fee_categories.id AS fee_categories_id, fee_categories.school_id AS fee_categories_school_id, fee_categories.name AS fee_categories_name, fee_categories.created_at AS fee_categories_created_at 
FROM fee_categories 
WHERE fee_categories.school_id = ? ORDER BY fee_categories.name
2026-08-01 17:26:33 | INFO     | sqlalchemy.engine.Engine | SELECT fee_categories.id AS fee_categories_id, fee_categories.school_id AS fee_categories_school_id, fee_categories.name AS fee_categories_name, fee_categories.created_at AS fee_categories_created_at 
FROM fee_categories 
WHERE fee_categories.school_id = ? ORDER BY fee_categories.name
2026-08-01 17:26:33,906 INFO sqlalchemy.engine.Engine [cached since 734.8s ago] (1,)
2026-08-01 17:26:33 | INFO     | sqlalchemy.engine.Engine | [cached since 734.8s ago] (1,)
2026-08-01 17:26:33,909 INFO sqlalchemy.engine.Engine SELECT fee_types.id AS fee_types_id, fee_types.school_id AS fee_types_school_id, fee_types.category_id AS fee_types_category_id, fee_types.section AS fee_types_section, fee_types.term AS fee_types_term, fee_types.amount_kobo AS fee_types_amount_kobo, fee_types.created_at AS fee_types_created_at 
FROM fee_types 
WHERE fee_types.category_id = ?
2026-08-01 17:26:33 | INFO     | sqlalchemy.engine.Engine | SELECT fee_types.id AS fee_types_id, fee_types.school_id AS fee_types_school_id, fee_types.category_id AS fee_types_category_id, fee_types.section AS fee_types_section, fee_types.term AS fee_types_term, fee_types.amount_kobo AS fee_types_amount_kobo, fee_types.created_at AS fee_types_created_at 
FROM fee_types 
WHERE fee_types.category_id = ?
2026-08-01 17:26:33,909 INFO sqlalchemy.engine.Engine [cached since 672.2s ago] (8,)
2026-08-01 17:26:33 | INFO     | sqlalchemy.engine.Engine | [cached since 672.2s ago] (8,)
2026-08-01 17:26:33,911 INFO sqlalchemy.engine.Engine SELECT fee_types.id AS fee_types_id, fee_types.school_id AS fee_types_school_id, fee_types.category_id AS fee_types_category_id, fee_types.section AS fee_types_section, fee_types.term AS fee_types_term, fee_types.amount_kobo AS fee_types_amount_kobo, fee_types.created_at AS fee_types_created_at 
FROM fee_types 
WHERE fee_types.category_id = ?
2026-08-01 17:26:33 | INFO     | sqlalchemy.engine.Engine | SELECT fee_types.id AS fee_types_id, fee_types.school_id AS fee_types_school_id, fee_types.category_id AS fee_types_category_id, fee_types.section AS fee_types_section, fee_types.term AS fee_types_term, fee_types.amount_kobo AS fee_types_amount_kobo, fee_types.created_at AS fee_types_created_at 
FROM fee_types 
WHERE fee_types.category_id = ?
2026-08-01 17:26:33,911 INFO sqlalchemy.engine.Engine [cached since 672.2s ago] (3,)
2026-08-01 17:26:33 | INFO     | sqlalchemy.engine.Engine | [cached since 672.2s ago] (3,)
2026-08-01 17:26:33,917 INFO sqlalchemy.engine.Engine SELECT fee_types.id AS fee_types_id, fee_types.school_id AS fee_types_school_id, fee_types.category_id AS fee_types_category_id, fee_types.section AS fee_types_section, fee_types.term AS fee_types_term, fee_types.amount_kobo AS fee_types_amount_kobo, fee_types.created_at AS fee_types_created_at 
FROM fee_types 
WHERE fee_types.category_id = ?
2026-08-01 17:26:33 | INFO     | sqlalchemy.engine.Engine | SELECT fee_types.id AS fee_types_id, fee_types.school_id AS fee_types_school_id, fee_types.category_id AS fee_types_category_id, fee_types.section AS fee_types_section, fee_types.term AS fee_types_term, fee_types.amount_kobo AS fee_types_amount_kobo, fee_types.created_at AS fee_types_created_at 
FROM fee_types 
WHERE fee_types.category_id = ?
2026-08-01 17:26:33,917 INFO sqlalchemy.engine.Engine [cached since 672.2s ago] (6,)
2026-08-01 17:26:33 | INFO     | sqlalchemy.engine.Engine | [cached since 672.2s ago] (6,)
2026-08-01 17:26:33,919 INFO sqlalchemy.engine.Engine SELECT fee_types.id AS fee_types_id, fee_types.school_id AS fee_types_school_id, fee_types.category_id AS fee_types_category_id, fee_types.section AS fee_types_section, fee_types.term AS fee_types_term, fee_types.amount_kobo AS fee_types_amount_kobo, fee_types.created_at AS fee_types_created_at 
FROM fee_types 
WHERE fee_types.category_id = ?
2026-08-01 17:26:33 | INFO     | sqlalchemy.engine.Engine | SELECT fee_types.id AS fee_types_id, fee_types.school_id AS fee_types_school_id, fee_types.category_id AS fee_types_category_id, fee_types.section AS fee_types_section, fee_types.term AS fee_types_term, fee_types.amount_kobo AS fee_types_amount_kobo, fee_types.created_at AS fee_types_created_at 
FROM fee_types 
WHERE fee_types.category_id = ?
2026-08-01 17:26:33,920 INFO sqlalchemy.engine.Engine [cached since 672.2s ago] (4,)
2026-08-01 17:26:33 | INFO     | sqlalchemy.engine.Engine | [cached since 672.2s ago] (4,)
2026-08-01 17:26:33,921 INFO sqlalchemy.engine.Engine SELECT fee_types.id AS fee_types_id, fee_types.school_id AS fee_types_school_id, fee_types.category_id AS fee_types_category_id, fee_types.section AS fee_types_section, fee_types.term AS fee_types_term, fee_types.amount_kobo AS fee_types_amount_kobo, fee_types.created_at AS fee_types_created_at 
FROM fee_types 
WHERE fee_types.category_id = ?
2026-08-01 17:26:33 | INFO     | sqlalchemy.engine.Engine | SELECT fee_types.id AS fee_types_id, fee_types.school_id AS fee_types_school_id, fee_types.category_id AS fee_types_category_id, fee_types.section AS fee_types_section, fee_types.term AS fee_types_term, fee_types.amount_kobo AS fee_types_amount_kobo, fee_types.created_at AS fee_types_created_at 
FROM fee_types 
WHERE fee_types.category_id = ?
2026-08-01 17:26:33,921 INFO sqlalchemy.engine.Engine [cached since 672.2s ago] (7,)
2026-08-01 17:26:33 | INFO     | sqlalchemy.engine.Engine | [cached since 672.2s ago] (7,)
2026-08-01 17:26:33,922 INFO sqlalchemy.engine.Engine SELECT fee_types.id AS fee_types_id, fee_types.school_id AS fee_types_school_id, fee_types.category_id AS fee_types_category_id, fee_types.section AS fee_types_section, fee_types.term AS fee_types_term, fee_types.amount_kobo AS fee_types_amount_kobo, fee_types.created_at AS fee_types_created_at 
FROM fee_types 
WHERE fee_types.category_id = ?
2026-08-01 17:26:33 | INFO     | sqlalchemy.engine.Engine | SELECT fee_types.id AS fee_types_id, fee_types.school_id AS fee_types_school_id, fee_types.category_id AS fee_types_category_id, fee_types.section AS fee_types_section, fee_types.term AS fee_types_term, fee_types.amount_kobo AS fee_types_amount_kobo, fee_types.created_at AS fee_types_created_at 
FROM fee_types 
WHERE fee_types.category_id = ?
2026-08-01 17:26:33,923 INFO sqlalchemy.engine.Engine [cached since 672.2s ago] (2,)
2026-08-01 17:26:33 | INFO     | sqlalchemy.engine.Engine | [cached since 672.2s ago] (2,)
2026-08-01 17:26:33,925 INFO sqlalchemy.engine.Engine SELECT fee_types.id AS fee_types_id, fee_types.school_id AS fee_types_school_id, fee_types.category_id AS fee_types_category_id, fee_types.section AS fee_types_section, fee_types.term AS fee_types_term, fee_types.amount_kobo AS fee_types_amount_kobo, fee_types.created_at AS fee_types_created_at 
FROM fee_types 
WHERE fee_types.category_id = ?
2026-08-01 17:26:33 | INFO     | sqlalchemy.engine.Engine | SELECT fee_types.id AS fee_types_id, fee_types.school_id AS fee_types_school_id, fee_types.category_id AS fee_types_category_id, fee_types.section AS fee_types_section, fee_types.term AS fee_types_term, fee_types.amount_kobo AS fee_types_amount_kobo, fee_types.created_at AS fee_types_created_at 
FROM fee_types 
WHERE fee_types.category_id = ?
2026-08-01 17:26:33,925 INFO sqlalchemy.engine.Engine [cached since 672.2s ago] (1,)
2026-08-01 17:26:33 | INFO     | sqlalchemy.engine.Engine | [cached since 672.2s ago] (1,)
2026-08-01 17:26:33,928 INFO sqlalchemy.engine.Engine SELECT fee_records.id AS fee_records_id, fee_records.student_id AS fee_records_student_id, fee_records.fee_type_id AS fee_records_fee_type_id, fee_records.total_fees_kobo AS fee_records_total_fees_kobo, fee_records.amount_paid_kobo AS fee_records_amount_paid_kobo, fee_records.status AS fee_records_status, fee_records.created_at AS fee_records_created_at, fee_records.updated_at AS fee_records_updated_at 
FROM fee_records 
WHERE fee_records.fee_type_id IN (?, ?)
2026-08-01 17:26:33 | INFO     | sqlalchemy.engine.Engine | SELECT fee_records.id AS fee_records_id, fee_records.student_id AS fee_records_student_id, fee_records.fee_type_id AS fee_records_fee_type_id, fee_records.total_fees_kobo AS fee_records_total_fees_kobo, fee_records.amount_paid_kobo AS fee_records_amount_paid_kobo, fee_records.status AS fee_records_status, fee_records.created_at AS fee_records_created_at, fee_records.updated_at AS fee_records_updated_at 
FROM fee_records 
WHERE fee_records.fee_type_id IN (?, ?)
2026-08-01 17:26:33,928 INFO sqlalchemy.engine.Engine [cached since 672.1s ago] (1, 3)
2026-08-01 17:26:33 | INFO     | sqlalchemy.engine.Engine | [cached since 672.1s ago] (1, 3)
2026-08-01 17:26:33,934 INFO sqlalchemy.engine.Engine SELECT fee_types.id AS fee_types_id, fee_types.school_id AS fee_types_school_id, fee_types.category_id AS fee_types_category_id, fee_types.section AS fee_types_section, fee_types.term AS fee_types_term, fee_types.amount_kobo AS fee_types_amount_kobo, fee_types.created_at AS fee_types_created_at 
FROM fee_types 
WHERE fee_types.category_id = ?
2026-08-01 17:26:33 | INFO     | sqlalchemy.engine.Engine | SELECT fee_types.id AS fee_types_id, fee_types.school_id AS fee_types_school_id, fee_types.category_id AS fee_types_category_id, fee_types.section AS fee_types_section, fee_types.term AS fee_types_term, fee_types.amount_kobo AS fee_types_amount_kobo, fee_types.created_at AS fee_types_created_at 
FROM fee_types 
WHERE fee_types.category_id = ?
2026-08-01 17:26:33,934 INFO sqlalchemy.engine.Engine [cached since 672.2s ago] (5,)
2026-08-01 17:26:33 | INFO     | sqlalchemy.engine.Engine | [cached since 672.2s ago] (5,)
INFO:     127.0.0.1:56833 - "GET /api/v1/dashboard/summary?school_id=1&section=Primary HTTP/1.1" 200 OK
2026-08-01 17:26:33,938 INFO sqlalchemy.engine.Engine ROLLBACK
2026-08-01 17:26:33 | INFO     | sqlalchemy.engine.Engine | ROLLBACK
INFO:     127.0.0.1:56960 - "POST /api/v1/auth/logout HTTP/1.1" 200 OK
2026-08-01 17:28:17,094 INFO sqlalchemy.engine.Engine BEGIN (implicit)
2026-08-01 17:28:17 | INFO     | sqlalchemy.engine.Engine | BEGIN (implicit)
2026-08-01 17:28:17,095 INFO sqlalchemy.engine.Engine SELECT users.id AS users_id, users.school_id AS users_school_id, users.email AS users_email, users.hashed_password AS users_hashed_password, users.role AS users_role, users.is_active AS users_is_active, users.created_at AS users_created_at, users.last_login AS users_last_login 
FROM users 
WHERE users.email = ?
 LIMIT ? OFFSET ?
2026-08-01 17:28:17 | INFO     | sqlalchemy.engine.Engine | SELECT users.id AS users_id, users.school_id AS users_school_id, users.email AS users_email, users.hashed_password AS users_hashed_password, users.role AS users_role, users.is_active AS users_is_active, users.created_at AS users_created_at, users.last_login AS users_last_login 
FROM users 
WHERE users.email = ?
 LIMIT ? OFFSET ?
2026-08-01 17:28:17,095 INFO sqlalchemy.engine.Engine [cached since 1177s ago] ('admin@jummikville.sch', 1, 0)
2026-08-01 17:28:17 | INFO     | sqlalchemy.engine.Engine | [cached since 1177s ago] ('admin@jummikville.sch', 1, 0)
2026-08-01 17:28:17,529 INFO sqlalchemy.engine.Engine UPDATE users SET last_login=? WHERE users.id = ?
2026-08-01 17:28:17 | INFO     | sqlalchemy.engine.Engine | UPDATE users SET last_login=? WHERE users.id = ?
2026-08-01 17:28:17,529 INFO sqlalchemy.engine.Engine [cached since 838.9s ago] ('2026-08-01 16:28:17.526374', 1)
2026-08-01 17:28:17 | INFO     | sqlalchemy.engine.Engine | [cached since 838.9s ago] ('2026-08-01 16:28:17.526374', 1)
2026-08-01 17:28:17,557 INFO sqlalchemy.engine.Engine COMMIT
2026-08-01 17:28:17 | INFO     | sqlalchemy.engine.Engine | COMMIT
2026-08-01 17:28:17,714 INFO sqlalchemy.engine.Engine BEGIN (implicit)
2026-08-01 17:28:17 | INFO     | sqlalchemy.engine.Engine | BEGIN (implicit)
2026-08-01 17:28:17,717 INFO sqlalchemy.engine.Engine SELECT users.id, users.school_id, users.email, users.hashed_password, users.role, users.is_active, users.created_at, users.last_login 
FROM users 
WHERE users.id = ?
2026-08-01 17:28:17 | INFO     | sqlalchemy.engine.Engine | SELECT users.id, users.school_id, users.email, users.hashed_password, users.role, users.is_active, users.created_at, users.last_login 
FROM users 
WHERE users.id = ?
2026-08-01 17:28:17,717 INFO sqlalchemy.engine.Engine [cached since 839s ago] (1,)
2026-08-01 17:28:17 | INFO     | sqlalchemy.engine.Engine | [cached since 839s ago] (1,)
2026-08-01 17:28:17 | INFO     | app.routers.auth | Login successful: admin@jummikville.sch (id=1)
INFO:     127.0.0.1:56962 - "POST /api/v1/auth/login HTTP/1.1" 200 OK
2026-08-01 17:28:17,721 INFO sqlalchemy.engine.Engine ROLLBACK
2026-08-01 17:28:17 | INFO     | sqlalchemy.engine.Engine | ROLLBACK
2026-08-01 17:28:17,778 INFO sqlalchemy.engine.Engine BEGIN (implicit)
2026-08-01 17:28:17 | INFO     | sqlalchemy.engine.Engine | BEGIN (implicit)
2026-08-01 17:28:17,781 INFO sqlalchemy.engine.Engine SELECT users.id AS users_id, users.school_id AS users_school_id, users.email AS users_email, users.hashed_password AS users_hashed_password, users.role AS users_role, users.is_active AS users_is_active, users.created_at AS users_created_at, users.last_login AS users_last_login 
FROM users 
WHERE users.id = ?
 LIMIT ? OFFSET ?
2026-08-01 17:28:17 | INFO     | sqlalchemy.engine.Engine | SELECT users.id AS users_id, users.school_id AS users_school_id, users.email AS users_email, users.hashed_password AS users_hashed_password, users.role AS users_role, users.is_active AS users_is_active, users.created_at AS users_created_at, users.last_login AS users_last_login 
FROM users 
WHERE users.id = ?
 LIMIT ? OFFSET ?
2026-08-01 17:28:17,781 INFO sqlalchemy.engine.Engine [cached since 838.7s ago] (1, 1, 0)
2026-08-01 17:28:17 | INFO     | sqlalchemy.engine.Engine | [cached since 838.7s ago] (1, 1, 0)
2026-08-01 17:28:17,786 INFO sqlalchemy.engine.Engine SELECT schools.id AS schools_id, schools.name AS schools_name, schools.slug AS schools_slug, schools.phone AS schools_phone, schools.email AS schools_email, schools.address AS schools_address, schools.is_active AS schools_is_active, schools.created_at AS schools_created_at 
FROM schools 
WHERE schools.id = ?
 LIMIT ? OFFSET ?
2026-08-01 17:28:17 | INFO     | sqlalchemy.engine.Engine | SELECT schools.id AS schools_id, schools.name AS schools_name, schools.slug AS schools_slug, schools.phone AS schools_phone, schools.email AS schools_email, schools.address AS schools_address, schools.is_active AS schools_is_active, schools.created_at AS schools_created_at 
FROM schools 
WHERE schools.id = ?
 LIMIT ? OFFSET ?
2026-08-01 17:28:17,786 INFO sqlalchemy.engine.Engine [cached since 776.2s ago] (1, 1, 0)
2026-08-01 17:28:17 | INFO     | sqlalchemy.engine.Engine | [cached since 776.2s ago] (1, 1, 0)
2026-08-01 17:28:17,788 INFO sqlalchemy.engine.Engine SELECT students.id AS students_id, students.school_id AS students_school_id, students.student_name AS students_student_name, students.section AS students_section, students.class_name AS students_class_name, students.parent_name AS students_parent_name, students.parent_phone AS students_parent_phone, students.parent_email AS students_parent_email, students.is_active AS students_is_active, students.created_at AS students_created_at, fee_types_1.id AS fee_types_1_id, fee_types_1.school_id AS fee_types_1_school_id, fee_types_1.category_id AS fee_types_1_category_id, fee_types_1.section AS fee_types_1_section, fee_types_1.term AS fee_types_1_term, fee_types_1.amount_kobo AS fee_types_1_amount_kobo, fee_types_1.created_at AS fee_types_1_created_at, fee_records_1.id AS fee_records_1_id, fee_records_1.student_id AS fee_records_1_student_id, fee_records_1.fee_type_id AS fee_records_1_fee_type_id, fee_records_1.total_fees_kobo AS fee_records_1_total_fees_kobo, fee_records_1.amount_paid_kobo AS fee_records_1_amount_paid_kobo, fee_records_1.status AS fee_records_1_status, fee_records_1.created_at AS fee_records_1_created_at, fee_records_1.updated_at AS fee_records_1_updated_at 
FROM students LEFT OUTER JOIN fee_records AS fee_records_1 ON students.id = fee_records_1.student_id LEFT OUTER JOIN fee_types AS fee_types_1 ON fee_types_1.id = fee_records_1.fee_type_id 
WHERE students.school_id = ? AND students.is_active = 1
2026-08-01 17:28:17 | INFO     | sqlalchemy.engine.Engine | SELECT students.id AS students_id, students.school_id AS students_school_id, students.student_name AS students_student_name, students.section AS students_section, students.class_name AS students_class_name, students.parent_name AS students_parent_name, students.parent_phone AS students_parent_phone, students.parent_email AS students_parent_email, students.is_active AS students_is_active, students.created_at AS students_created_at, fee_types_1.id AS fee_types_1_id, fee_types_1.school_id AS fee_types_1_school_id, fee_types_1.category_id AS fee_types_1_category_id, fee_types_1.section AS fee_types_1_section, fee_types_1.term AS fee_types_1_term, fee_types_1.amount_kobo AS fee_types_1_amount_kobo, fee_types_1.created_at AS fee_types_1_created_at, fee_records_1.id AS fee_records_1_id, fee_records_1.student_id AS fee_records_1_student_id, fee_records_1.fee_type_id AS fee_records_1_fee_type_id, fee_records_1.total_fees_kobo AS fee_records_1_total_fees_kobo, fee_records_1.amount_paid_kobo AS fee_records_1_amount_paid_kobo, fee_records_1.status AS fee_records_1_status, fee_records_1.created_at AS fee_records_1_created_at, fee_records_1.updated_at AS fee_records_1_updated_at 
FROM students LEFT OUTER JOIN fee_records AS fee_records_1 ON students.id = fee_records_1.student_id LEFT OUTER JOIN fee_types AS fee_types_1 ON fee_types_1.id = fee_records_1.fee_type_id 
WHERE students.school_id = ? AND students.is_active = 1
2026-08-01 17:28:17,790 INFO sqlalchemy.engine.Engine [cached since 776.1s ago] (1,)
2026-08-01 17:28:17 | INFO     | sqlalchemy.engine.Engine | [cached since 776.1s ago] (1,)
2026-08-01 17:28:17,800 INFO sqlalchemy.engine.Engine SELECT students.id AS students_id, students.school_id AS students_school_id, students.student_name AS students_student_name, students.section AS students_section, students.class_name AS students_class_name, students.parent_name AS students_parent_name, students.parent_phone AS students_parent_phone, students.parent_email AS students_parent_email, students.is_active AS students_is_active, students.created_at AS students_created_at, fee_records_1.id AS fee_records_1_id, fee_records_1.student_id AS fee_records_1_student_id, fee_records_1.fee_type_id AS fee_records_1_fee_type_id, fee_records_1.total_fees_kobo AS fee_records_1_total_fees_kobo, fee_records_1.amount_paid_kobo AS fee_records_1_amount_paid_kobo, fee_records_1.status AS fee_records_1_status, fee_records_1.created_at AS fee_records_1_created_at, fee_records_1.updated_at AS fee_records_1_updated_at 
FROM students LEFT OUTER JOIN fee_records AS fee_records_1 ON students.id = fee_records_1.student_id 
WHERE students.school_id = ? AND students.is_active = 1
2026-08-01 17:28:17 | INFO     | sqlalchemy.engine.Engine | SELECT students.id AS students_id, students.school_id AS students_school_id, students.student_name AS students_student_name, students.section AS students_section, students.class_name AS students_class_name, students.parent_name AS students_parent_name, students.parent_phone AS students_parent_phone, students.parent_email AS students_parent_email, students.is_active AS students_is_active, students.created_at AS students_created_at, fee_records_1.id AS fee_records_1_id, fee_records_1.student_id AS fee_records_1_student_id, fee_records_1.fee_type_id AS fee_records_1_fee_type_id, fee_records_1.total_fees_kobo AS fee_records_1_total_fees_kobo, fee_records_1.amount_paid_kobo AS fee_records_1_amount_paid_kobo, fee_records_1.status AS fee_records_1_status, fee_records_1.created_at AS fee_records_1_created_at, fee_records_1.updated_at AS fee_records_1_updated_at 
FROM students LEFT OUTER JOIN fee_records AS fee_records_1 ON students.id = fee_records_1.student_id 
WHERE students.school_id = ? AND students.is_active = 1
2026-08-01 17:28:17,801 INFO sqlalchemy.engine.Engine [cached since 776.1s ago] (1,)
2026-08-01 17:28:17 | INFO     | sqlalchemy.engine.Engine | [cached since 776.1s ago] (1,)
2026-08-01 17:28:17,805 INFO sqlalchemy.engine.Engine SELECT fee_categories.id AS fee_categories_id, fee_categories.school_id AS fee_categories_school_id, fee_categories.name AS fee_categories_name, fee_categories.created_at AS fee_categories_created_at 
FROM fee_categories 
WHERE fee_categories.school_id = ? ORDER BY fee_categories.name
2026-08-01 17:28:17 | INFO     | sqlalchemy.engine.Engine | SELECT fee_categories.id AS fee_categories_id, fee_categories.school_id AS fee_categories_school_id, fee_categories.name AS fee_categories_name, fee_categories.created_at AS fee_categories_created_at 
FROM fee_categories 
WHERE fee_categories.school_id = ? ORDER BY fee_categories.name
2026-08-01 17:28:17,806 INFO sqlalchemy.engine.Engine [cached since 838.7s ago] (1,)
2026-08-01 17:28:17 | INFO     | sqlalchemy.engine.Engine | [cached since 838.7s ago] (1,)
2026-08-01 17:28:17,809 INFO sqlalchemy.engine.Engine SELECT fee_types.id AS fee_types_id, fee_types.school_id AS fee_types_school_id, fee_types.category_id AS fee_types_category_id, fee_types.section AS fee_types_section, fee_types.term AS fee_types_term, fee_types.amount_kobo AS fee_types_amount_kobo, fee_types.created_at AS fee_types_created_at 
FROM fee_types 
WHERE fee_types.category_id = ?
2026-08-01 17:28:17 | INFO     | sqlalchemy.engine.Engine | SELECT fee_types.id AS fee_types_id, fee_types.school_id AS fee_types_school_id, fee_types.category_id AS fee_types_category_id, fee_types.section AS fee_types_section, fee_types.term AS fee_types_term, fee_types.amount_kobo AS fee_types_amount_kobo, fee_types.created_at AS fee_types_created_at 
FROM fee_types 
WHERE fee_types.category_id = ?
2026-08-01 17:28:17,810 INFO sqlalchemy.engine.Engine [cached since 776.1s ago] (8,)
2026-08-01 17:28:17 | INFO     | sqlalchemy.engine.Engine | [cached since 776.1s ago] (8,)
2026-08-01 17:28:17,811 INFO sqlalchemy.engine.Engine SELECT fee_types.id AS fee_types_id, fee_types.school_id AS fee_types_school_id, fee_types.category_id AS fee_types_category_id, fee_types.section AS fee_types_section, fee_types.term AS fee_types_term, fee_types.amount_kobo AS fee_types_amount_kobo, fee_types.created_at AS fee_types_created_at 
FROM fee_types 
WHERE fee_types.category_id = ?
2026-08-01 17:28:17 | INFO     | sqlalchemy.engine.Engine | SELECT fee_types.id AS fee_types_id, fee_types.school_id AS fee_types_school_id, fee_types.category_id AS fee_types_category_id, fee_types.section AS fee_types_section, fee_types.term AS fee_types_term, fee_types.amount_kobo AS fee_types_amount_kobo, fee_types.created_at AS fee_types_created_at 
FROM fee_types 
WHERE fee_types.category_id = ?
2026-08-01 17:28:17,811 INFO sqlalchemy.engine.Engine [cached since 776.1s ago] (3,)
2026-08-01 17:28:17 | INFO     | sqlalchemy.engine.Engine | [cached since 776.1s ago] (3,)
2026-08-01 17:28:17,813 INFO sqlalchemy.engine.Engine SELECT fee_types.id AS fee_types_id, fee_types.school_id AS fee_types_school_id, fee_types.category_id AS fee_types_category_id, fee_types.section AS fee_types_section, fee_types.term AS fee_types_term, fee_types.amount_kobo AS fee_types_amount_kobo, fee_types.created_at AS fee_types_created_at 
FROM fee_types 
WHERE fee_types.category_id = ?
2026-08-01 17:28:17 | INFO     | sqlalchemy.engine.Engine | SELECT fee_types.id AS fee_types_id, fee_types.school_id AS fee_types_school_id, fee_types.category_id AS fee_types_category_id, fee_types.section AS fee_types_section, fee_types.term AS fee_types_term, fee_types.amount_kobo AS fee_types_amount_kobo, fee_types.created_at AS fee_types_created_at 
FROM fee_types 
WHERE fee_types.category_id = ?
2026-08-01 17:28:17,813 INFO sqlalchemy.engine.Engine [cached since 776.1s ago] (6,)
2026-08-01 17:28:17 | INFO     | sqlalchemy.engine.Engine | [cached since 776.1s ago] (6,)
2026-08-01 17:28:17,826 INFO sqlalchemy.engine.Engine SELECT fee_types.id AS fee_types_id, fee_types.school_id AS fee_types_school_id, fee_types.category_id AS fee_types_category_id, fee_types.section AS fee_types_section, fee_types.term AS fee_types_term, fee_types.amount_kobo AS fee_types_amount_kobo, fee_types.created_at AS fee_types_created_at 
FROM fee_types 
WHERE fee_types.category_id = ?
2026-08-01 17:28:17 | INFO     | sqlalchemy.engine.Engine | SELECT fee_types.id AS fee_types_id, fee_types.school_id AS fee_types_school_id, fee_types.category_id AS fee_types_category_id, fee_types.section AS fee_types_section, fee_types.term AS fee_types_term, fee_types.amount_kobo AS fee_types_amount_kobo, fee_types.created_at AS fee_types_created_at 
FROM fee_types 
WHERE fee_types.category_id = ?
2026-08-01 17:28:17,826 INFO sqlalchemy.engine.Engine [cached since 776.1s ago] (4,)
2026-08-01 17:28:17 | INFO     | sqlalchemy.engine.Engine | [cached since 776.1s ago] (4,)
2026-08-01 17:28:17,828 INFO sqlalchemy.engine.Engine SELECT fee_types.id AS fee_types_id, fee_types.school_id AS fee_types_school_id, fee_types.category_id AS fee_types_category_id, fee_types.section AS fee_types_section, fee_types.term AS fee_types_term, fee_types.amount_kobo AS fee_types_amount_kobo, fee_types.created_at AS fee_types_created_at 
FROM fee_types 
WHERE fee_types.category_id = ?
2026-08-01 17:28:17 | INFO     | sqlalchemy.engine.Engine | SELECT fee_types.id AS fee_types_id, fee_types.school_id AS fee_types_school_id, fee_types.category_id AS fee_types_category_id, fee_types.section AS fee_types_section, fee_types.term AS fee_types_term, fee_types.amount_kobo AS fee_types_amount_kobo, fee_types.created_at AS fee_types_created_at 
FROM fee_types 
WHERE fee_types.category_id = ?
2026-08-01 17:28:17,828 INFO sqlalchemy.engine.Engine [cached since 776.1s ago] (7,)
2026-08-01 17:28:17 | INFO     | sqlalchemy.engine.Engine | [cached since 776.1s ago] (7,)
2026-08-01 17:28:17,839 INFO sqlalchemy.engine.Engine SELECT fee_types.id AS fee_types_id, fee_types.school_id AS fee_types_school_id, fee_types.category_id AS fee_types_category_id, fee_types.section AS fee_types_section, fee_types.term AS fee_types_term, fee_types.amount_kobo AS fee_types_amount_kobo, fee_types.created_at AS fee_types_created_at 
FROM fee_types 
WHERE fee_types.category_id = ?
2026-08-01 17:28:17 | INFO     | sqlalchemy.engine.Engine | SELECT fee_types.id AS fee_types_id, fee_types.school_id AS fee_types_school_id, fee_types.category_id AS fee_types_category_id, fee_types.section AS fee_types_section, fee_types.term AS fee_types_term, fee_types.amount_kobo AS fee_types_amount_kobo, fee_types.created_at AS fee_types_created_at 
FROM fee_types 
WHERE fee_types.category_id = ?
2026-08-01 17:28:17,839 INFO sqlalchemy.engine.Engine [cached since 776.1s ago] (2,)
2026-08-01 17:28:17 | INFO     | sqlalchemy.engine.Engine | [cached since 776.1s ago] (2,)
2026-08-01 17:28:17,841 INFO sqlalchemy.engine.Engine SELECT fee_types.id AS fee_types_id, fee_types.school_id AS fee_types_school_id, fee_types.category_id AS fee_types_category_id, fee_types.section AS fee_types_section, fee_types.term AS fee_types_term, fee_types.amount_kobo AS fee_types_amount_kobo, fee_types.created_at AS fee_types_created_at 
FROM fee_types 
WHERE fee_types.category_id = ?
2026-08-01 17:28:17 | INFO     | sqlalchemy.engine.Engine | SELECT fee_types.id AS fee_types_id, fee_types.school_id AS fee_types_school_id, fee_types.category_id AS fee_types_category_id, fee_types.section AS fee_types_section, fee_types.term AS fee_types_term, fee_types.amount_kobo AS fee_types_amount_kobo, fee_types.created_at AS fee_types_created_at 
FROM fee_types 
WHERE fee_types.category_id = ?
2026-08-01 17:28:17,841 INFO sqlalchemy.engine.Engine [cached since 776.1s ago] (1,)
2026-08-01 17:28:17 | INFO     | sqlalchemy.engine.Engine | [cached since 776.1s ago] (1,)
2026-08-01 17:28:17,842 INFO sqlalchemy.engine.Engine SELECT fee_records.id AS fee_records_id, fee_records.student_id AS fee_records_student_id, fee_records.fee_type_id AS fee_records_fee_type_id, fee_records.total_fees_kobo AS fee_records_total_fees_kobo, fee_records.amount_paid_kobo AS fee_records_amount_paid_kobo, fee_records.status AS fee_records_status, fee_records.created_at AS fee_records_created_at, fee_records.updated_at AS fee_records_updated_at 
FROM fee_records 
WHERE fee_records.fee_type_id IN (?, ?)
2026-08-01 17:28:17 | INFO     | sqlalchemy.engine.Engine | SELECT fee_records.id AS fee_records_id, fee_records.student_id AS fee_records_student_id, fee_records.fee_type_id AS fee_records_fee_type_id, fee_records.total_fees_kobo AS fee_records_total_fees_kobo, fee_records.amount_paid_kobo AS fee_records_amount_paid_kobo, fee_records.status AS fee_records_status, fee_records.created_at AS fee_records_created_at, fee_records.updated_at AS fee_records_updated_at 
FROM fee_records 
WHERE fee_records.fee_type_id IN (?, ?)
2026-08-01 17:28:17,843 INFO sqlalchemy.engine.Engine [cached since 776s ago] (1, 3)
2026-08-01 17:28:17 | INFO     | sqlalchemy.engine.Engine | [cached since 776s ago] (1, 3)
2026-08-01 17:28:17,844 INFO sqlalchemy.engine.Engine SELECT fee_types.id AS fee_types_id, fee_types.school_id AS fee_types_school_id, fee_types.category_id AS fee_types_category_id, fee_types.section AS fee_types_section, fee_types.term AS fee_types_term, fee_types.amount_kobo AS fee_types_amount_kobo, fee_types.created_at AS fee_types_created_at 
FROM fee_types 
WHERE fee_types.category_id = ?
2026-08-01 17:28:17 | INFO     | sqlalchemy.engine.Engine | SELECT fee_types.id AS fee_types_id, fee_types.school_id AS fee_types_school_id, fee_types.category_id AS fee_types_category_id, fee_types.section AS fee_types_section, fee_types.term AS fee_types_term, fee_types.amount_kobo AS fee_types_amount_kobo, fee_types.created_at AS fee_types_created_at 
FROM fee_types 
WHERE fee_types.category_id = ?
2026-08-01 17:28:17,845 INFO sqlalchemy.engine.Engine [cached since 776.1s ago] (5,)
2026-08-01 17:28:17 | INFO     | sqlalchemy.engine.Engine | [cached since 776.1s ago] (5,)
INFO:     127.0.0.1:56962 - "GET /api/v1/dashboard/summary?school_id=1 HTTP/1.1" 200 OK
2026-08-01 17:28:17,848 INFO sqlalchemy.engine.Engine ROLLBACK
2026-08-01 17:28:17 | INFO     | sqlalchemy.engine.Engine | ROLLBACK
2026-08-01 17:28:17,921 INFO sqlalchemy.engine.Engine BEGIN (implicit)
2026-08-01 17:28:17 | INFO     | sqlalchemy.engine.Engine | BEGIN (implicit)
2026-08-01 17:28:17,922 INFO sqlalchemy.engine.Engine SELECT users.id AS users_id, users.school_id AS users_school_id, users.email AS users_email, users.hashed_password AS users_hashed_password, users.role AS users_role, users.is_active AS users_is_active, users.created_at AS users_created_at, users.last_login AS users_last_login 
FROM users 
WHERE users.id = ?
 LIMIT ? OFFSET ?
2026-08-01 17:28:17 | INFO     | sqlalchemy.engine.Engine | SELECT users.id AS users_id, users.school_id AS users_school_id, users.email AS users_email, users.hashed_password AS users_hashed_password, users.role AS users_role, users.is_active AS users_is_active, users.created_at AS users_created_at, users.last_login AS users_last_login 
FROM users 
WHERE users.id = ?
 LIMIT ? OFFSET ?
2026-08-01 17:28:17,922 INFO sqlalchemy.engine.Engine [cached since 838.8s ago] (1, 1, 0)
2026-08-01 17:28:17 | INFO     | sqlalchemy.engine.Engine | [cached since 838.8s ago] (1, 1, 0)
2026-08-01 17:28:17,925 INFO sqlalchemy.engine.Engine SELECT activity_logs.id AS activity_logs_id, activity_logs.school_id AS activity_logs_school_id, activity_logs.student_id AS activity_logs_student_id, activity_logs.action AS activity_logs_action, activity_logs.description AS activity_logs_description, activity_logs.created_at AS activity_logs_created_at 
FROM activity_logs 
WHERE activity_logs.school_id = ? ORDER BY activity_logs.created_at DESC
 LIMIT ? OFFSET ?
2026-08-01 17:28:17 | INFO     | sqlalchemy.engine.Engine | SELECT activity_logs.id AS activity_logs_id, activity_logs.school_id AS activity_logs_school_id, activity_logs.student_id AS activity_logs_student_id, activity_logs.action AS activity_logs_action, activity_logs.description AS activity_logs_description, activity_logs.created_at AS activity_logs_created_at 
FROM activity_logs 
WHERE activity_logs.school_id = ? ORDER BY activity_logs.created_at DESC
 LIMIT ? OFFSET ?
2026-08-01 17:28:17,926 INFO sqlalchemy.engine.Engine [cached since 776.2s ago] (1, 6, 0)
2026-08-01 17:28:17 | INFO     | sqlalchemy.engine.Engine | [cached since 776.2s ago] (1, 6, 0)
INFO:     127.0.0.1:56962 - "GET /api/v1/activity/?school_id=1&limit=6 HTTP/1.1" 200 OK
2026-08-01 17:28:17,941 INFO sqlalchemy.engine.Engine ROLLBACK
2026-08-01 17:28:17 | INFO     | sqlalchemy.engine.Engine | ROLLBACK
2026-08-01 17:28:17,999 INFO sqlalchemy.engine.Engine BEGIN (implicit)
2026-08-01 17:28:17 | INFO     | sqlalchemy.engine.Engine | BEGIN (implicit)
2026-08-01 17:28:18,003 INFO sqlalchemy.engine.Engine SELECT users.id AS users_id, users.school_id AS users_school_id, users.email AS users_email, users.hashed_password AS users_hashed_password, users.role AS users_role, users.is_active AS users_is_active, users.created_at AS users_created_at, users.last_login AS users_last_login 
FROM users 
WHERE users.id = ?
 LIMIT ? OFFSET ?
2026-08-01 17:28:18 | INFO     | sqlalchemy.engine.Engine | SELECT users.id AS users_id, users.school_id AS users_school_id, users.email AS users_email, users.hashed_password AS users_hashed_password, users.role AS users_role, users.is_active AS users_is_active, users.created_at AS users_created_at, users.last_login AS users_last_login 
FROM users 
WHERE users.id = ?
 LIMIT ? OFFSET ?
2026-08-01 17:28:18,003 INFO sqlalchemy.engine.Engine [cached since 838.9s ago] (1, 1, 0)
2026-08-01 17:28:18 | INFO     | sqlalchemy.engine.Engine | [cached since 838.9s ago] (1, 1, 0)
2026-08-01 17:28:18,008 INFO sqlalchemy.engine.Engine SELECT schools.id AS schools_id, schools.name AS schools_name, schools.slug AS schools_slug, schools.phone AS schools_phone, schools.email AS schools_email, schools.address AS schools_address, schools.is_active AS schools_is_active, schools.created_at AS schools_created_at 
FROM schools 
WHERE schools.id = ?
 LIMIT ? OFFSET ?
2026-08-01 17:28:18 | INFO     | sqlalchemy.engine.Engine | SELECT schools.id AS schools_id, schools.name AS schools_name, schools.slug AS schools_slug, schools.phone AS schools_phone, schools.email AS schools_email, schools.address AS schools_address, schools.is_active AS schools_is_active, schools.created_at AS schools_created_at 
FROM schools 
WHERE schools.id = ?
 LIMIT ? OFFSET ?
2026-08-01 17:28:18,009 INFO sqlalchemy.engine.Engine [cached since 776.4s ago] (1, 1, 0)
2026-08-01 17:28:18 | INFO     | sqlalchemy.engine.Engine | [cached since 776.4s ago] (1, 1, 0)
2026-08-01 17:28:18,024 INFO sqlalchemy.engine.Engine SELECT students.id AS students_id, students.school_id AS students_school_id, students.student_name AS students_student_name, students.section AS students_section, students.class_name AS students_class_name, students.parent_name AS students_parent_name, students.parent_phone AS students_parent_phone, students.parent_email AS students_parent_email, students.is_active AS students_is_active, students.created_at AS students_created_at, fee_records_1.id AS fee_records_1_id, fee_records_1.student_id AS fee_records_1_student_id, fee_records_1.fee_type_id AS fee_records_1_fee_type_id, fee_records_1.total_fees_kobo AS fee_records_1_total_fees_kobo, fee_records_1.amount_paid_kobo AS fee_records_1_amount_paid_kobo, fee_records_1.status AS fee_records_1_status, fee_records_1.created_at AS fee_records_1_created_at, fee_records_1.updated_at AS fee_records_1_updated_at 
FROM students LEFT OUTER JOIN fee_records AS fee_records_1 ON students.id = fee_records_1.student_id 
WHERE students.school_id = ? AND students.is_active = 1 ORDER BY students.student_name
2026-08-01 17:28:18 | INFO     | sqlalchemy.engine.Engine | SELECT students.id AS students_id, students.school_id AS students_school_id, students.student_name AS students_student_name, students.section AS students_section, students.class_name AS students_class_name, students.parent_name AS students_parent_name, students.parent_phone AS students_parent_phone, students.parent_email AS students_parent_email, students.is_active AS students_is_active, students.created_at AS students_created_at, fee_records_1.id AS fee_records_1_id, fee_records_1.student_id AS fee_records_1_student_id, fee_records_1.fee_type_id AS fee_records_1_fee_type_id, fee_records_1.total_fees_kobo AS fee_records_1_total_fees_kobo, fee_records_1.amount_paid_kobo AS fee_records_1_amount_paid_kobo, fee_records_1.status AS fee_records_1_status, fee_records_1.created_at AS fee_records_1_created_at, fee_records_1.updated_at AS fee_records_1_updated_at 
FROM students LEFT OUTER JOIN fee_records AS fee_records_1 ON students.id = fee_records_1.student_id 
WHERE students.school_id = ? AND students.is_active = 1 ORDER BY students.student_name
2026-08-01 17:28:18,025 INFO sqlalchemy.engine.Engine [cached since 776.4s ago] (1,)
2026-08-01 17:28:18 | INFO     | sqlalchemy.engine.Engine | [cached since 776.4s ago] (1,)
INFO:     127.0.0.1:56962 - "GET /api/v1/dashboard/students?school_id=1 HTTP/1.1" 200 OK
2026-08-01 17:28:18,029 INFO sqlalchemy.engine.Engine ROLLBACK
2026-08-01 17:28:18 | INFO     | sqlalchemy.engine.Engine | ROLLBACK
2026-08-01 17:28:18,094 INFO sqlalchemy.engine.Engine BEGIN (implicit)
2026-08-01 17:28:18 | INFO     | sqlalchemy.engine.Engine | BEGIN (implicit)
2026-08-01 17:28:18,094 INFO sqlalchemy.engine.Engine SELECT users.id AS users_id, users.school_id AS users_school_id, users.email AS users_email, users.hashed_password AS users_hashed_password, users.role AS users_role, users.is_active AS users_is_active, users.created_at AS users_created_at, users.last_login AS users_last_login 
FROM users 
WHERE users.id = ?
 LIMIT ? OFFSET ?
2026-08-01 17:28:18 | INFO     | sqlalchemy.engine.Engine | SELECT users.id AS users_id, users.school_id AS users_school_id, users.email AS users_email, users.hashed_password AS users_hashed_password, users.role AS users_role, users.is_active AS users_is_active, users.created_at AS users_created_at, users.last_login AS users_last_login 
FROM users 
WHERE users.id = ?
 LIMIT ? OFFSET ?
2026-08-01 17:28:18,095 INFO sqlalchemy.engine.Engine [cached since 839s ago] (1, 1, 0)
2026-08-01 17:28:18 | INFO     | sqlalchemy.engine.Engine | [cached since 839s ago] (1, 1, 0)
2026-08-01 17:28:18,098 INFO sqlalchemy.engine.Engine SELECT fee_types.id AS fee_types_id, fee_types.school_id AS fee_types_school_id, fee_types.category_id AS fee_types_category_id, fee_types.section AS fee_types_section, fee_types.term AS fee_types_term, fee_types.amount_kobo AS fee_types_amount_kobo, fee_types.created_at AS fee_types_created_at, fee_categories_1.id AS fee_categories_1_id, fee_categories_1.school_id AS fee_categories_1_school_id, fee_categories_1.name AS fee_categories_1_name, fee_categories_1.created_at AS fee_categories_1_created_at 
FROM fee_types LEFT OUTER JOIN fee_categories AS fee_categories_1 ON fee_categories_1.id = fee_types.category_id 
WHERE fee_types.school_id = ? ORDER BY fee_types.term DESC, fee_types.section
2026-08-01 17:28:18 | INFO     | sqlalchemy.engine.Engine | SELECT fee_types.id AS fee_types_id, fee_types.school_id AS fee_types_school_id, fee_types.category_id AS fee_types_category_id, fee_types.section AS fee_types_section, fee_types.term AS fee_types_term, fee_types.amount_kobo AS fee_types_amount_kobo, fee_types.created_at AS fee_types_created_at, fee_categories_1.id AS fee_categories_1_id, fee_categories_1.school_id AS fee_categories_1_school_id, fee_categories_1.name AS fee_categories_1_name, fee_categories_1.created_at AS fee_categories_1_created_at 
FROM fee_types LEFT OUTER JOIN fee_categories AS fee_categories_1 ON fee_categories_1.id = fee_types.category_id 
WHERE fee_types.school_id = ? ORDER BY fee_types.term DESC, fee_types.section
2026-08-01 17:28:18,099 INFO sqlalchemy.engine.Engine [cached since 776.2s ago] (1,)
2026-08-01 17:28:18 | INFO     | sqlalchemy.engine.Engine | [cached since 776.2s ago] (1,)
INFO:     127.0.0.1:57037 - "GET /api/v1/fees/types?school_id=1 HTTP/1.1" 200 OK
2026-08-01 17:28:18,103 INFO sqlalchemy.engine.Engine ROLLBACK
2026-08-01 17:28:18 | INFO     | sqlalchemy.engine.Engine | ROLLBACK
2026-08-01 17:28:18,116 INFO sqlalchemy.engine.Engine BEGIN (implicit)
2026-08-01 17:28:18 | INFO     | sqlalchemy.engine.Engine | BEGIN (implicit)
2026-08-01 17:28:18,123 INFO sqlalchemy.engine.Engine SELECT users.id AS users_id, users.school_id AS users_school_id, users.email AS users_email, users.hashed_password AS users_hashed_password, users.role AS users_role, users.is_active AS users_is_active, users.created_at AS users_created_at, users.last_login AS users_last_login 
FROM users 
WHERE users.id = ?
 LIMIT ? OFFSET ?
2026-08-01 17:28:18 | INFO     | sqlalchemy.engine.Engine | SELECT users.id AS users_id, users.school_id AS users_school_id, users.email AS users_email, users.hashed_password AS users_hashed_password, users.role AS users_role, users.is_active AS users_is_active, users.created_at AS users_created_at, users.last_login AS users_last_login 
FROM users 
WHERE users.id = ?
 LIMIT ? OFFSET ?
2026-08-01 17:28:18,124 INFO sqlalchemy.engine.Engine [cached since 839s ago] (1, 1, 0)
2026-08-01 17:28:18 | INFO     | sqlalchemy.engine.Engine | [cached since 839s ago] (1, 1, 0)
2026-08-01 17:28:18,208 INFO sqlalchemy.engine.Engine SELECT fee_categories.id AS fee_categories_id, fee_categories.school_id AS fee_categories_school_id, fee_categories.name AS fee_categories_name, fee_categories.created_at AS fee_categories_created_at 
FROM fee_categories 
WHERE fee_categories.school_id = ? ORDER BY fee_categories.name
2026-08-01 17:28:18 | INFO     | sqlalchemy.engine.Engine | SELECT fee_categories.id AS fee_categories_id, fee_categories.school_id AS fee_categories_school_id, fee_categories.name AS fee_categories_name, fee_categories.created_at AS fee_categories_created_at 
FROM fee_categories 
WHERE fee_categories.school_id = ? ORDER BY fee_categories.name
2026-08-01 17:28:18,209 INFO sqlalchemy.engine.Engine [cached since 839.1s ago] (1,)
2026-08-01 17:28:18 | INFO     | sqlalchemy.engine.Engine | [cached since 839.1s ago] (1,)
INFO:     127.0.0.1:56962 - "GET /api/v1/fees/categories?school_id=1 HTTP/1.1" 200 OK
2026-08-01 17:28:18,215 INFO sqlalchemy.engine.Engine BEGIN (implicit)
2026-08-01 17:28:18 | INFO     | sqlalchemy.engine.Engine | BEGIN (implicit)
2026-08-01 17:28:18,225 INFO sqlalchemy.engine.Engine ROLLBACK
2026-08-01 17:28:18,226 INFO sqlalchemy.engine.Engine SELECT users.id AS users_id, users.school_id AS users_school_id, users.email AS users_email, users.hashed_password AS users_hashed_password, users.role AS users_role, users.is_active AS users_is_active, users.created_at AS users_created_at, users.last_login AS users_last_login 
FROM users 
WHERE users.id = ?
 LIMIT ? OFFSET ?
2026-08-01 17:28:18 | INFO     | sqlalchemy.engine.Engine | ROLLBACK
2026-08-01 17:28:18 | INFO     | sqlalchemy.engine.Engine | SELECT users.id AS users_id, users.school_id AS users_school_id, users.email AS users_email, users.hashed_password AS users_hashed_password, users.role AS users_role, users.is_active AS users_is_active, users.created_at AS users_created_at, users.last_login AS users_last_login 
FROM users 
WHERE users.id = ?
 LIMIT ? OFFSET ?
2026-08-01 17:28:18,227 INFO sqlalchemy.engine.Engine [cached since 839.1s ago] (1, 1, 0)
2026-08-01 17:28:18 | INFO     | sqlalchemy.engine.Engine | [cached since 839.1s ago] (1, 1, 0)
2026-08-01 17:28:18,236 INFO sqlalchemy.engine.Engine SELECT activity_logs.id AS activity_logs_id, activity_logs.school_id AS activity_logs_school_id, activity_logs.student_id AS activity_logs_student_id, activity_logs.action AS activity_logs_action, activity_logs.description AS activity_logs_description, activity_logs.created_at AS activity_logs_created_at 
FROM activity_logs 
WHERE activity_logs.school_id = ? ORDER BY activity_logs.created_at DESC
 LIMIT ? OFFSET ?
2026-08-01 17:28:18 | INFO     | sqlalchemy.engine.Engine | SELECT activity_logs.id AS activity_logs_id, activity_logs.school_id AS activity_logs_school_id, activity_logs.student_id AS activity_logs_student_id, activity_logs.action AS activity_logs_action, activity_logs.description AS activity_logs_description, activity_logs.created_at AS activity_logs_created_at 
FROM activity_logs 
WHERE activity_logs.school_id = ? ORDER BY activity_logs.created_at DESC
 LIMIT ? OFFSET ?
2026-08-01 17:28:18,236 INFO sqlalchemy.engine.Engine [cached since 776.5s ago] (1, 100, 0)
2026-08-01 17:28:18 | INFO     | sqlalchemy.engine.Engine | [cached since 776.5s ago] (1, 100, 0)
INFO:     127.0.0.1:57039 - "GET /api/v1/activity/?school_id=1&limit=100 HTTP/1.1" 200 OK
2026-08-01 17:28:18,258 INFO sqlalchemy.engine.Engine ROLLBACK
2026-08-01 17:28:18 | INFO     | sqlalchemy.engine.Engine | ROLLBACK
2026-08-01 17:28:21,825 INFO sqlalchemy.engine.Engine BEGIN (implicit)
2026-08-01 17:28:21 | INFO     | sqlalchemy.engine.Engine | BEGIN (implicit)
2026-08-01 17:28:21,830 INFO sqlalchemy.engine.Engine BEGIN (implicit)
2026-08-01 17:28:21 | INFO     | sqlalchemy.engine.Engine | BEGIN (implicit)
2026-08-01 17:28:21,839 INFO sqlalchemy.engine.Engine SELECT users.id AS users_id, users.school_id AS users_school_id, users.email AS users_email, users.hashed_password AS users_hashed_password, users.role AS users_role, users.is_active AS users_is_active, users.created_at AS users_created_at, users.last_login AS users_last_login 
FROM users 
WHERE users.id = ?
 LIMIT ? OFFSET ?
2026-08-01 17:28:21 | INFO     | sqlalchemy.engine.Engine | SELECT users.id AS users_id, users.school_id AS users_school_id, users.email AS users_email, users.hashed_password AS users_hashed_password, users.role AS users_role, users.is_active AS users_is_active, users.created_at AS users_created_at, users.last_login AS users_last_login 
FROM users 
WHERE users.id = ?
 LIMIT ? OFFSET ?
2026-08-01 17:28:21,839 INFO sqlalchemy.engine.Engine [cached since 842.8s ago] (1, 1, 0)
2026-08-01 17:28:21 | INFO     | sqlalchemy.engine.Engine | [cached since 842.8s ago] (1, 1, 0)
2026-08-01 17:28:21,837 INFO sqlalchemy.engine.Engine SELECT users.id AS users_id, users.school_id AS users_school_id, users.email AS users_email, users.hashed_password AS users_hashed_password, users.role AS users_role, users.is_active AS users_is_active, users.created_at AS users_created_at, users.last_login AS users_last_login 
FROM users 
WHERE users.id = ?
 LIMIT ? OFFSET ?
2026-08-01 17:28:21 | INFO     | sqlalchemy.engine.Engine | SELECT users.id AS users_id, users.school_id AS users_school_id, users.email AS users_email, users.hashed_password AS users_hashed_password, users.role AS users_role, users.is_active AS users_is_active, users.created_at AS users_created_at, users.last_login AS users_last_login 
FROM users 
WHERE users.id = ?
 LIMIT ? OFFSET ?
2026-08-01 17:28:21,840 INFO sqlalchemy.engine.Engine [cached since 842.8s ago] (1, 1, 0)
2026-08-01 17:28:21 | INFO     | sqlalchemy.engine.Engine | [cached since 842.8s ago] (1, 1, 0)
2026-08-01 17:28:21,847 INFO sqlalchemy.engine.Engine SELECT activity_logs.id AS activity_logs_id, activity_logs.school_id AS activity_logs_school_id, activity_logs.student_id AS activity_logs_student_id, activity_logs.action AS activity_logs_action, activity_logs.description AS activity_logs_description, activity_logs.created_at AS activity_logs_created_at 
FROM activity_logs 
WHERE activity_logs.school_id = ? ORDER BY activity_logs.created_at DESC
 LIMIT ? OFFSET ?
2026-08-01 17:28:21 | INFO     | sqlalchemy.engine.Engine | SELECT activity_logs.id AS activity_logs_id, activity_logs.school_id AS activity_logs_school_id, activity_logs.student_id AS activity_logs_student_id, activity_logs.action AS activity_logs_action, activity_logs.description AS activity_logs_description, activity_logs.created_at AS activity_logs_created_at 
FROM activity_logs 
WHERE activity_logs.school_id = ? ORDER BY activity_logs.created_at DESC
 LIMIT ? OFFSET ?
2026-08-01 17:28:21,858 INFO sqlalchemy.engine.Engine [cached since 780.1s ago] (1, 6, 0)
2026-08-01 17:28:21 | INFO     | sqlalchemy.engine.Engine | [cached since 780.1s ago] (1, 6, 0)
2026-08-01 17:28:21,848 INFO sqlalchemy.engine.Engine SELECT schools.id AS schools_id, schools.name AS schools_name, schools.slug AS schools_slug, schools.phone AS schools_phone, schools.email AS schools_email, schools.address AS schools_address, schools.is_active AS schools_is_active, schools.created_at AS schools_created_at 
FROM schools 
WHERE schools.id = ?
 LIMIT ? OFFSET ?
2026-08-01 17:28:21 | INFO     | sqlalchemy.engine.Engine | SELECT schools.id AS schools_id, schools.name AS schools_name, schools.slug AS schools_slug, schools.phone AS schools_phone, schools.email AS schools_email, schools.address AS schools_address, schools.is_active AS schools_is_active, schools.created_at AS schools_created_at 
FROM schools 
WHERE schools.id = ?
 LIMIT ? OFFSET ?
2026-08-01 17:28:21,866 INFO sqlalchemy.engine.Engine [cached since 780.3s ago] (1, 1, 0)
2026-08-01 17:28:21 | INFO     | sqlalchemy.engine.Engine | [cached since 780.3s ago] (1, 1, 0)
INFO:     127.0.0.1:56962 - "GET /api/v1/activity/?school_id=1&limit=6 HTTP/1.1" 200 OK
2026-08-01 17:28:21,871 INFO sqlalchemy.engine.Engine SELECT students.id AS students_id, students.school_id AS students_school_id, students.student_name AS students_student_name, students.section AS students_section, students.class_name AS students_class_name, students.parent_name AS students_parent_name, students.parent_phone AS students_parent_phone, students.parent_email AS students_parent_email, students.is_active AS students_is_active, students.created_at AS students_created_at, fee_types_1.id AS fee_types_1_id, fee_types_1.school_id AS fee_types_1_school_id, fee_types_1.category_id AS fee_types_1_category_id, fee_types_1.section AS fee_types_1_section, fee_types_1.term AS fee_types_1_term, fee_types_1.amount_kobo AS fee_types_1_amount_kobo, fee_types_1.created_at AS fee_types_1_created_at, fee_records_1.id AS fee_records_1_id, fee_records_1.student_id AS fee_records_1_student_id, fee_records_1.fee_type_id AS fee_records_1_fee_type_id, fee_records_1.total_fees_kobo AS fee_records_1_total_fees_kobo, fee_records_1.amount_paid_kobo AS fee_records_1_amount_paid_kobo, fee_records_1.status AS fee_records_1_status, fee_records_1.created_at AS fee_records_1_created_at, fee_records_1.updated_at AS fee_records_1_updated_at 
FROM students LEFT OUTER JOIN fee_records AS fee_records_1 ON students.id = fee_records_1.student_id LEFT OUTER JOIN fee_types AS fee_types_1 ON fee_types_1.id = fee_records_1.fee_type_id 
WHERE students.school_id = ? AND students.is_active = 1 AND students.section = ?
2026-08-01 17:28:21 | INFO     | sqlalchemy.engine.Engine | SELECT students.id AS students_id, students.school_id AS students_school_id, students.student_name AS students_student_name, students.section AS students_section, students.class_name AS students_class_name, students.parent_name AS students_parent_name, students.parent_phone AS students_parent_phone, students.parent_email AS students_parent_email, students.is_active AS students_is_active, students.created_at AS students_created_at, fee_types_1.id AS fee_types_1_id, fee_types_1.school_id AS fee_types_1_school_id, fee_types_1.category_id AS fee_types_1_category_id, fee_types_1.section AS fee_types_1_section, fee_types_1.term AS fee_types_1_term, fee_types_1.amount_kobo AS fee_types_1_amount_kobo, fee_types_1.created_at AS fee_types_1_created_at, fee_records_1.id AS fee_records_1_id, fee_records_1.student_id AS fee_records_1_student_id, fee_records_1.fee_type_id AS fee_records_1_fee_type_id, fee_records_1.total_fees_kobo AS fee_records_1_total_fees_kobo, fee_records_1.amount_paid_kobo AS fee_records_1_amount_paid_kobo, fee_records_1.status AS fee_records_1_status, fee_records_1.created_at AS fee_records_1_created_at, fee_records_1.updated_at AS fee_records_1_updated_at 
FROM students LEFT OUTER JOIN fee_records AS fee_records_1 ON students.id = fee_records_1.student_id LEFT OUTER JOIN fee_types AS fee_types_1 ON fee_types_1.id = fee_records_1.fee_type_id 
WHERE students.school_id = ? AND students.is_active = 1 AND students.section = ?
2026-08-01 17:28:21,871 INFO sqlalchemy.engine.Engine ROLLBACK
2026-08-01 17:28:21 | INFO     | sqlalchemy.engine.Engine | ROLLBACK
2026-08-01 17:28:21,872 INFO sqlalchemy.engine.Engine [cached since 724.2s ago] (1, 'Nursery')
2026-08-01 17:28:21 | INFO     | sqlalchemy.engine.Engine | [cached since 724.2s ago] (1, 'Nursery')
2026-08-01 17:28:21,875 INFO sqlalchemy.engine.Engine SELECT students.id AS students_id, students.school_id AS students_school_id, students.student_name AS students_student_name, students.section AS students_section, students.class_name AS students_class_name, students.parent_name AS students_parent_name, students.parent_phone AS students_parent_phone, students.parent_email AS students_parent_email, students.is_active AS students_is_active, students.created_at AS students_created_at, fee_records_1.id AS fee_records_1_id, fee_records_1.student_id AS fee_records_1_student_id, fee_records_1.fee_type_id AS fee_records_1_fee_type_id, fee_records_1.total_fees_kobo AS fee_records_1_total_fees_kobo, fee_records_1.amount_paid_kobo AS fee_records_1_amount_paid_kobo, fee_records_1.status AS fee_records_1_status, fee_records_1.created_at AS fee_records_1_created_at, fee_records_1.updated_at AS fee_records_1_updated_at 
FROM students LEFT OUTER JOIN fee_records AS fee_records_1 ON students.id = fee_records_1.student_id 
WHERE students.school_id = ? AND students.is_active = 1
2026-08-01 17:28:21 | INFO     | sqlalchemy.engine.Engine | SELECT students.id AS students_id, students.school_id AS students_school_id, students.student_name AS students_student_name, students.section AS students_section, students.class_name AS students_class_name, students.parent_name AS students_parent_name, students.parent_phone AS students_parent_phone, students.parent_email AS students_parent_email, students.is_active AS students_is_active, students.created_at AS students_created_at, fee_records_1.id AS fee_records_1_id, fee_records_1.student_id AS fee_records_1_student_id, fee_records_1.fee_type_id AS fee_records_1_fee_type_id, fee_records_1.total_fees_kobo AS fee_records_1_total_fees_kobo, fee_records_1.amount_paid_kobo AS fee_records_1_amount_paid_kobo, fee_records_1.status AS fee_records_1_status, fee_records_1.created_at AS fee_records_1_created_at, fee_records_1.updated_at AS fee_records_1_updated_at 
FROM students LEFT OUTER JOIN fee_records AS fee_records_1 ON students.id = fee_records_1.student_id 
WHERE students.school_id = ? AND students.is_active = 1
2026-08-01 17:28:21,876 INFO sqlalchemy.engine.Engine [cached since 780.2s ago] (1,)
2026-08-01 17:28:21 | INFO     | sqlalchemy.engine.Engine | [cached since 780.2s ago] (1,)
2026-08-01 17:28:21,880 INFO sqlalchemy.engine.Engine SELECT fee_categories.id AS fee_categories_id, fee_categories.school_id AS fee_categories_school_id, fee_categories.name AS fee_categories_name, fee_categories.created_at AS fee_categories_created_at 
FROM fee_categories 
WHERE fee_categories.school_id = ? ORDER BY fee_categories.name
2026-08-01 17:28:21 | INFO     | sqlalchemy.engine.Engine | SELECT fee_categories.id AS fee_categories_id, fee_categories.school_id AS fee_categories_school_id, fee_categories.name AS fee_categories_name, fee_categories.created_at AS fee_categories_created_at 
FROM fee_categories 
WHERE fee_categories.school_id = ? ORDER BY fee_categories.name
2026-08-01 17:28:21,881 INFO sqlalchemy.engine.Engine [cached since 842.8s ago] (1,)
2026-08-01 17:28:21 | INFO     | sqlalchemy.engine.Engine | [cached since 842.8s ago] (1,)
2026-08-01 17:28:21,894 INFO sqlalchemy.engine.Engine SELECT fee_types.id AS fee_types_id, fee_types.school_id AS fee_types_school_id, fee_types.category_id AS fee_types_category_id, fee_types.section AS fee_types_section, fee_types.term AS fee_types_term, fee_types.amount_kobo AS fee_types_amount_kobo, fee_types.created_at AS fee_types_created_at 
FROM fee_types 
WHERE fee_types.category_id = ?
2026-08-01 17:28:21 | INFO     | sqlalchemy.engine.Engine | SELECT fee_types.id AS fee_types_id, fee_types.school_id AS fee_types_school_id, fee_types.category_id AS fee_types_category_id, fee_types.section AS fee_types_section, fee_types.term AS fee_types_term, fee_types.amount_kobo AS fee_types_amount_kobo, fee_types.created_at AS fee_types_created_at 
FROM fee_types 
WHERE fee_types.category_id = ?
2026-08-01 17:28:21,895 INFO sqlalchemy.engine.Engine [cached since 780.2s ago] (8,)
2026-08-01 17:28:21 | INFO     | sqlalchemy.engine.Engine | [cached since 780.2s ago] (8,)
2026-08-01 17:28:21,953 INFO sqlalchemy.engine.Engine SELECT fee_types.id AS fee_types_id, fee_types.school_id AS fee_types_school_id, fee_types.category_id AS fee_types_category_id, fee_types.section AS fee_types_section, fee_types.term AS fee_types_term, fee_types.amount_kobo AS fee_types_amount_kobo, fee_types.created_at AS fee_types_created_at 
FROM fee_types 
WHERE fee_types.category_id = ?
2026-08-01 17:28:21 | INFO     | sqlalchemy.engine.Engine | SELECT fee_types.id AS fee_types_id, fee_types.school_id AS fee_types_school_id, fee_types.category_id AS fee_types_category_id, fee_types.section AS fee_types_section, fee_types.term AS fee_types_term, fee_types.amount_kobo AS fee_types_amount_kobo, fee_types.created_at AS fee_types_created_at 
FROM fee_types 
WHERE fee_types.category_id = ?
2026-08-01 17:28:21,956 INFO sqlalchemy.engine.Engine [cached since 780.2s ago] (3,)
2026-08-01 17:28:21 | INFO     | sqlalchemy.engine.Engine | [cached since 780.2s ago] (3,)
2026-08-01 17:28:21,974 INFO sqlalchemy.engine.Engine SELECT fee_types.id AS fee_types_id, fee_types.school_id AS fee_types_school_id, fee_types.category_id AS fee_types_category_id, fee_types.section AS fee_types_section, fee_types.term AS fee_types_term, fee_types.amount_kobo AS fee_types_amount_kobo, fee_types.created_at AS fee_types_created_at 
FROM fee_types 
WHERE fee_types.category_id = ?
2026-08-01 17:28:21 | INFO     | sqlalchemy.engine.Engine | SELECT fee_types.id AS fee_types_id, fee_types.school_id AS fee_types_school_id, fee_types.category_id AS fee_types_category_id, fee_types.section AS fee_types_section, fee_types.term AS fee_types_term, fee_types.amount_kobo AS fee_types_amount_kobo, fee_types.created_at AS fee_types_created_at 
FROM fee_types 
WHERE fee_types.category_id = ?
2026-08-01 17:28:21,980 INFO sqlalchemy.engine.Engine [cached since 780.3s ago] (6,)
2026-08-01 17:28:21 | INFO     | sqlalchemy.engine.Engine | [cached since 780.3s ago] (6,)
2026-08-01 17:28:22,014 INFO sqlalchemy.engine.Engine SELECT fee_types.id AS fee_types_id, fee_types.school_id AS fee_types_school_id, fee_types.category_id AS fee_types_category_id, fee_types.section AS fee_types_section, fee_types.term AS fee_types_term, fee_types.amount_kobo AS fee_types_amount_kobo, fee_types.created_at AS fee_types_created_at 
FROM fee_types 
WHERE fee_types.category_id = ?
2026-08-01 17:28:22 | INFO     | sqlalchemy.engine.Engine | SELECT fee_types.id AS fee_types_id, fee_types.school_id AS fee_types_school_id, fee_types.category_id AS fee_types_category_id, fee_types.section AS fee_types_section, fee_types.term AS fee_types_term, fee_types.amount_kobo AS fee_types_amount_kobo, fee_types.created_at AS fee_types_created_at 
FROM fee_types 
WHERE fee_types.category_id = ?
2026-08-01 17:28:22,021 INFO sqlalchemy.engine.Engine [cached since 780.3s ago] (4,)
2026-08-01 17:28:22 | INFO     | sqlalchemy.engine.Engine | [cached since 780.3s ago] (4,)
2026-08-01 17:28:22,023 INFO sqlalchemy.engine.Engine SELECT fee_types.id AS fee_types_id, fee_types.school_id AS fee_types_school_id, fee_types.category_id AS fee_types_category_id, fee_types.section AS fee_types_section, fee_types.term AS fee_types_term, fee_types.amount_kobo AS fee_types_amount_kobo, fee_types.created_at AS fee_types_created_at 
FROM fee_types 
WHERE fee_types.category_id = ?
2026-08-01 17:28:22 | INFO     | sqlalchemy.engine.Engine | SELECT fee_types.id AS fee_types_id, fee_types.school_id AS fee_types_school_id, fee_types.category_id AS fee_types_category_id, fee_types.section AS fee_types_section, fee_types.term AS fee_types_term, fee_types.amount_kobo AS fee_types_amount_kobo, fee_types.created_at AS fee_types_created_at 
FROM fee_types 
WHERE fee_types.category_id = ?
2026-08-01 17:28:22,023 INFO sqlalchemy.engine.Engine [cached since 780.3s ago] (7,)
2026-08-01 17:28:22 | INFO     | sqlalchemy.engine.Engine | [cached since 780.3s ago] (7,)
2026-08-01 17:28:22,024 INFO sqlalchemy.engine.Engine SELECT fee_types.id AS fee_types_id, fee_types.school_id AS fee_types_school_id, fee_types.category_id AS fee_types_category_id, fee_types.section AS fee_types_section, fee_types.term AS fee_types_term, fee_types.amount_kobo AS fee_types_amount_kobo, fee_types.created_at AS fee_types_created_at 
FROM fee_types 
WHERE fee_types.category_id = ?
2026-08-01 17:28:22 | INFO     | sqlalchemy.engine.Engine | SELECT fee_types.id AS fee_types_id, fee_types.school_id AS fee_types_school_id, fee_types.category_id AS fee_types_category_id, fee_types.section AS fee_types_section, fee_types.term AS fee_types_term, fee_types.amount_kobo AS fee_types_amount_kobo, fee_types.created_at AS fee_types_created_at 
FROM fee_types 
WHERE fee_types.category_id = ?
2026-08-01 17:28:22,025 INFO sqlalchemy.engine.Engine [cached since 780.3s ago] (2,)
2026-08-01 17:28:22 | INFO     | sqlalchemy.engine.Engine | [cached since 780.3s ago] (2,)
2026-08-01 17:28:22,038 INFO sqlalchemy.engine.Engine SELECT fee_types.id AS fee_types_id, fee_types.school_id AS fee_types_school_id, fee_types.category_id AS fee_types_category_id, fee_types.section AS fee_types_section, fee_types.term AS fee_types_term, fee_types.amount_kobo AS fee_types_amount_kobo, fee_types.created_at AS fee_types_created_at 
FROM fee_types 
WHERE fee_types.category_id = ?
2026-08-01 17:28:22 | INFO     | sqlalchemy.engine.Engine | SELECT fee_types.id AS fee_types_id, fee_types.school_id AS fee_types_school_id, fee_types.category_id AS fee_types_category_id, fee_types.section AS fee_types_section, fee_types.term AS fee_types_term, fee_types.amount_kobo AS fee_types_amount_kobo, fee_types.created_at AS fee_types_created_at 
FROM fee_types 
WHERE fee_types.category_id = ?
2026-08-01 17:28:22,040 INFO sqlalchemy.engine.Engine [cached since 780.3s ago] (1,)
2026-08-01 17:28:22 | INFO     | sqlalchemy.engine.Engine | [cached since 780.3s ago] (1,)
2026-08-01 17:28:22,044 INFO sqlalchemy.engine.Engine SELECT fee_records.id AS fee_records_id, fee_records.student_id AS fee_records_student_id, fee_records.fee_type_id AS fee_records_fee_type_id, fee_records.total_fees_kobo AS fee_records_total_fees_kobo, fee_records.amount_paid_kobo AS fee_records_amount_paid_kobo, fee_records.status AS fee_records_status, fee_records.created_at AS fee_records_created_at, fee_records.updated_at AS fee_records_updated_at 
FROM fee_records 
WHERE fee_records.fee_type_id IN (?, ?)
2026-08-01 17:28:22 | INFO     | sqlalchemy.engine.Engine | SELECT fee_records.id AS fee_records_id, fee_records.student_id AS fee_records_student_id, fee_records.fee_type_id AS fee_records_fee_type_id, fee_records.total_fees_kobo AS fee_records_total_fees_kobo, fee_records.amount_paid_kobo AS fee_records_amount_paid_kobo, fee_records.status AS fee_records_status, fee_records.created_at AS fee_records_created_at, fee_records.updated_at AS fee_records_updated_at 
FROM fee_records 
WHERE fee_records.fee_type_id IN (?, ?)
2026-08-01 17:28:22,046 INFO sqlalchemy.engine.Engine [cached since 780.2s ago] (1, 3)
2026-08-01 17:28:22 | INFO     | sqlalchemy.engine.Engine | [cached since 780.2s ago] (1, 3)
2026-08-01 17:28:22,060 INFO sqlalchemy.engine.Engine SELECT fee_types.id AS fee_types_id, fee_types.school_id AS fee_types_school_id, fee_types.category_id AS fee_types_category_id, fee_types.section AS fee_types_section, fee_types.term AS fee_types_term, fee_types.amount_kobo AS fee_types_amount_kobo, fee_types.created_at AS fee_types_created_at 
FROM fee_types 
WHERE fee_types.category_id = ?
2026-08-01 17:28:22 | INFO     | sqlalchemy.engine.Engine | SELECT fee_types.id AS fee_types_id, fee_types.school_id AS fee_types_school_id, fee_types.category_id AS fee_types_category_id, fee_types.section AS fee_types_section, fee_types.term AS fee_types_term, fee_types.amount_kobo AS fee_types_amount_kobo, fee_types.created_at AS fee_types_created_at 
FROM fee_types 
WHERE fee_types.category_id = ?
2026-08-01 17:28:22,062 INFO sqlalchemy.engine.Engine [cached since 780.3s ago] (5,)
2026-08-01 17:28:22 | INFO     | sqlalchemy.engine.Engine | [cached since 780.3s ago] (5,)
INFO:     127.0.0.1:57039 - "GET /api/v1/dashboard/summary?school_id=1&section=Nursery HTTP/1.1" 200 OK
2026-08-01 17:28:22,092 INFO sqlalchemy.engine.Engine ROLLBACK
2026-08-01 17:28:22 | INFO     | sqlalchemy.engine.Engine | ROLLBACK
2026-08-01 17:28:28,163 INFO sqlalchemy.engine.Engine BEGIN (implicit)
2026-08-01 17:28:28 | INFO     | sqlalchemy.engine.Engine | BEGIN (implicit)
2026-08-01 17:28:28,178 INFO sqlalchemy.engine.Engine SELECT users.id AS users_id, users.school_id AS users_school_id, users.email AS users_email, users.hashed_password AS users_hashed_password, users.role AS users_role, users.is_active AS users_is_active, users.created_at AS users_created_at, users.last_login AS users_last_login 
FROM users 
WHERE users.id = ?
 LIMIT ? OFFSET ?
2026-08-01 17:28:28 | INFO     | sqlalchemy.engine.Engine | SELECT users.id AS users_id, users.school_id AS users_school_id, users.email AS users_email, users.hashed_password AS users_hashed_password, users.role AS users_role, users.is_active AS users_is_active, users.created_at AS users_created_at, users.last_login AS users_last_login 
FROM users 
WHERE users.id = ?
 LIMIT ? OFFSET ?
2026-08-01 17:28:28,180 INFO sqlalchemy.engine.Engine [cached since 849.1s ago] (1, 1, 0)
2026-08-01 17:28:28 | INFO     | sqlalchemy.engine.Engine | [cached since 849.1s ago] (1, 1, 0)
2026-08-01 17:28:28,194 INFO sqlalchemy.engine.Engine SELECT schools.id AS schools_id, schools.name AS schools_name, schools.slug AS schools_slug, schools.phone AS schools_phone, schools.email AS schools_email, schools.address AS schools_address, schools.is_active AS schools_is_active, schools.created_at AS schools_created_at 
FROM schools 
WHERE schools.id = ?
 LIMIT ? OFFSET ?
2026-08-01 17:28:28 | INFO     | sqlalchemy.engine.Engine | SELECT schools.id AS schools_id, schools.name AS schools_name, schools.slug AS schools_slug, schools.phone AS schools_phone, schools.email AS schools_email, schools.address AS schools_address, schools.is_active AS schools_is_active, schools.created_at AS schools_created_at 
FROM schools 
WHERE schools.id = ?
 LIMIT ? OFFSET ?
2026-08-01 17:28:28,195 INFO sqlalchemy.engine.Engine [cached since 786.6s ago] (1, 1, 0)
2026-08-01 17:28:28 | INFO     | sqlalchemy.engine.Engine | [cached since 786.6s ago] (1, 1, 0)
2026-08-01 17:28:28,201 INFO sqlalchemy.engine.Engine BEGIN (implicit)
2026-08-01 17:28:28 | INFO     | sqlalchemy.engine.Engine | BEGIN (implicit)
2026-08-01 17:28:28,206 INFO sqlalchemy.engine.Engine SELECT users.id AS users_id, users.school_id AS users_school_id, users.email AS users_email, users.hashed_password AS users_hashed_password, users.role AS users_role, users.is_active AS users_is_active, users.created_at AS users_created_at, users.last_login AS users_last_login 
FROM users 
WHERE users.id = ?
 LIMIT ? OFFSET ?
2026-08-01 17:28:28 | INFO     | sqlalchemy.engine.Engine | SELECT users.id AS users_id, users.school_id AS users_school_id, users.email AS users_email, users.hashed_password AS users_hashed_password, users.role AS users_role, users.is_active AS users_is_active, users.created_at AS users_created_at, users.last_login AS users_last_login 
FROM users 
WHERE users.id = ?
 LIMIT ? OFFSET ?
2026-08-01 17:28:28,207 INFO sqlalchemy.engine.Engine [cached since 849.1s ago] (1, 1, 0)
2026-08-01 17:28:28 | INFO     | sqlalchemy.engine.Engine | [cached since 849.1s ago] (1, 1, 0)
2026-08-01 17:28:28,203 INFO sqlalchemy.engine.Engine SELECT students.id AS students_id, students.school_id AS students_school_id, students.student_name AS students_student_name, students.section AS students_section, students.class_name AS students_class_name, students.parent_name AS students_parent_name, students.parent_phone AS students_parent_phone, students.parent_email AS students_parent_email, students.is_active AS students_is_active, students.created_at AS students_created_at, fee_types_1.id AS fee_types_1_id, fee_types_1.school_id AS fee_types_1_school_id, fee_types_1.category_id AS fee_types_1_category_id, fee_types_1.section AS fee_types_1_section, fee_types_1.term AS fee_types_1_term, fee_types_1.amount_kobo AS fee_types_1_amount_kobo, fee_types_1.created_at AS fee_types_1_created_at, fee_records_1.id AS fee_records_1_id, fee_records_1.student_id AS fee_records_1_student_id, fee_records_1.fee_type_id AS fee_records_1_fee_type_id, fee_records_1.total_fees_kobo AS fee_records_1_total_fees_kobo, fee_records_1.amount_paid_kobo AS fee_records_1_amount_paid_kobo, fee_records_1.status AS fee_records_1_status, fee_records_1.created_at AS fee_records_1_created_at, fee_records_1.updated_at AS fee_records_1_updated_at 
FROM students LEFT OUTER JOIN fee_records AS fee_records_1 ON students.id = fee_records_1.student_id LEFT OUTER JOIN fee_types AS fee_types_1 ON fee_types_1.id = fee_records_1.fee_type_id 
WHERE students.school_id = ? AND students.is_active = 1
2026-08-01 17:28:28 | INFO     | sqlalchemy.engine.Engine | SELECT students.id AS students_id, students.school_id AS students_school_id, students.student_name AS students_student_name, students.section AS students_section, students.class_name AS students_class_name, students.parent_name AS students_parent_name, students.parent_phone AS students_parent_phone, students.parent_email AS students_parent_email, students.is_active AS students_is_active, students.created_at AS students_created_at, fee_types_1.id AS fee_types_1_id, fee_types_1.school_id AS fee_types_1_school_id, fee_types_1.category_id AS fee_types_1_category_id, fee_types_1.section AS fee_types_1_section, fee_types_1.term AS fee_types_1_term, fee_types_1.amount_kobo AS fee_types_1_amount_kobo, fee_types_1.created_at AS fee_types_1_created_at, fee_records_1.id AS fee_records_1_id, fee_records_1.student_id AS fee_records_1_student_id, fee_records_1.fee_type_id AS fee_records_1_fee_type_id, fee_records_1.total_fees_kobo AS fee_records_1_total_fees_kobo, fee_records_1.amount_paid_kobo AS fee_records_1_amount_paid_kobo, fee_records_1.status AS fee_records_1_status, fee_records_1.created_at AS fee_records_1_created_at, fee_records_1.updated_at AS fee_records_1_updated_at 
FROM students LEFT OUTER JOIN fee_records AS fee_records_1 ON students.id = fee_records_1.student_id LEFT OUTER JOIN fee_types AS fee_types_1 ON fee_types_1.id = fee_records_1.fee_type_id 
WHERE students.school_id = ? AND students.is_active = 1
2026-08-01 17:28:28,211 INFO sqlalchemy.engine.Engine [cached since 786.5s ago] (1,)
2026-08-01 17:28:28 | INFO     | sqlalchemy.engine.Engine | [cached since 786.5s ago] (1,)
2026-08-01 17:28:28,229 INFO sqlalchemy.engine.Engine SELECT activity_logs.id AS activity_logs_id, activity_logs.school_id AS activity_logs_school_id, activity_logs.student_id AS activity_logs_student_id, activity_logs.action AS activity_logs_action, activity_logs.description AS activity_logs_description, activity_logs.created_at AS activity_logs_created_at 
FROM activity_logs 
WHERE activity_logs.school_id = ? ORDER BY activity_logs.created_at DESC
 LIMIT ? OFFSET ?
2026-08-01 17:28:28 | INFO     | sqlalchemy.engine.Engine | SELECT activity_logs.id AS activity_logs_id, activity_logs.school_id AS activity_logs_school_id, activity_logs.student_id AS activity_logs_student_id, activity_logs.action AS activity_logs_action, activity_logs.description AS activity_logs_description, activity_logs.created_at AS activity_logs_created_at 
FROM activity_logs 
WHERE activity_logs.school_id = ? ORDER BY activity_logs.created_at DESC
 LIMIT ? OFFSET ?
2026-08-01 17:28:28,229 INFO sqlalchemy.engine.Engine [cached since 786.5s ago] (1, 6, 0)
2026-08-01 17:28:28 | INFO     | sqlalchemy.engine.Engine | [cached since 786.5s ago] (1, 6, 0)
INFO:     127.0.0.1:57041 - "GET /api/v1/activity/?school_id=1&limit=6 HTTP/1.1" 200 OK
2026-08-01 17:28:28,246 INFO sqlalchemy.engine.Engine SELECT students.id AS students_id, students.school_id AS students_school_id, students.student_name AS students_student_name, students.section AS students_section, students.class_name AS students_class_name, students.parent_name AS students_parent_name, students.parent_phone AS students_parent_phone, students.parent_email AS students_parent_email, students.is_active AS students_is_active, students.created_at AS students_created_at, fee_records_1.id AS fee_records_1_id, fee_records_1.student_id AS fee_records_1_student_id, fee_records_1.fee_type_id AS fee_records_1_fee_type_id, fee_records_1.total_fees_kobo AS fee_records_1_total_fees_kobo, fee_records_1.amount_paid_kobo AS fee_records_1_amount_paid_kobo, fee_records_1.status AS fee_records_1_status, fee_records_1.created_at AS fee_records_1_created_at, fee_records_1.updated_at AS fee_records_1_updated_at 
FROM students LEFT OUTER JOIN fee_records AS fee_records_1 ON students.id = fee_records_1.student_id 
WHERE students.school_id = ? AND students.is_active = 1
2026-08-01 17:28:28 | INFO     | sqlalchemy.engine.Engine | SELECT students.id AS students_id, students.school_id AS students_school_id, students.student_name AS students_student_name, students.section AS students_section, students.class_name AS students_class_name, students.parent_name AS students_parent_name, students.parent_phone AS students_parent_phone, students.parent_email AS students_parent_email, students.is_active AS students_is_active, students.created_at AS students_created_at, fee_records_1.id AS fee_records_1_id, fee_records_1.student_id AS fee_records_1_student_id, fee_records_1.fee_type_id AS fee_records_1_fee_type_id, fee_records_1.total_fees_kobo AS fee_records_1_total_fees_kobo, fee_records_1.amount_paid_kobo AS fee_records_1_amount_paid_kobo, fee_records_1.status AS fee_records_1_status, fee_records_1.created_at AS fee_records_1_created_at, fee_records_1.updated_at AS fee_records_1_updated_at 
FROM students LEFT OUTER JOIN fee_records AS fee_records_1 ON students.id = fee_records_1.student_id 
WHERE students.school_id = ? AND students.is_active = 1
2026-08-01 17:28:28,248 INFO sqlalchemy.engine.Engine [cached since 786.6s ago] (1,)
2026-08-01 17:28:28 | INFO     | sqlalchemy.engine.Engine | [cached since 786.6s ago] (1,)
2026-08-01 17:28:28,247 INFO sqlalchemy.engine.Engine ROLLBACK
2026-08-01 17:28:28 | INFO     | sqlalchemy.engine.Engine | ROLLBACK
2026-08-01 17:28:28,255 INFO sqlalchemy.engine.Engine SELECT fee_categories.id AS fee_categories_id, fee_categories.school_id AS fee_categories_school_id, fee_categories.name AS fee_categories_name, fee_categories.created_at AS fee_categories_created_at 
FROM fee_categories 
WHERE fee_categories.school_id = ? ORDER BY fee_categories.name
2026-08-01 17:28:28 | INFO     | sqlalchemy.engine.Engine | SELECT fee_categories.id AS fee_categories_id, fee_categories.school_id AS fee_categories_school_id, fee_categories.name AS fee_categories_name, fee_categories.created_at AS fee_categories_created_at 
FROM fee_categories 
WHERE fee_categories.school_id = ? ORDER BY fee_categories.name
2026-08-01 17:28:28,256 INFO sqlalchemy.engine.Engine [cached since 849.2s ago] (1,)
2026-08-01 17:28:28 | INFO     | sqlalchemy.engine.Engine | [cached since 849.2s ago] (1,)
2026-08-01 17:28:28,262 INFO sqlalchemy.engine.Engine SELECT fee_types.id AS fee_types_id, fee_types.school_id AS fee_types_school_id, fee_types.category_id AS fee_types_category_id, fee_types.section AS fee_types_section, fee_types.term AS fee_types_term, fee_types.amount_kobo AS fee_types_amount_kobo, fee_types.created_at AS fee_types_created_at 
FROM fee_types 
WHERE fee_types.category_id = ?
2026-08-01 17:28:28 | INFO     | sqlalchemy.engine.Engine | SELECT fee_types.id AS fee_types_id, fee_types.school_id AS fee_types_school_id, fee_types.category_id AS fee_types_category_id, fee_types.section AS fee_types_section, fee_types.term AS fee_types_term, fee_types.amount_kobo AS fee_types_amount_kobo, fee_types.created_at AS fee_types_created_at 
FROM fee_types 
WHERE fee_types.category_id = ?
2026-08-01 17:28:28,275 INFO sqlalchemy.engine.Engine [cached since 786.6s ago] (8,)
2026-08-01 17:28:28 | INFO     | sqlalchemy.engine.Engine | [cached since 786.6s ago] (8,)
2026-08-01 17:28:28,286 INFO sqlalchemy.engine.Engine SELECT fee_types.id AS fee_types_id, fee_types.school_id AS fee_types_school_id, fee_types.category_id AS fee_types_category_id, fee_types.section AS fee_types_section, fee_types.term AS fee_types_term, fee_types.amount_kobo AS fee_types_amount_kobo, fee_types.created_at AS fee_types_created_at 
FROM fee_types 
WHERE fee_types.category_id = ?
2026-08-01 17:28:28 | INFO     | sqlalchemy.engine.Engine | SELECT fee_types.id AS fee_types_id, fee_types.school_id AS fee_types_school_id, fee_types.category_id AS fee_types_category_id, fee_types.section AS fee_types_section, fee_types.term AS fee_types_term, fee_types.amount_kobo AS fee_types_amount_kobo, fee_types.created_at AS fee_types_created_at 
FROM fee_types 
WHERE fee_types.category_id = ?
2026-08-01 17:28:28,286 INFO sqlalchemy.engine.Engine [cached since 786.6s ago] (3,)
2026-08-01 17:28:28 | INFO     | sqlalchemy.engine.Engine | [cached since 786.6s ago] (3,)
2026-08-01 17:28:28,288 INFO sqlalchemy.engine.Engine SELECT fee_types.id AS fee_types_id, fee_types.school_id AS fee_types_school_id, fee_types.category_id AS fee_types_category_id, fee_types.section AS fee_types_section, fee_types.term AS fee_types_term, fee_types.amount_kobo AS fee_types_amount_kobo, fee_types.created_at AS fee_types_created_at 
FROM fee_types 
WHERE fee_types.category_id = ?
2026-08-01 17:28:28 | INFO     | sqlalchemy.engine.Engine | SELECT fee_types.id AS fee_types_id, fee_types.school_id AS fee_types_school_id, fee_types.category_id AS fee_types_category_id, fee_types.section AS fee_types_section, fee_types.term AS fee_types_term, fee_types.amount_kobo AS fee_types_amount_kobo, fee_types.created_at AS fee_types_created_at 
FROM fee_types 
WHERE fee_types.category_id = ?
2026-08-01 17:28:28,289 INFO sqlalchemy.engine.Engine [cached since 786.6s ago] (6,)
2026-08-01 17:28:28 | INFO     | sqlalchemy.engine.Engine | [cached since 786.6s ago] (6,)
2026-08-01 17:28:28,292 INFO sqlalchemy.engine.Engine SELECT fee_types.id AS fee_types_id, fee_types.school_id AS fee_types_school_id, fee_types.category_id AS fee_types_category_id, fee_types.section AS fee_types_section, fee_types.term AS fee_types_term, fee_types.amount_kobo AS fee_types_amount_kobo, fee_types.created_at AS fee_types_created_at 
FROM fee_types 
WHERE fee_types.category_id = ?
2026-08-01 17:28:28 | INFO     | sqlalchemy.engine.Engine | SELECT fee_types.id AS fee_types_id, fee_types.school_id AS fee_types_school_id, fee_types.category_id AS fee_types_category_id, fee_types.section AS fee_types_section, fee_types.term AS fee_types_term, fee_types.amount_kobo AS fee_types_amount_kobo, fee_types.created_at AS fee_types_created_at 
FROM fee_types 
WHERE fee_types.category_id = ?
2026-08-01 17:28:28,293 INFO sqlalchemy.engine.Engine [cached since 786.6s ago] (4,)
2026-08-01 17:28:28 | INFO     | sqlalchemy.engine.Engine | [cached since 786.6s ago] (4,)
2026-08-01 17:28:28,302 INFO sqlalchemy.engine.Engine SELECT fee_types.id AS fee_types_id, fee_types.school_id AS fee_types_school_id, fee_types.category_id AS fee_types_category_id, fee_types.section AS fee_types_section, fee_types.term AS fee_types_term, fee_types.amount_kobo AS fee_types_amount_kobo, fee_types.created_at AS fee_types_created_at 
FROM fee_types 
WHERE fee_types.category_id = ?
2026-08-01 17:28:28 | INFO     | sqlalchemy.engine.Engine | SELECT fee_types.id AS fee_types_id, fee_types.school_id AS fee_types_school_id, fee_types.category_id AS fee_types_category_id, fee_types.section AS fee_types_section, fee_types.term AS fee_types_term, fee_types.amount_kobo AS fee_types_amount_kobo, fee_types.created_at AS fee_types_created_at 
FROM fee_types 
WHERE fee_types.category_id = ?
2026-08-01 17:28:28,302 INFO sqlalchemy.engine.Engine [cached since 786.6s ago] (7,)
2026-08-01 17:28:28 | INFO     | sqlalchemy.engine.Engine | [cached since 786.6s ago] (7,)
2026-08-01 17:28:28,305 INFO sqlalchemy.engine.Engine SELECT fee_types.id AS fee_types_id, fee_types.school_id AS fee_types_school_id, fee_types.category_id AS fee_types_category_id, fee_types.section AS fee_types_section, fee_types.term AS fee_types_term, fee_types.amount_kobo AS fee_types_amount_kobo, fee_types.created_at AS fee_types_created_at 
FROM fee_types 
WHERE fee_types.category_id = ?
2026-08-01 17:28:28 | INFO     | sqlalchemy.engine.Engine | SELECT fee_types.id AS fee_types_id, fee_types.school_id AS fee_types_school_id, fee_types.category_id AS fee_types_category_id, fee_types.section AS fee_types_section, fee_types.term AS fee_types_term, fee_types.amount_kobo AS fee_types_amount_kobo, fee_types.created_at AS fee_types_created_at 
FROM fee_types 
WHERE fee_types.category_id = ?
2026-08-01 17:28:28,306 INFO sqlalchemy.engine.Engine [cached since 786.6s ago] (2,)
2026-08-01 17:28:28 | INFO     | sqlalchemy.engine.Engine | [cached since 786.6s ago] (2,)
2026-08-01 17:28:28,308 INFO sqlalchemy.engine.Engine SELECT fee_types.id AS fee_types_id, fee_types.school_id AS fee_types_school_id, fee_types.category_id AS fee_types_category_id, fee_types.section AS fee_types_section, fee_types.term AS fee_types_term, fee_types.amount_kobo AS fee_types_amount_kobo, fee_types.created_at AS fee_types_created_at 
FROM fee_types 
WHERE fee_types.category_id = ?
2026-08-01 17:28:28 | INFO     | sqlalchemy.engine.Engine | SELECT fee_types.id AS fee_types_id, fee_types.school_id AS fee_types_school_id, fee_types.category_id AS fee_types_category_id, fee_types.section AS fee_types_section, fee_types.term AS fee_types_term, fee_types.amount_kobo AS fee_types_amount_kobo, fee_types.created_at AS fee_types_created_at 
FROM fee_types 
WHERE fee_types.category_id = ?
2026-08-01 17:28:28,308 INFO sqlalchemy.engine.Engine [cached since 786.6s ago] (1,)
2026-08-01 17:28:28 | INFO     | sqlalchemy.engine.Engine | [cached since 786.6s ago] (1,)
2026-08-01 17:28:28,310 INFO sqlalchemy.engine.Engine SELECT fee_records.id AS fee_records_id, fee_records.student_id AS fee_records_student_id, fee_records.fee_type_id AS fee_records_fee_type_id, fee_records.total_fees_kobo AS fee_records_total_fees_kobo, fee_records.amount_paid_kobo AS fee_records_amount_paid_kobo, fee_records.status AS fee_records_status, fee_records.created_at AS fee_records_created_at, fee_records.updated_at AS fee_records_updated_at 
FROM fee_records 
WHERE fee_records.fee_type_id IN (?, ?)
2026-08-01 17:28:28 | INFO     | sqlalchemy.engine.Engine | SELECT fee_records.id AS fee_records_id, fee_records.student_id AS fee_records_student_id, fee_records.fee_type_id AS fee_records_fee_type_id, fee_records.total_fees_kobo AS fee_records_total_fees_kobo, fee_records.amount_paid_kobo AS fee_records_amount_paid_kobo, fee_records.status AS fee_records_status, fee_records.created_at AS fee_records_created_at, fee_records.updated_at AS fee_records_updated_at 
FROM fee_records 
WHERE fee_records.fee_type_id IN (?, ?)
2026-08-01 17:28:28,311 INFO sqlalchemy.engine.Engine [cached since 786.4s ago] (1, 3)
2026-08-01 17:28:28 | INFO     | sqlalchemy.engine.Engine | [cached since 786.4s ago] (1, 3)
2026-08-01 17:28:28,337 INFO sqlalchemy.engine.Engine SELECT fee_types.id AS fee_types_id, fee_types.school_id AS fee_types_school_id, fee_types.category_id AS fee_types_category_id, fee_types.section AS fee_types_section, fee_types.term AS fee_types_term, fee_types.amount_kobo AS fee_types_amount_kobo, fee_types.created_at AS fee_types_created_at 
FROM fee_types 
WHERE fee_types.category_id = ?
2026-08-01 17:28:28 | INFO     | sqlalchemy.engine.Engine | SELECT fee_types.id AS fee_types_id, fee_types.school_id AS fee_types_school_id, fee_types.category_id AS fee_types_category_id, fee_types.section AS fee_types_section, fee_types.term AS fee_types_term, fee_types.amount_kobo AS fee_types_amount_kobo, fee_types.created_at AS fee_types_created_at 
FROM fee_types 
WHERE fee_types.category_id = ?
2026-08-01 17:28:28,337 INFO sqlalchemy.engine.Engine [cached since 786.6s ago] (5,)
2026-08-01 17:28:28 | INFO     | sqlalchemy.engine.Engine | [cached since 786.6s ago] (5,)
INFO:     127.0.0.1:57040 - "GET /api/v1/dashboard/summary?school_id=1 HTTP/1.1" 200 OK
2026-08-01 17:28:28,340 INFO sqlalchemy.engine.Engine ROLLBACK
2026-08-01 17:28:28 | INFO     | sqlalchemy.engine.Engine | ROLLBACK
2026-08-01 17:28:33,259 INFO sqlalchemy.engine.Engine BEGIN (implicit)
2026-08-01 17:28:33 | INFO     | sqlalchemy.engine.Engine | BEGIN (implicit)
2026-08-01 17:28:33,261 INFO sqlalchemy.engine.Engine BEGIN (implicit)
2026-08-01 17:28:33,264 INFO sqlalchemy.engine.Engine SELECT users.id AS users_id, users.school_id AS users_school_id, users.email AS users_email, users.hashed_password AS users_hashed_password, users.role AS users_role, users.is_active AS users_is_active, users.created_at AS users_created_at, users.last_login AS users_last_login 
FROM users 
WHERE users.id = ?
 LIMIT ? OFFSET ?
2026-08-01 17:28:33 | INFO     | sqlalchemy.engine.Engine | SELECT users.id AS users_id, users.school_id AS users_school_id, users.email AS users_email, users.hashed_password AS users_hashed_password, users.role AS users_role, users.is_active AS users_is_active, users.created_at AS users_created_at, users.last_login AS users_last_login 
FROM users 
WHERE users.id = ?
 LIMIT ? OFFSET ?
2026-08-01 17:28:33,271 INFO sqlalchemy.engine.Engine [cached since 854.2s ago] (1, 1, 0)
2026-08-01 17:28:33 | INFO     | sqlalchemy.engine.Engine | [cached since 854.2s ago] (1, 1, 0)
2026-08-01 17:28:33 | INFO     | sqlalchemy.engine.Engine | BEGIN (implicit)
2026-08-01 17:28:33,280 INFO sqlalchemy.engine.Engine SELECT users.id AS users_id, users.school_id AS users_school_id, users.email AS users_email, users.hashed_password AS users_hashed_password, users.role AS users_role, users.is_active AS users_is_active, users.created_at AS users_created_at, users.last_login AS users_last_login 
FROM users 
WHERE users.id = ?
 LIMIT ? OFFSET ?
2026-08-01 17:28:33 | INFO     | sqlalchemy.engine.Engine | SELECT users.id AS users_id, users.school_id AS users_school_id, users.email AS users_email, users.hashed_password AS users_hashed_password, users.role AS users_role, users.is_active AS users_is_active, users.created_at AS users_created_at, users.last_login AS users_last_login 
FROM users 
WHERE users.id = ?
 LIMIT ? OFFSET ?
2026-08-01 17:28:33,280 INFO sqlalchemy.engine.Engine [cached since 854.2s ago] (1, 1, 0)
2026-08-01 17:28:33 | INFO     | sqlalchemy.engine.Engine | [cached since 854.2s ago] (1, 1, 0)
2026-08-01 17:28:33,289 INFO sqlalchemy.engine.Engine SELECT schools.id AS schools_id, schools.name AS schools_name, schools.slug AS schools_slug, schools.phone AS schools_phone, schools.email AS schools_email, schools.address AS schools_address, schools.is_active AS schools_is_active, schools.created_at AS schools_created_at 
FROM schools 
WHERE schools.id = ?
 LIMIT ? OFFSET ?
2026-08-01 17:28:33 | INFO     | sqlalchemy.engine.Engine | SELECT schools.id AS schools_id, schools.name AS schools_name, schools.slug AS schools_slug, schools.phone AS schools_phone, schools.email AS schools_email, schools.address AS schools_address, schools.is_active AS schools_is_active, schools.created_at AS schools_created_at 
FROM schools 
WHERE schools.id = ?
 LIMIT ? OFFSET ?
2026-08-01 17:28:33,289 INFO sqlalchemy.engine.Engine [cached since 791.7s ago] (1, 1, 0)
2026-08-01 17:28:33 | INFO     | sqlalchemy.engine.Engine | [cached since 791.7s ago] (1, 1, 0)
2026-08-01 17:28:33,295 INFO sqlalchemy.engine.Engine SELECT students.id AS students_id, students.school_id AS students_school_id, students.student_name AS students_student_name, students.section AS students_section, students.class_name AS students_class_name, students.parent_name AS students_parent_name, students.parent_phone AS students_parent_phone, students.parent_email AS students_parent_email, students.is_active AS students_is_active, students.created_at AS students_created_at, fee_types_1.id AS fee_types_1_id, fee_types_1.school_id AS fee_types_1_school_id, fee_types_1.category_id AS fee_types_1_category_id, fee_types_1.section AS fee_types_1_section, fee_types_1.term AS fee_types_1_term, fee_types_1.amount_kobo AS fee_types_1_amount_kobo, fee_types_1.created_at AS fee_types_1_created_at, fee_records_1.id AS fee_records_1_id, fee_records_1.student_id AS fee_records_1_student_id, fee_records_1.fee_type_id AS fee_records_1_fee_type_id, fee_records_1.total_fees_kobo AS fee_records_1_total_fees_kobo, fee_records_1.amount_paid_kobo AS fee_records_1_amount_paid_kobo, fee_records_1.status AS fee_records_1_status, fee_records_1.created_at AS fee_records_1_created_at, fee_records_1.updated_at AS fee_records_1_updated_at 
FROM students LEFT OUTER JOIN fee_records AS fee_records_1 ON students.id = fee_records_1.student_id LEFT OUTER JOIN fee_types AS fee_types_1 ON fee_types_1.id = fee_records_1.fee_type_id 
WHERE students.school_id = ? AND students.is_active = 1 AND students.section = ?
2026-08-01 17:28:33 | INFO     | sqlalchemy.engine.Engine | SELECT students.id AS students_id, students.school_id AS students_school_id, students.student_name AS students_student_name, students.section AS students_section, students.class_name AS students_class_name, students.parent_name AS students_parent_name, students.parent_phone AS students_parent_phone, students.parent_email AS students_parent_email, students.is_active AS students_is_active, students.created_at AS students_created_at, fee_types_1.id AS fee_types_1_id, fee_types_1.school_id AS fee_types_1_school_id, fee_types_1.category_id AS fee_types_1_category_id, fee_types_1.section AS fee_types_1_section, fee_types_1.term AS fee_types_1_term, fee_types_1.amount_kobo AS fee_types_1_amount_kobo, fee_types_1.created_at AS fee_types_1_created_at, fee_records_1.id AS fee_records_1_id, fee_records_1.student_id AS fee_records_1_student_id, fee_records_1.fee_type_id AS fee_records_1_fee_type_id, fee_records_1.total_fees_kobo AS fee_records_1_total_fees_kobo, fee_records_1.amount_paid_kobo AS fee_records_1_amount_paid_kobo, fee_records_1.status AS fee_records_1_status, fee_records_1.created_at AS fee_records_1_created_at, fee_records_1.updated_at AS fee_records_1_updated_at 
FROM students LEFT OUTER JOIN fee_records AS fee_records_1 ON students.id = fee_records_1.student_id LEFT OUTER JOIN fee_types AS fee_types_1 ON fee_types_1.id = fee_records_1.fee_type_id 
WHERE students.school_id = ? AND students.is_active = 1 AND students.section = ?
2026-08-01 17:28:33,317 INFO sqlalchemy.engine.Engine [cached since 735.6s ago] (1, 'Primary')
2026-08-01 17:28:33 | INFO     | sqlalchemy.engine.Engine | [cached since 735.6s ago] (1, 'Primary')
2026-08-01 17:28:33,322 INFO sqlalchemy.engine.Engine SELECT activity_logs.id AS activity_logs_id, activity_logs.school_id AS activity_logs_school_id, activity_logs.student_id AS activity_logs_student_id, activity_logs.action AS activity_logs_action, activity_logs.description AS activity_logs_description, activity_logs.created_at AS activity_logs_created_at 
FROM activity_logs 
WHERE activity_logs.school_id = ? ORDER BY activity_logs.created_at DESC
 LIMIT ? OFFSET ?
2026-08-01 17:28:33 | INFO     | sqlalchemy.engine.Engine | SELECT activity_logs.id AS activity_logs_id, activity_logs.school_id AS activity_logs_school_id, activity_logs.student_id AS activity_logs_student_id, activity_logs.action AS activity_logs_action, activity_logs.description AS activity_logs_description, activity_logs.created_at AS activity_logs_created_at 
FROM activity_logs 
WHERE activity_logs.school_id = ? ORDER BY activity_logs.created_at DESC
 LIMIT ? OFFSET ?
2026-08-01 17:28:33,324 INFO sqlalchemy.engine.Engine [cached since 791.6s ago] (1, 6, 0)
2026-08-01 17:28:33 | INFO     | sqlalchemy.engine.Engine | [cached since 791.6s ago] (1, 6, 0)
INFO:     127.0.0.1:57042 - "GET /api/v1/activity/?school_id=1&limit=6 HTTP/1.1" 200 OK
2026-08-01 17:28:33,338 INFO sqlalchemy.engine.Engine ROLLBACK
2026-08-01 17:28:33 | INFO     | sqlalchemy.engine.Engine | ROLLBACK
2026-08-01 17:28:33,413 INFO sqlalchemy.engine.Engine SELECT students.id AS students_id, students.school_id AS students_school_id, students.student_name AS students_student_name, students.section AS students_section, students.class_name AS students_class_name, students.parent_name AS students_parent_name, students.parent_phone AS students_parent_phone, students.parent_email AS students_parent_email, students.is_active AS students_is_active, students.created_at AS students_created_at, fee_records_1.id AS fee_records_1_id, fee_records_1.student_id AS fee_records_1_student_id, fee_records_1.fee_type_id AS fee_records_1_fee_type_id, fee_records_1.total_fees_kobo AS fee_records_1_total_fees_kobo, fee_records_1.amount_paid_kobo AS fee_records_1_amount_paid_kobo, fee_records_1.status AS fee_records_1_status, fee_records_1.created_at AS fee_records_1_created_at, fee_records_1.updated_at AS fee_records_1_updated_at 
FROM students LEFT OUTER JOIN fee_records AS fee_records_1 ON students.id = fee_records_1.student_id 
WHERE students.school_id = ? AND students.is_active = 1
2026-08-01 17:28:33 | INFO     | sqlalchemy.engine.Engine | SELECT students.id AS students_id, students.school_id AS students_school_id, students.student_name AS students_student_name, students.section AS students_section, students.class_name AS students_class_name, students.parent_name AS students_parent_name, students.parent_phone AS students_parent_phone, students.parent_email AS students_parent_email, students.is_active AS students_is_active, students.created_at AS students_created_at, fee_records_1.id AS fee_records_1_id, fee_records_1.student_id AS fee_records_1_student_id, fee_records_1.fee_type_id AS fee_records_1_fee_type_id, fee_records_1.total_fees_kobo AS fee_records_1_total_fees_kobo, fee_records_1.amount_paid_kobo AS fee_records_1_amount_paid_kobo, fee_records_1.status AS fee_records_1_status, fee_records_1.created_at AS fee_records_1_created_at, fee_records_1.updated_at AS fee_records_1_updated_at 
FROM students LEFT OUTER JOIN fee_records AS fee_records_1 ON students.id = fee_records_1.student_id 
WHERE students.school_id = ? AND students.is_active = 1
2026-08-01 17:28:33,418 INFO sqlalchemy.engine.Engine [cached since 791.7s ago] (1,)
2026-08-01 17:28:33 | INFO     | sqlalchemy.engine.Engine | [cached since 791.7s ago] (1,)
2026-08-01 17:28:33,421 INFO sqlalchemy.engine.Engine SELECT fee_categories.id AS fee_categories_id, fee_categories.school_id AS fee_categories_school_id, fee_categories.name AS fee_categories_name, fee_categories.created_at AS fee_categories_created_at 
FROM fee_categories 
WHERE fee_categories.school_id = ? ORDER BY fee_categories.name
2026-08-01 17:28:33 | INFO     | sqlalchemy.engine.Engine | SELECT fee_categories.id AS fee_categories_id, fee_categories.school_id AS fee_categories_school_id, fee_categories.name AS fee_categories_name, fee_categories.created_at AS fee_categories_created_at 
FROM fee_categories 
WHERE fee_categories.school_id = ? ORDER BY fee_categories.name
2026-08-01 17:28:33,421 INFO sqlalchemy.engine.Engine [cached since 854.3s ago] (1,)
2026-08-01 17:28:33 | INFO     | sqlalchemy.engine.Engine | [cached since 854.3s ago] (1,)
2026-08-01 17:28:33,424 INFO sqlalchemy.engine.Engine SELECT fee_types.id AS fee_types_id, fee_types.school_id AS fee_types_school_id, fee_types.category_id AS fee_types_category_id, fee_types.section AS fee_types_section, fee_types.term AS fee_types_term, fee_types.amount_kobo AS fee_types_amount_kobo, fee_types.created_at AS fee_types_created_at 
FROM fee_types 
WHERE fee_types.category_id = ?
2026-08-01 17:28:33 | INFO     | sqlalchemy.engine.Engine | SELECT fee_types.id AS fee_types_id, fee_types.school_id AS fee_types_school_id, fee_types.category_id AS fee_types_category_id, fee_types.section AS fee_types_section, fee_types.term AS fee_types_term, fee_types.amount_kobo AS fee_types_amount_kobo, fee_types.created_at AS fee_types_created_at 
FROM fee_types 
WHERE fee_types.category_id = ?
2026-08-01 17:28:33,425 INFO sqlalchemy.engine.Engine [cached since 791.7s ago] (8,)
2026-08-01 17:28:33 | INFO     | sqlalchemy.engine.Engine | [cached since 791.7s ago] (8,)
2026-08-01 17:28:33,429 INFO sqlalchemy.engine.Engine SELECT fee_types.id AS fee_types_id, fee_types.school_id AS fee_types_school_id, fee_types.category_id AS fee_types_category_id, fee_types.section AS fee_types_section, fee_types.term AS fee_types_term, fee_types.amount_kobo AS fee_types_amount_kobo, fee_types.created_at AS fee_types_created_at 
FROM fee_types 
WHERE fee_types.category_id = ?
2026-08-01 17:28:33 | INFO     | sqlalchemy.engine.Engine | SELECT fee_types.id AS fee_types_id, fee_types.school_id AS fee_types_school_id, fee_types.category_id AS fee_types_category_id, fee_types.section AS fee_types_section, fee_types.term AS fee_types_term, fee_types.amount_kobo AS fee_types_amount_kobo, fee_types.created_at AS fee_types_created_at 
FROM fee_types 
WHERE fee_types.category_id = ?
2026-08-01 17:28:33,431 INFO sqlalchemy.engine.Engine [cached since 791.7s ago] (3,)
2026-08-01 17:28:33 | INFO     | sqlalchemy.engine.Engine | [cached since 791.7s ago] (3,)
2026-08-01 17:28:33,443 INFO sqlalchemy.engine.Engine SELECT fee_types.id AS fee_types_id, fee_types.school_id AS fee_types_school_id, fee_types.category_id AS fee_types_category_id, fee_types.section AS fee_types_section, fee_types.term AS fee_types_term, fee_types.amount_kobo AS fee_types_amount_kobo, fee_types.created_at AS fee_types_created_at 
FROM fee_types 
WHERE fee_types.category_id = ?
2026-08-01 17:28:33 | INFO     | sqlalchemy.engine.Engine | SELECT fee_types.id AS fee_types_id, fee_types.school_id AS fee_types_school_id, fee_types.category_id AS fee_types_category_id, fee_types.section AS fee_types_section, fee_types.term AS fee_types_term, fee_types.amount_kobo AS fee_types_amount_kobo, fee_types.created_at AS fee_types_created_at 
FROM fee_types 
WHERE fee_types.category_id = ?
2026-08-01 17:28:33,444 INFO sqlalchemy.engine.Engine [cached since 791.7s ago] (6,)
2026-08-01 17:28:33 | INFO     | sqlalchemy.engine.Engine | [cached since 791.7s ago] (6,)
2026-08-01 17:28:33,446 INFO sqlalchemy.engine.Engine SELECT fee_types.id AS fee_types_id, fee_types.school_id AS fee_types_school_id, fee_types.category_id AS fee_types_category_id, fee_types.section AS fee_types_section, fee_types.term AS fee_types_term, fee_types.amount_kobo AS fee_types_amount_kobo, fee_types.created_at AS fee_types_created_at 
FROM fee_types 
WHERE fee_types.category_id = ?
2026-08-01 17:28:33 | INFO     | sqlalchemy.engine.Engine | SELECT fee_types.id AS fee_types_id, fee_types.school_id AS fee_types_school_id, fee_types.category_id AS fee_types_category_id, fee_types.section AS fee_types_section, fee_types.term AS fee_types_term, fee_types.amount_kobo AS fee_types_amount_kobo, fee_types.created_at AS fee_types_created_at 
FROM fee_types 
WHERE fee_types.category_id = ?
2026-08-01 17:28:33,446 INFO sqlalchemy.engine.Engine [cached since 791.7s ago] (4,)
2026-08-01 17:28:33 | INFO     | sqlalchemy.engine.Engine | [cached since 791.7s ago] (4,)
2026-08-01 17:28:33,447 INFO sqlalchemy.engine.Engine SELECT fee_types.id AS fee_types_id, fee_types.school_id AS fee_types_school_id, fee_types.category_id AS fee_types_category_id, fee_types.section AS fee_types_section, fee_types.term AS fee_types_term, fee_types.amount_kobo AS fee_types_amount_kobo, fee_types.created_at AS fee_types_created_at 
FROM fee_types 
WHERE fee_types.category_id = ?
2026-08-01 17:28:33 | INFO     | sqlalchemy.engine.Engine | SELECT fee_types.id AS fee_types_id, fee_types.school_id AS fee_types_school_id, fee_types.category_id AS fee_types_category_id, fee_types.section AS fee_types_section, fee_types.term AS fee_types_term, fee_types.amount_kobo AS fee_types_amount_kobo, fee_types.created_at AS fee_types_created_at 
FROM fee_types 
WHERE fee_types.category_id = ?
2026-08-01 17:28:33,450 INFO sqlalchemy.engine.Engine [cached since 791.7s ago] (7,)
2026-08-01 17:28:33 | INFO     | sqlalchemy.engine.Engine | [cached since 791.7s ago] (7,)
2026-08-01 17:28:33,452 INFO sqlalchemy.engine.Engine SELECT fee_types.id AS fee_types_id, fee_types.school_id AS fee_types_school_id, fee_types.category_id AS fee_types_category_id, fee_types.section AS fee_types_section, fee_types.term AS fee_types_term, fee_types.amount_kobo AS fee_types_amount_kobo, fee_types.created_at AS fee_types_created_at 
FROM fee_types 
WHERE fee_types.category_id = ?
2026-08-01 17:28:33 | INFO     | sqlalchemy.engine.Engine | SELECT fee_types.id AS fee_types_id, fee_types.school_id AS fee_types_school_id, fee_types.category_id AS fee_types_category_id, fee_types.section AS fee_types_section, fee_types.term AS fee_types_term, fee_types.amount_kobo AS fee_types_amount_kobo, fee_types.created_at AS fee_types_created_at 
FROM fee_types 
WHERE fee_types.category_id = ?
2026-08-01 17:28:33,453 INFO sqlalchemy.engine.Engine [cached since 791.7s ago] (2,)
2026-08-01 17:28:33 | INFO     | sqlalchemy.engine.Engine | [cached since 791.7s ago] (2,)
2026-08-01 17:28:33,473 INFO sqlalchemy.engine.Engine SELECT fee_types.id AS fee_types_id, fee_types.school_id AS fee_types_school_id, fee_types.category_id AS fee_types_category_id, fee_types.section AS fee_types_section, fee_types.term AS fee_types_term, fee_types.amount_kobo AS fee_types_amount_kobo, fee_types.created_at AS fee_types_created_at 
FROM fee_types 
WHERE fee_types.category_id = ?
2026-08-01 17:28:33 | INFO     | sqlalchemy.engine.Engine | SELECT fee_types.id AS fee_types_id, fee_types.school_id AS fee_types_school_id, fee_types.category_id AS fee_types_category_id, fee_types.section AS fee_types_section, fee_types.term AS fee_types_term, fee_types.amount_kobo AS fee_types_amount_kobo, fee_types.created_at AS fee_types_created_at 
FROM fee_types 
WHERE fee_types.category_id = ?
2026-08-01 17:28:33,474 INFO sqlalchemy.engine.Engine [cached since 791.8s ago] (1,)
2026-08-01 17:28:33 | INFO     | sqlalchemy.engine.Engine | [cached since 791.8s ago] (1,)
2026-08-01 17:28:33,477 INFO sqlalchemy.engine.Engine SELECT fee_records.id AS fee_records_id, fee_records.student_id AS fee_records_student_id, fee_records.fee_type_id AS fee_records_fee_type_id, fee_records.total_fees_kobo AS fee_records_total_fees_kobo, fee_records.amount_paid_kobo AS fee_records_amount_paid_kobo, fee_records.status AS fee_records_status, fee_records.created_at AS fee_records_created_at, fee_records.updated_at AS fee_records_updated_at 
FROM fee_records 
WHERE fee_records.fee_type_id IN (?, ?)
2026-08-01 17:28:33 | INFO     | sqlalchemy.engine.Engine | SELECT fee_records.id AS fee_records_id, fee_records.student_id AS fee_records_student_id, fee_records.fee_type_id AS fee_records_fee_type_id, fee_records.total_fees_kobo AS fee_records_total_fees_kobo, fee_records.amount_paid_kobo AS fee_records_amount_paid_kobo, fee_records.status AS fee_records_status, fee_records.created_at AS fee_records_created_at, fee_records.updated_at AS fee_records_updated_at 
FROM fee_records 
WHERE fee_records.fee_type_id IN (?, ?)
2026-08-01 17:28:33,479 INFO sqlalchemy.engine.Engine [cached since 791.6s ago] (1, 3)
2026-08-01 17:28:33 | INFO     | sqlalchemy.engine.Engine | [cached since 791.6s ago] (1, 3)
2026-08-01 17:28:33,490 INFO sqlalchemy.engine.Engine SELECT fee_types.id AS fee_types_id, fee_types.school_id AS fee_types_school_id, fee_types.category_id AS fee_types_category_id, fee_types.section AS fee_types_section, fee_types.term AS fee_types_term, fee_types.amount_kobo AS fee_types_amount_kobo, fee_types.created_at AS fee_types_created_at 
FROM fee_types 
WHERE fee_types.category_id = ?
2026-08-01 17:28:33 | INFO     | sqlalchemy.engine.Engine | SELECT fee_types.id AS fee_types_id, fee_types.school_id AS fee_types_school_id, fee_types.category_id AS fee_types_category_id, fee_types.section AS fee_types_section, fee_types.term AS fee_types_term, fee_types.amount_kobo AS fee_types_amount_kobo, fee_types.created_at AS fee_types_created_at 
FROM fee_types 
WHERE fee_types.category_id = ?
2026-08-01 17:28:33,491 INFO sqlalchemy.engine.Engine [cached since 791.8s ago] (5,)
2026-08-01 17:28:33 | INFO     | sqlalchemy.engine.Engine | [cached since 791.8s ago] (5,)
INFO:     127.0.0.1:57040 - "GET /api/v1/dashboard/summary?school_id=1&section=Primary HTTP/1.1" 200 OK
2026-08-01 17:28:33,493 INFO sqlalchemy.engine.Engine ROLLBACK
2026-08-01 17:28:33 | INFO     | sqlalchemy.engine.Engine | ROLLBACK
2026-08-01 17:28:42,207 INFO sqlalchemy.engine.Engine BEGIN (implicit)
2026-08-01 17:28:42 | INFO     | sqlalchemy.engine.Engine | BEGIN (implicit)
2026-08-01 17:28:42,210 INFO sqlalchemy.engine.Engine SELECT users.id AS users_id, users.school_id AS users_school_id, users.email AS users_email, users.hashed_password AS users_hashed_password, users.role AS users_role, users.is_active AS users_is_active, users.created_at AS users_created_at, users.last_login AS users_last_login 
FROM users 
WHERE users.id = ?
 LIMIT ? OFFSET ?
2026-08-01 17:28:42 | INFO     | sqlalchemy.engine.Engine | SELECT users.id AS users_id, users.school_id AS users_school_id, users.email AS users_email, users.hashed_password AS users_hashed_password, users.role AS users_role, users.is_active AS users_is_active, users.created_at AS users_created_at, users.last_login AS users_last_login 
FROM users 
WHERE users.id = ?
 LIMIT ? OFFSET ?
2026-08-01 17:28:42,211 INFO sqlalchemy.engine.Engine [cached since 863.1s ago] (1, 1, 0)
2026-08-01 17:28:42 | INFO     | sqlalchemy.engine.Engine | [cached since 863.1s ago] (1, 1, 0)
2026-08-01 17:28:42,216 INFO sqlalchemy.engine.Engine BEGIN (implicit)
2026-08-01 17:28:42 | INFO     | sqlalchemy.engine.Engine | BEGIN (implicit)
2026-08-01 17:28:42,217 INFO sqlalchemy.engine.Engine SELECT users.id AS users_id, users.school_id AS users_school_id, users.email AS users_email, users.hashed_password AS users_hashed_password, users.role AS users_role, users.is_active AS users_is_active, users.created_at AS users_created_at, users.last_login AS users_last_login 
FROM users 
WHERE users.id = ?
 LIMIT ? OFFSET ?
2026-08-01 17:28:42 | INFO     | sqlalchemy.engine.Engine | SELECT users.id AS users_id, users.school_id AS users_school_id, users.email AS users_email, users.hashed_password AS users_hashed_password, users.role AS users_role, users.is_active AS users_is_active, users.created_at AS users_created_at, users.last_login AS users_last_login 
FROM users 
WHERE users.id = ?
 LIMIT ? OFFSET ?
2026-08-01 17:28:42,218 INFO sqlalchemy.engine.Engine [cached since 863.1s ago] (1, 1, 0)
2026-08-01 17:28:42 | INFO     | sqlalchemy.engine.Engine | [cached since 863.1s ago] (1, 1, 0)
2026-08-01 17:28:42,220 INFO sqlalchemy.engine.Engine SELECT schools.id AS schools_id, schools.name AS schools_name, schools.slug AS schools_slug, schools.phone AS schools_phone, schools.email AS schools_email, schools.address AS schools_address, schools.is_active AS schools_is_active, schools.created_at AS schools_created_at 
FROM schools 
WHERE schools.id = ?
 LIMIT ? OFFSET ?
2026-08-01 17:28:42 | INFO     | sqlalchemy.engine.Engine | SELECT schools.id AS schools_id, schools.name AS schools_name, schools.slug AS schools_slug, schools.phone AS schools_phone, schools.email AS schools_email, schools.address AS schools_address, schools.is_active AS schools_is_active, schools.created_at AS schools_created_at 
FROM schools 
WHERE schools.id = ?
 LIMIT ? OFFSET ?
2026-08-01 17:28:42,221 INFO sqlalchemy.engine.Engine [cached since 800.6s ago] (1, 1, 0)
2026-08-01 17:28:42 | INFO     | sqlalchemy.engine.Engine | [cached since 800.6s ago] (1, 1, 0)
2026-08-01 17:28:42,232 INFO sqlalchemy.engine.Engine SELECT activity_logs.id AS activity_logs_id, activity_logs.school_id AS activity_logs_school_id, activity_logs.student_id AS activity_logs_student_id, activity_logs.action AS activity_logs_action, activity_logs.description AS activity_logs_description, activity_logs.created_at AS activity_logs_created_at 
FROM activity_logs 
WHERE activity_logs.school_id = ? ORDER BY activity_logs.created_at DESC
 LIMIT ? OFFSET ?
2026-08-01 17:28:42 | INFO     | sqlalchemy.engine.Engine | SELECT activity_logs.id AS activity_logs_id, activity_logs.school_id AS activity_logs_school_id, activity_logs.student_id AS activity_logs_student_id, activity_logs.action AS activity_logs_action, activity_logs.description AS activity_logs_description, activity_logs.created_at AS activity_logs_created_at 
FROM activity_logs 
WHERE activity_logs.school_id = ? ORDER BY activity_logs.created_at DESC
 LIMIT ? OFFSET ?
2026-08-01 17:28:42,233 INFO sqlalchemy.engine.Engine [cached since 800.5s ago] (1, 6, 0)
2026-08-01 17:28:42 | INFO     | sqlalchemy.engine.Engine | [cached since 800.5s ago] (1, 6, 0)
2026-08-01 17:28:42,236 INFO sqlalchemy.engine.Engine SELECT students.id AS students_id, students.school_id AS students_school_id, students.student_name AS students_student_name, students.section AS students_section, students.class_name AS students_class_name, students.parent_name AS students_parent_name, students.parent_phone AS students_parent_phone, students.parent_email AS students_parent_email, students.is_active AS students_is_active, students.created_at AS students_created_at, fee_types_1.id AS fee_types_1_id, fee_types_1.school_id AS fee_types_1_school_id, fee_types_1.category_id AS fee_types_1_category_id, fee_types_1.section AS fee_types_1_section, fee_types_1.term AS fee_types_1_term, fee_types_1.amount_kobo AS fee_types_1_amount_kobo, fee_types_1.created_at AS fee_types_1_created_at, fee_records_1.id AS fee_records_1_id, fee_records_1.student_id AS fee_records_1_student_id, fee_records_1.fee_type_id AS fee_records_1_fee_type_id, fee_records_1.total_fees_kobo AS fee_records_1_total_fees_kobo, fee_records_1.amount_paid_kobo AS fee_records_1_amount_paid_kobo, fee_records_1.status AS fee_records_1_status, fee_records_1.created_at AS fee_records_1_created_at, fee_records_1.updated_at AS fee_records_1_updated_at 
FROM students LEFT OUTER JOIN fee_records AS fee_records_1 ON students.id = fee_records_1.student_id LEFT OUTER JOIN fee_types AS fee_types_1 ON fee_types_1.id = fee_records_1.fee_type_id 
WHERE students.school_id = ? AND students.is_active = 1 AND students.section = ?
2026-08-01 17:28:42 | INFO     | sqlalchemy.engine.Engine | SELECT students.id AS students_id, students.school_id AS students_school_id, students.student_name AS students_student_name, students.section AS students_section, students.class_name AS students_class_name, students.parent_name AS students_parent_name, students.parent_phone AS students_parent_phone, students.parent_email AS students_parent_email, students.is_active AS students_is_active, students.created_at AS students_created_at, fee_types_1.id AS fee_types_1_id, fee_types_1.school_id AS fee_types_1_school_id, fee_types_1.category_id AS fee_types_1_category_id, fee_types_1.section AS fee_types_1_section, fee_types_1.term AS fee_types_1_term, fee_types_1.amount_kobo AS fee_types_1_amount_kobo, fee_types_1.created_at AS fee_types_1_created_at, fee_records_1.id AS fee_records_1_id, fee_records_1.student_id AS fee_records_1_student_id, fee_records_1.fee_type_id AS fee_records_1_fee_type_id, fee_records_1.total_fees_kobo AS fee_records_1_total_fees_kobo, fee_records_1.amount_paid_kobo AS fee_records_1_amount_paid_kobo, fee_records_1.status AS fee_records_1_status, fee_records_1.created_at AS fee_records_1_created_at, fee_records_1.updated_at AS fee_records_1_updated_at 
FROM students LEFT OUTER JOIN fee_records AS fee_records_1 ON students.id = fee_records_1.student_id LEFT OUTER JOIN fee_types AS fee_types_1 ON fee_types_1.id = fee_records_1.fee_type_id 
WHERE students.school_id = ? AND students.is_active = 1 AND students.section = ?
2026-08-01 17:28:42,237 INFO sqlalchemy.engine.Engine [cached since 744.6s ago] (1, 'Secondary')
2026-08-01 17:28:42 | INFO     | sqlalchemy.engine.Engine | [cached since 744.6s ago] (1, 'Secondary')
2026-08-01 17:28:42,581 INFO sqlalchemy.engine.Engine SELECT students.id AS students_id, students.school_id AS students_school_id, students.student_name AS students_student_name, students.section AS students_section, students.class_name AS students_class_name, students.parent_name AS students_parent_name, students.parent_phone AS students_parent_phone, students.parent_email AS students_parent_email, students.is_active AS students_is_active, students.created_at AS students_created_at, fee_records_1.id AS fee_records_1_id, fee_records_1.student_id AS fee_records_1_student_id, fee_records_1.fee_type_id AS fee_records_1_fee_type_id, fee_records_1.total_fees_kobo AS fee_records_1_total_fees_kobo, fee_records_1.amount_paid_kobo AS fee_records_1_amount_paid_kobo, fee_records_1.status AS fee_records_1_status, fee_records_1.created_at AS fee_records_1_created_at, fee_records_1.updated_at AS fee_records_1_updated_at 
FROM students LEFT OUTER JOIN fee_records AS fee_records_1 ON students.id = fee_records_1.student_id 
WHERE students.school_id = ? AND students.is_active = 1
2026-08-01 17:28:42 | INFO     | sqlalchemy.engine.Engine | SELECT students.id AS students_id, students.school_id AS students_school_id, students.student_name AS students_student_name, students.section AS students_section, students.class_name AS students_class_name, students.parent_name AS students_parent_name, students.parent_phone AS students_parent_phone, students.parent_email AS students_parent_email, students.is_active AS students_is_active, students.created_at AS students_created_at, fee_records_1.id AS fee_records_1_id, fee_records_1.student_id AS fee_records_1_student_id, fee_records_1.fee_type_id AS fee_records_1_fee_type_id, fee_records_1.total_fees_kobo AS fee_records_1_total_fees_kobo, fee_records_1.amount_paid_kobo AS fee_records_1_amount_paid_kobo, fee_records_1.status AS fee_records_1_status, fee_records_1.created_at AS fee_records_1_created_at, fee_records_1.updated_at AS fee_records_1_updated_at 
FROM students LEFT OUTER JOIN fee_records AS fee_records_1 ON students.id = fee_records_1.student_id 
WHERE students.school_id = ? AND students.is_active = 1
2026-08-01 17:28:42,582 INFO sqlalchemy.engine.Engine [cached since 800.9s ago] (1,)
2026-08-01 17:28:42 | INFO     | sqlalchemy.engine.Engine | [cached since 800.9s ago] (1,)
INFO:     127.0.0.1:57087 - "GET /api/v1/activity/?school_id=1&limit=6 HTTP/1.1" 200 OK
2026-08-01 17:28:42,586 INFO sqlalchemy.engine.Engine ROLLBACK
2026-08-01 17:28:42 | INFO     | sqlalchemy.engine.Engine | ROLLBACK
2026-08-01 17:28:42,598 INFO sqlalchemy.engine.Engine SELECT fee_categories.id AS fee_categories_id, fee_categories.school_id AS fee_categories_school_id, fee_categories.name AS fee_categories_name, fee_categories.created_at AS fee_categories_created_at 
FROM fee_categories 
WHERE fee_categories.school_id = ? ORDER BY fee_categories.name
2026-08-01 17:28:42 | INFO     | sqlalchemy.engine.Engine | SELECT fee_categories.id AS fee_categories_id, fee_categories.school_id AS fee_categories_school_id, fee_categories.name AS fee_categories_name, fee_categories.created_at AS fee_categories_created_at 
FROM fee_categories 
WHERE fee_categories.school_id = ? ORDER BY fee_categories.name
2026-08-01 17:28:42,598 INFO sqlalchemy.engine.Engine [cached since 863.5s ago] (1,)
2026-08-01 17:28:42 | INFO     | sqlalchemy.engine.Engine | [cached since 863.5s ago] (1,)
2026-08-01 17:28:42,602 INFO sqlalchemy.engine.Engine SELECT fee_types.id AS fee_types_id, fee_types.school_id AS fee_types_school_id, fee_types.category_id AS fee_types_category_id, fee_types.section AS fee_types_section, fee_types.term AS fee_types_term, fee_types.amount_kobo AS fee_types_amount_kobo, fee_types.created_at AS fee_types_created_at 
FROM fee_types 
WHERE fee_types.category_id = ?
2026-08-01 17:28:42 | INFO     | sqlalchemy.engine.Engine | SELECT fee_types.id AS fee_types_id, fee_types.school_id AS fee_types_school_id, fee_types.category_id AS fee_types_category_id, fee_types.section AS fee_types_section, fee_types.term AS fee_types_term, fee_types.amount_kobo AS fee_types_amount_kobo, fee_types.created_at AS fee_types_created_at 
FROM fee_types 
WHERE fee_types.category_id = ?
2026-08-01 17:28:42,604 INFO sqlalchemy.engine.Engine [cached since 800.9s ago] (8,)
2026-08-01 17:28:42 | INFO     | sqlalchemy.engine.Engine | [cached since 800.9s ago] (8,)
2026-08-01 17:28:42,605 INFO sqlalchemy.engine.Engine SELECT fee_types.id AS fee_types_id, fee_types.school_id AS fee_types_school_id, fee_types.category_id AS fee_types_category_id, fee_types.section AS fee_types_section, fee_types.term AS fee_types_term, fee_types.amount_kobo AS fee_types_amount_kobo, fee_types.created_at AS fee_types_created_at 
FROM fee_types 
WHERE fee_types.category_id = ?
2026-08-01 17:28:42 | INFO     | sqlalchemy.engine.Engine | SELECT fee_types.id AS fee_types_id, fee_types.school_id AS fee_types_school_id, fee_types.category_id AS fee_types_category_id, fee_types.section AS fee_types_section, fee_types.term AS fee_types_term, fee_types.amount_kobo AS fee_types_amount_kobo, fee_types.created_at AS fee_types_created_at 
FROM fee_types 
WHERE fee_types.category_id = ?
2026-08-01 17:28:42,606 INFO sqlalchemy.engine.Engine [cached since 800.9s ago] (3,)
2026-08-01 17:28:42 | INFO     | sqlalchemy.engine.Engine | [cached since 800.9s ago] (3,)
2026-08-01 17:28:42,607 INFO sqlalchemy.engine.Engine SELECT fee_types.id AS fee_types_id, fee_types.school_id AS fee_types_school_id, fee_types.category_id AS fee_types_category_id, fee_types.section AS fee_types_section, fee_types.term AS fee_types_term, fee_types.amount_kobo AS fee_types_amount_kobo, fee_types.created_at AS fee_types_created_at 
FROM fee_types 
WHERE fee_types.category_id = ?
2026-08-01 17:28:42 | INFO     | sqlalchemy.engine.Engine | SELECT fee_types.id AS fee_types_id, fee_types.school_id AS fee_types_school_id, fee_types.category_id AS fee_types_category_id, fee_types.section AS fee_types_section, fee_types.term AS fee_types_term, fee_types.amount_kobo AS fee_types_amount_kobo, fee_types.created_at AS fee_types_created_at 
FROM fee_types 
WHERE fee_types.category_id = ?
2026-08-01 17:28:42,607 INFO sqlalchemy.engine.Engine [cached since 800.9s ago] (6,)
2026-08-01 17:28:42 | INFO     | sqlalchemy.engine.Engine | [cached since 800.9s ago] (6,)
2026-08-01 17:28:42,611 INFO sqlalchemy.engine.Engine SELECT fee_types.id AS fee_types_id, fee_types.school_id AS fee_types_school_id, fee_types.category_id AS fee_types_category_id, fee_types.section AS fee_types_section, fee_types.term AS fee_types_term, fee_types.amount_kobo AS fee_types_amount_kobo, fee_types.created_at AS fee_types_created_at 
FROM fee_types 
WHERE fee_types.category_id = ?
2026-08-01 17:28:42 | INFO     | sqlalchemy.engine.Engine | SELECT fee_types.id AS fee_types_id, fee_types.school_id AS fee_types_school_id, fee_types.category_id AS fee_types_category_id, fee_types.section AS fee_types_section, fee_types.term AS fee_types_term, fee_types.amount_kobo AS fee_types_amount_kobo, fee_types.created_at AS fee_types_created_at 
FROM fee_types 
WHERE fee_types.category_id = ?
2026-08-01 17:28:42,612 INFO sqlalchemy.engine.Engine [cached since 800.9s ago] (4,)
2026-08-01 17:28:42 | INFO     | sqlalchemy.engine.Engine | [cached since 800.9s ago] (4,)
2026-08-01 17:28:42,619 INFO sqlalchemy.engine.Engine SELECT fee_types.id AS fee_types_id, fee_types.school_id AS fee_types_school_id, fee_types.category_id AS fee_types_category_id, fee_types.section AS fee_types_section, fee_types.term AS fee_types_term, fee_types.amount_kobo AS fee_types_amount_kobo, fee_types.created_at AS fee_types_created_at 
FROM fee_types 
WHERE fee_types.category_id = ?
2026-08-01 17:28:42 | INFO     | sqlalchemy.engine.Engine | SELECT fee_types.id AS fee_types_id, fee_types.school_id AS fee_types_school_id, fee_types.category_id AS fee_types_category_id, fee_types.section AS fee_types_section, fee_types.term AS fee_types_term, fee_types.amount_kobo AS fee_types_amount_kobo, fee_types.created_at AS fee_types_created_at 
FROM fee_types 
WHERE fee_types.category_id = ?
2026-08-01 17:28:42,620 INFO sqlalchemy.engine.Engine [cached since 800.9s ago] (7,)
2026-08-01 17:28:42 | INFO     | sqlalchemy.engine.Engine | [cached since 800.9s ago] (7,)
2026-08-01 17:28:42,626 INFO sqlalchemy.engine.Engine SELECT fee_types.id AS fee_types_id, fee_types.school_id AS fee_types_school_id, fee_types.category_id AS fee_types_category_id, fee_types.section AS fee_types_section, fee_types.term AS fee_types_term, fee_types.amount_kobo AS fee_types_amount_kobo, fee_types.created_at AS fee_types_created_at 
FROM fee_types 
WHERE fee_types.category_id = ?
2026-08-01 17:28:42 | INFO     | sqlalchemy.engine.Engine | SELECT fee_types.id AS fee_types_id, fee_types.school_id AS fee_types_school_id, fee_types.category_id AS fee_types_category_id, fee_types.section AS fee_types_section, fee_types.term AS fee_types_term, fee_types.amount_kobo AS fee_types_amount_kobo, fee_types.created_at AS fee_types_created_at 
FROM fee_types 
WHERE fee_types.category_id = ?
2026-08-01 17:28:42,626 INFO sqlalchemy.engine.Engine [cached since 800.9s ago] (2,)
2026-08-01 17:28:42 | INFO     | sqlalchemy.engine.Engine | [cached since 800.9s ago] (2,)
2026-08-01 17:28:42,629 INFO sqlalchemy.engine.Engine SELECT fee_types.id AS fee_types_id, fee_types.school_id AS fee_types_school_id, fee_types.category_id AS fee_types_category_id, fee_types.section AS fee_types_section, fee_types.term AS fee_types_term, fee_types.amount_kobo AS fee_types_amount_kobo, fee_types.created_at AS fee_types_created_at 
FROM fee_types 
WHERE fee_types.category_id = ?
2026-08-01 17:28:42 | INFO     | sqlalchemy.engine.Engine | SELECT fee_types.id AS fee_types_id, fee_types.school_id AS fee_types_school_id, fee_types.category_id AS fee_types_category_id, fee_types.section AS fee_types_section, fee_types.term AS fee_types_term, fee_types.amount_kobo AS fee_types_amount_kobo, fee_types.created_at AS fee_types_created_at 
FROM fee_types 
WHERE fee_types.category_id = ?
2026-08-01 17:28:42,634 INFO sqlalchemy.engine.Engine [cached since 800.9s ago] (1,)
2026-08-01 17:28:42 | INFO     | sqlalchemy.engine.Engine | [cached since 800.9s ago] (1,)
2026-08-01 17:28:42,642 INFO sqlalchemy.engine.Engine SELECT fee_records.id AS fee_records_id, fee_records.student_id AS fee_records_student_id, fee_records.fee_type_id AS fee_records_fee_type_id, fee_records.total_fees_kobo AS fee_records_total_fees_kobo, fee_records.amount_paid_kobo AS fee_records_amount_paid_kobo, fee_records.status AS fee_records_status, fee_records.created_at AS fee_records_created_at, fee_records.updated_at AS fee_records_updated_at 
FROM fee_records 
WHERE fee_records.fee_type_id IN (?, ?)
2026-08-01 17:28:42 | INFO     | sqlalchemy.engine.Engine | SELECT fee_records.id AS fee_records_id, fee_records.student_id AS fee_records_student_id, fee_records.fee_type_id AS fee_records_fee_type_id, fee_records.total_fees_kobo AS fee_records_total_fees_kobo, fee_records.amount_paid_kobo AS fee_records_amount_paid_kobo, fee_records.status AS fee_records_status, fee_records.created_at AS fee_records_created_at, fee_records.updated_at AS fee_records_updated_at 
FROM fee_records 
WHERE fee_records.fee_type_id IN (?, ?)
2026-08-01 17:28:42,643 INFO sqlalchemy.engine.Engine [cached since 800.8s ago] (1, 3)
2026-08-01 17:28:42 | INFO     | sqlalchemy.engine.Engine | [cached since 800.8s ago] (1, 3)
2026-08-01 17:28:42,647 INFO sqlalchemy.engine.Engine SELECT fee_types.id AS fee_types_id, fee_types.school_id AS fee_types_school_id, fee_types.category_id AS fee_types_category_id, fee_types.section AS fee_types_section, fee_types.term AS fee_types_term, fee_types.amount_kobo AS fee_types_amount_kobo, fee_types.created_at AS fee_types_created_at 
FROM fee_types 
WHERE fee_types.category_id = ?
2026-08-01 17:28:42 | INFO     | sqlalchemy.engine.Engine | SELECT fee_types.id AS fee_types_id, fee_types.school_id AS fee_types_school_id, fee_types.category_id AS fee_types_category_id, fee_types.section AS fee_types_section, fee_types.term AS fee_types_term, fee_types.amount_kobo AS fee_types_amount_kobo, fee_types.created_at AS fee_types_created_at 
FROM fee_types 
WHERE fee_types.category_id = ?
2026-08-01 17:28:42,647 INFO sqlalchemy.engine.Engine [cached since 800.9s ago] (5,)
2026-08-01 17:28:42 | INFO     | sqlalchemy.engine.Engine | [cached since 800.9s ago] (5,)
INFO:     127.0.0.1:57086 - "GET /api/v1/dashboard/summary?school_id=1&section=Secondary HTTP/1.1" 200 OK
2026-08-01 17:28:42,650 INFO sqlalchemy.engine.Engine ROLLBACK
2026-08-01 17:28:42 | INFO     | sqlalchemy.engine.Engine | ROLLBACK
2026-08-01 17:28:56,475 INFO sqlalchemy.engine.Engine BEGIN (implicit)
2026-08-01 17:28:56 | INFO     | sqlalchemy.engine.Engine | BEGIN (implicit)
2026-08-01 17:28:56,475 INFO sqlalchemy.engine.Engine SELECT users.id AS users_id, users.school_id AS users_school_id, users.email AS users_email, users.hashed_password AS users_hashed_password, users.role AS users_role, users.is_active AS users_is_active, users.created_at AS users_created_at, users.last_login AS users_last_login 
FROM users 
WHERE users.id = ?
 LIMIT ? OFFSET ?
2026-08-01 17:28:56 | INFO     | sqlalchemy.engine.Engine | SELECT users.id AS users_id, users.school_id AS users_school_id, users.email AS users_email, users.hashed_password AS users_hashed_password, users.role AS users_role, users.is_active AS users_is_active, users.created_at AS users_created_at, users.last_login AS users_last_login 
FROM users 
WHERE users.id = ?
 LIMIT ? OFFSET ?
2026-08-01 17:28:56,476 INFO sqlalchemy.engine.Engine [cached since 877.4s ago] (1, 1, 0)
2026-08-01 17:28:56 | INFO     | sqlalchemy.engine.Engine | [cached since 877.4s ago] (1, 1, 0)
2026-08-01 17:28:56,480 INFO sqlalchemy.engine.Engine SELECT anon_1.students_id AS anon_1_students_id, anon_1.students_school_id AS anon_1_students_school_id, anon_1.students_student_name AS anon_1_students_student_name, anon_1.students_section AS anon_1_students_section, anon_1.students_class_name AS anon_1_students_class_name, anon_1.students_parent_name AS anon_1_students_parent_name, anon_1.students_parent_phone AS anon_1_students_parent_phone, anon_1.students_parent_email AS anon_1_students_parent_email, anon_1.students_is_active AS anon_1_students_is_active, anon_1.students_created_at AS anon_1_students_created_at, fee_categories_1.id AS fee_categories_1_id, fee_categories_1.school_id AS fee_categories_1_school_id, fee_categories_1.name AS fee_categories_1_name, fee_categories_1.created_at AS fee_categories_1_created_at, fee_types_1.id AS fee_types_1_id, fee_types_1.school_id AS fee_types_1_school_id, fee_types_1.category_id AS fee_types_1_category_id, fee_types_1.section AS fee_types_1_section, fee_types_1.term AS fee_types_1_term, fee_types_1.amount_kobo AS fee_types_1_amount_kobo, fee_types_1.created_at AS fee_types_1_created_at, payments_1.id AS payments_1_id, payments_1.fee_record_id AS payments_1_fee_record_id, payments_1.amount_kobo AS payments_1_amount_kobo, payments_1.method AS payments_1_method, payments_1.paystack_reference AS payments_1_paystack_reference, payments_1.recorded_by AS payments_1_recorded_by, payments_1.note AS payments_1_note, payments_1.paid_at AS payments_1_paid_at, payments_1.created_at AS payments_1_created_at, fee_records_1.id AS fee_records_1_id, fee_records_1.student_id AS fee_records_1_student_id, fee_records_1.fee_type_id AS fee_records_1_fee_type_id, fee_records_1.total_fees_kobo AS fee_records_1_total_fees_kobo, fee_records_1.amount_paid_kobo AS fee_records_1_amount_paid_kobo, fee_records_1.status AS fee_records_1_status, fee_records_1.created_at AS fee_records_1_created_at, fee_records_1.updated_at AS fee_records_1_updated_at 
FROM (SELECT students.id AS students_id, students.school_id AS students_school_id, students.student_name AS students_student_name, students.section AS students_section, students.class_name AS students_class_name, students.parent_name AS students_parent_name, students.parent_phone AS students_parent_phone, students.parent_email AS students_parent_email, students.is_active AS students_is_active, students.created_at AS students_created_at 
FROM students 
WHERE students.id = ?
 LIMIT ? OFFSET ?) AS anon_1 LEFT OUTER JOIN fee_records AS fee_records_1 ON anon_1.students_id = fee_records_1.student_id LEFT OUTER JOIN fee_types AS fee_types_1 ON fee_types_1.id = fee_records_1.fee_type_id LEFT OUTER JOIN fee_categories AS fee_categories_1 ON fee_categories_1.id = fee_types_1.category_id LEFT OUTER JOIN payments AS payments_1 ON fee_records_1.id = payments_1.fee_record_id
2026-08-01 17:28:56 | INFO     | sqlalchemy.engine.Engine | SELECT anon_1.students_id AS anon_1_students_id, anon_1.students_school_id AS anon_1_students_school_id, anon_1.students_student_name AS anon_1_students_student_name, anon_1.students_section AS anon_1_students_section, anon_1.students_class_name AS anon_1_students_class_name, anon_1.students_parent_name AS anon_1_students_parent_name, anon_1.students_parent_phone AS anon_1_students_parent_phone, anon_1.students_parent_email AS anon_1_students_parent_email, anon_1.students_is_active AS anon_1_students_is_active, anon_1.students_created_at AS anon_1_students_created_at, fee_categories_1.id AS fee_categories_1_id, fee_categories_1.school_id AS fee_categories_1_school_id, fee_categories_1.name AS fee_categories_1_name, fee_categories_1.created_at AS fee_categories_1_created_at, fee_types_1.id AS fee_types_1_id, fee_types_1.school_id AS fee_types_1_school_id, fee_types_1.category_id AS fee_types_1_category_id, fee_types_1.section AS fee_types_1_section, fee_types_1.term AS fee_types_1_term, fee_types_1.amount_kobo AS fee_types_1_amount_kobo, fee_types_1.created_at AS fee_types_1_created_at, payments_1.id AS payments_1_id, payments_1.fee_record_id AS payments_1_fee_record_id, payments_1.amount_kobo AS payments_1_amount_kobo, payments_1.method AS payments_1_method, payments_1.paystack_reference AS payments_1_paystack_reference, payments_1.recorded_by AS payments_1_recorded_by, payments_1.note AS payments_1_note, payments_1.paid_at AS payments_1_paid_at, payments_1.created_at AS payments_1_created_at, fee_records_1.id AS fee_records_1_id, fee_records_1.student_id AS fee_records_1_student_id, fee_records_1.fee_type_id AS fee_records_1_fee_type_id, fee_records_1.total_fees_kobo AS fee_records_1_total_fees_kobo, fee_records_1.amount_paid_kobo AS fee_records_1_amount_paid_kobo, fee_records_1.status AS fee_records_1_status, fee_records_1.created_at AS fee_records_1_created_at, fee_records_1.updated_at AS fee_records_1_updated_at 
FROM (SELECT students.id AS students_id, students.school_id AS students_school_id, students.student_name AS students_student_name, students.section AS students_section, students.class_name AS students_class_name, students.parent_name AS students_parent_name, students.parent_phone AS students_parent_phone, students.parent_email AS students_parent_email, students.is_active AS students_is_active, students.created_at AS students_created_at 
FROM students 
WHERE students.id = ?
 LIMIT ? OFFSET ?) AS anon_1 LEFT OUTER JOIN fee_records AS fee_records_1 ON anon_1.students_id = fee_records_1.student_id LEFT OUTER JOIN fee_types AS fee_types_1 ON fee_types_1.id = fee_records_1.fee_type_id LEFT OUTER JOIN fee_categories AS fee_categories_1 ON fee_categories_1.id = fee_types_1.category_id LEFT OUTER JOIN payments AS payments_1 ON fee_records_1.id = payments_1.fee_record_id
2026-08-01 17:28:56,480 INFO sqlalchemy.engine.Engine [cached since 798s ago] (3, 1, 0)
2026-08-01 17:28:56 | INFO     | sqlalchemy.engine.Engine | [cached since 798s ago] (3, 1, 0)
2026-08-01 17:28:56,491 INFO sqlalchemy.engine.Engine SELECT activity_logs.id AS activity_logs_id, activity_logs.school_id AS activity_logs_school_id, activity_logs.student_id AS activity_logs_student_id, activity_logs.action AS activity_logs_action, activity_logs.description AS activity_logs_description, activity_logs.created_at AS activity_logs_created_at 
FROM activity_logs 
WHERE activity_logs.student_id = ? ORDER BY activity_logs.created_at DESC
2026-08-01 17:28:56 | INFO     | sqlalchemy.engine.Engine | SELECT activity_logs.id AS activity_logs_id, activity_logs.school_id AS activity_logs_school_id, activity_logs.student_id AS activity_logs_student_id, activity_logs.action AS activity_logs_action, activity_logs.description AS activity_logs_description, activity_logs.created_at AS activity_logs_created_at 
FROM activity_logs 
WHERE activity_logs.student_id = ? ORDER BY activity_logs.created_at DESC
2026-08-01 17:28:56,492 INFO sqlalchemy.engine.Engine [cached since 798s ago] (3,)
2026-08-01 17:28:56 | INFO     | sqlalchemy.engine.Engine | [cached since 798s ago] (3,)
INFO:     127.0.0.1:57088 - "GET /api/v1/dashboard/students/3 HTTP/1.1" 200 OK
2026-08-01 17:28:56,540 INFO sqlalchemy.engine.Engine ROLLBACK
2026-08-01 17:28:56 | INFO     | sqlalchemy.engine.Engine | ROLLBACK
2026-08-01 17:29:24,104 INFO sqlalchemy.engine.Engine BEGIN (implicit)
2026-08-01 17:29:24 | INFO     | sqlalchemy.engine.Engine | BEGIN (implicit)
2026-08-01 17:29:24,105 INFO sqlalchemy.engine.Engine SELECT users.id AS users_id, users.school_id AS users_school_id, users.email AS users_email, users.hashed_password AS users_hashed_password, users.role AS users_role, users.is_active AS users_is_active, users.created_at AS users_created_at, users.last_login AS users_last_login 
FROM users 
WHERE users.id = ?
 LIMIT ? OFFSET ?
2026-08-01 17:29:24 | INFO     | sqlalchemy.engine.Engine | SELECT users.id AS users_id, users.school_id AS users_school_id, users.email AS users_email, users.hashed_password AS users_hashed_password, users.role AS users_role, users.is_active AS users_is_active, users.created_at AS users_created_at, users.last_login AS users_last_login 
FROM users 
WHERE users.id = ?
 LIMIT ? OFFSET ?
2026-08-01 17:29:24,105 INFO sqlalchemy.engine.Engine [cached since 905s ago] (1, 1, 0)
2026-08-01 17:29:24 | INFO     | sqlalchemy.engine.Engine | [cached since 905s ago] (1, 1, 0)
2026-08-01 17:29:24,112 INFO sqlalchemy.engine.Engine SELECT fee_types.id AS fee_types_id, fee_types.school_id AS fee_types_school_id, fee_types.category_id AS fee_types_category_id, fee_types.section AS fee_types_section, fee_types.term AS fee_types_term, fee_types.amount_kobo AS fee_types_amount_kobo, fee_types.created_at AS fee_types_created_at, fee_categories_1.id AS fee_categories_1_id, fee_categories_1.school_id AS fee_categories_1_school_id, fee_categories_1.name AS fee_categories_1_name, fee_categories_1.created_at AS fee_categories_1_created_at 
FROM fee_types LEFT OUTER JOIN fee_categories AS fee_categories_1 ON fee_categories_1.id = fee_types.category_id 
WHERE fee_types.school_id = ? ORDER BY fee_types.term DESC, fee_types.section
2026-08-01 17:29:24 | INFO     | sqlalchemy.engine.Engine | SELECT fee_types.id AS fee_types_id, fee_types.school_id AS fee_types_school_id, fee_types.category_id AS fee_types_category_id, fee_types.section AS fee_types_section, fee_types.term AS fee_types_term, fee_types.amount_kobo AS fee_types_amount_kobo, fee_types.created_at AS fee_types_created_at, fee_categories_1.id AS fee_categories_1_id, fee_categories_1.school_id AS fee_categories_1_school_id, fee_categories_1.name AS fee_categories_1_name, fee_categories_1.created_at AS fee_categories_1_created_at 
FROM fee_types LEFT OUTER JOIN fee_categories AS fee_categories_1 ON fee_categories_1.id = fee_types.category_id 
WHERE fee_types.school_id = ? ORDER BY fee_types.term DESC, fee_types.section
2026-08-01 17:29:24,114 INFO sqlalchemy.engine.Engine [cached since 842.2s ago] (1,)
2026-08-01 17:29:24 | INFO     | sqlalchemy.engine.Engine | [cached since 842.2s ago] (1,)
INFO:     127.0.0.1:57141 - "GET /api/v1/fees/types?school_id=1 HTTP/1.1" 200 OK
2026-08-01 17:29:24,122 INFO sqlalchemy.engine.Engine ROLLBACK
2026-08-01 17:29:24 | INFO     | sqlalchemy.engine.Engine | ROLLBACK
2026-08-01 17:30:19,787 INFO sqlalchemy.engine.Engine BEGIN (implicit)
2026-08-01 17:30:19 | INFO     | sqlalchemy.engine.Engine | BEGIN (implicit)
2026-08-01 17:30:19,788 INFO sqlalchemy.engine.Engine SELECT users.id AS users_id, users.school_id AS users_school_id, users.email AS users_email, users.hashed_password AS users_hashed_password, users.role AS users_role, users.is_active AS users_is_active, users.created_at AS users_created_at, users.last_login AS users_last_login 
FROM users 
WHERE users.id = ?
 LIMIT ? OFFSET ?
2026-08-01 17:30:19 | INFO     | sqlalchemy.engine.Engine | SELECT users.id AS users_id, users.school_id AS users_school_id, users.email AS users_email, users.hashed_password AS users_hashed_password, users.role AS users_role, users.is_active AS users_is_active, users.created_at AS users_created_at, users.last_login AS users_last_login 
FROM users 
WHERE users.id = ?
 LIMIT ? OFFSET ?
2026-08-01 17:30:19,788 INFO sqlalchemy.engine.Engine [cached since 960.7s ago] (1, 1, 0)
2026-08-01 17:30:19 | INFO     | sqlalchemy.engine.Engine | [cached since 960.7s ago] (1, 1, 0)
2026-08-01 17:30:19,791 INFO sqlalchemy.engine.Engine SELECT schools.id AS schools_id, schools.name AS schools_name, schools.slug AS schools_slug, schools.phone AS schools_phone, schools.email AS schools_email, schools.address AS schools_address, schools.is_active AS schools_is_active, schools.created_at AS schools_created_at 
FROM schools 
WHERE schools.id = ?
 LIMIT ? OFFSET ?
2026-08-01 17:30:19 | INFO     | sqlalchemy.engine.Engine | SELECT schools.id AS schools_id, schools.name AS schools_name, schools.slug AS schools_slug, schools.phone AS schools_phone, schools.email AS schools_email, schools.address AS schools_address, schools.is_active AS schools_is_active, schools.created_at AS schools_created_at 
FROM schools 
WHERE schools.id = ?
 LIMIT ? OFFSET ?
2026-08-01 17:30:19,791 INFO sqlalchemy.engine.Engine [cached since 898.2s ago] (1, 1, 0)
2026-08-01 17:30:19 | INFO     | sqlalchemy.engine.Engine | [cached since 898.2s ago] (1, 1, 0)
2026-08-01 17:30:19,831 INFO sqlalchemy.engine.Engine INSERT INTO students (school_id, student_name, section, class_name, parent_name, parent_phone, parent_email, is_active, created_at) VALUES (?, ?, ?, ?, ?, ?, ?, ?, ?)
2026-08-01 17:30:19 | INFO     | sqlalchemy.engine.Engine | INSERT INTO students (school_id, student_name, section, class_name, parent_name, parent_phone, parent_email, is_active, created_at) VALUES (?, ?, ?, ?, ?, ?, ?, ?, ?)
2026-08-01 17:30:19,832 INFO sqlalchemy.engine.Engine [cached since 294s ago] (1, 'Mkpouko', 'Secondary', 'ss3', 'Mr John', '+2348034438032', 'johnidibeke@gmail.com', 1, '2026-08-01 16:30:19.831682')
2026-08-01 17:30:19 | INFO     | sqlalchemy.engine.Engine | [cached since 294s ago] (1, 'Mkpouko', 'Secondary', 'ss3', 'Mr John', '+2348034438032', 'johnidibeke@gmail.com', 1, '2026-08-01 16:30:19.831682')
2026-08-01 17:30:19,949 INFO sqlalchemy.engine.Engine COMMIT
2026-08-01 17:30:19 | INFO     | sqlalchemy.engine.Engine | COMMIT
2026-08-01 17:30:20,111 INFO sqlalchemy.engine.Engine BEGIN (implicit)
2026-08-01 17:30:20 | INFO     | sqlalchemy.engine.Engine | BEGIN (implicit)
2026-08-01 17:30:20,112 INFO sqlalchemy.engine.Engine SELECT students.id, students.school_id, students.student_name, students.section, students.class_name, students.parent_name, students.parent_phone, students.parent_email, students.is_active, students.created_at 
FROM students 
WHERE students.id = ?
2026-08-01 17:30:20 | INFO     | sqlalchemy.engine.Engine | SELECT students.id, students.school_id, students.student_name, students.section, students.class_name, students.parent_name, students.parent_phone, students.parent_email, students.is_active, students.created_at 
FROM students 
WHERE students.id = ?
2026-08-01 17:30:20,112 INFO sqlalchemy.engine.Engine [cached since 294.1s ago] (5,)
2026-08-01 17:30:20 | INFO     | sqlalchemy.engine.Engine | [cached since 294.1s ago] (5,)
2026-08-01 17:30:20 | INFO     | app.routers.students | Student created: Mkpouko (id=5)
INFO:     127.0.0.1:57142 - "POST /api/v1/students/ HTTP/1.1" 201 Created
2026-08-01 17:30:20,123 INFO sqlalchemy.engine.Engine ROLLBACK
2026-08-01 17:30:20 | INFO     | sqlalchemy.engine.Engine | ROLLBACK
2026-08-01 17:30:20,144 INFO sqlalchemy.engine.Engine BEGIN (implicit)
2026-08-01 17:30:20 | INFO     | sqlalchemy.engine.Engine | BEGIN (implicit)
2026-08-01 17:30:20,146 INFO sqlalchemy.engine.Engine SELECT users.id AS users_id, users.school_id AS users_school_id, users.email AS users_email, users.hashed_password AS users_hashed_password, users.role AS users_role, users.is_active AS users_is_active, users.created_at AS users_created_at, users.last_login AS users_last_login 
FROM users 
WHERE users.id = ?
 LIMIT ? OFFSET ?
2026-08-01 17:30:20 | INFO     | sqlalchemy.engine.Engine | SELECT users.id AS users_id, users.school_id AS users_school_id, users.email AS users_email, users.hashed_password AS users_hashed_password, users.role AS users_role, users.is_active AS users_is_active, users.created_at AS users_created_at, users.last_login AS users_last_login 
FROM users 
WHERE users.id = ?
 LIMIT ? OFFSET ?
2026-08-01 17:30:20,147 INFO sqlalchemy.engine.Engine [cached since 961.1s ago] (1, 1, 0)
2026-08-01 17:30:20 | INFO     | sqlalchemy.engine.Engine | [cached since 961.1s ago] (1, 1, 0)
2026-08-01 17:30:20,226 INFO sqlalchemy.engine.Engine SELECT students.id AS students_id, students.school_id AS students_school_id, students.student_name AS students_student_name, students.section AS students_section, students.class_name AS students_class_name, students.parent_name AS students_parent_name, students.parent_phone AS students_parent_phone, students.parent_email AS students_parent_email, students.is_active AS students_is_active, students.created_at AS students_created_at 
FROM students 
WHERE students.id = ?
 LIMIT ? OFFSET ?
2026-08-01 17:30:20 | INFO     | sqlalchemy.engine.Engine | SELECT students.id AS students_id, students.school_id AS students_school_id, students.student_name AS students_student_name, students.section AS students_section, students.class_name AS students_class_name, students.parent_name AS students_parent_name, students.parent_phone AS students_parent_phone, students.parent_email AS students_parent_email, students.is_active AS students_is_active, students.created_at AS students_created_at 
FROM students 
WHERE students.id = ?
 LIMIT ? OFFSET ?
2026-08-01 17:30:20,227 INFO sqlalchemy.engine.Engine [cached since 293.8s ago] (5, 1, 0)
2026-08-01 17:30:20 | INFO     | sqlalchemy.engine.Engine | [cached since 293.8s ago] (5, 1, 0)
2026-08-01 17:30:20,231 INFO sqlalchemy.engine.Engine SELECT fee_types.id AS fee_types_id, fee_types.school_id AS fee_types_school_id, fee_types.category_id AS fee_types_category_id, fee_types.section AS fee_types_section, fee_types.term AS fee_types_term, fee_types.amount_kobo AS fee_types_amount_kobo, fee_types.created_at AS fee_types_created_at 
FROM fee_types 
WHERE fee_types.id = ?
 LIMIT ? OFFSET ?
2026-08-01 17:30:20 | INFO     | sqlalchemy.engine.Engine | SELECT fee_types.id AS fee_types_id, fee_types.school_id AS fee_types_school_id, fee_types.category_id AS fee_types_category_id, fee_types.section AS fee_types_section, fee_types.term AS fee_types_term, fee_types.amount_kobo AS fee_types_amount_kobo, fee_types.created_at AS fee_types_created_at 
FROM fee_types 
WHERE fee_types.id = ?
 LIMIT ? OFFSET ?
2026-08-01 17:30:20,231 INFO sqlalchemy.engine.Engine [cached since 416s ago] (3, 1, 0)
2026-08-01 17:30:20 | INFO     | sqlalchemy.engine.Engine | [cached since 416s ago] (3, 1, 0)
2026-08-01 17:30:20,236 INFO sqlalchemy.engine.Engine SELECT fee_records.id AS fee_records_id, fee_records.student_id AS fee_records_student_id, fee_records.fee_type_id AS fee_records_fee_type_id, fee_records.total_fees_kobo AS fee_records_total_fees_kobo, fee_records.amount_paid_kobo AS fee_records_amount_paid_kobo, fee_records.status AS fee_records_status, fee_records.created_at AS fee_records_created_at, fee_records.updated_at AS fee_records_updated_at 
FROM fee_records 
WHERE fee_records.student_id = ? AND fee_records.fee_type_id = ?
 LIMIT ? OFFSET ?
2026-08-01 17:30:20 | INFO     | sqlalchemy.engine.Engine | SELECT fee_records.id AS fee_records_id, fee_records.student_id AS fee_records_student_id, fee_records.fee_type_id AS fee_records_fee_type_id, fee_records.total_fees_kobo AS fee_records_total_fees_kobo, fee_records.amount_paid_kobo AS fee_records_amount_paid_kobo, fee_records.status AS fee_records_status, fee_records.created_at AS fee_records_created_at, fee_records.updated_at AS fee_records_updated_at 
FROM fee_records 
WHERE fee_records.student_id = ? AND fee_records.fee_type_id = ?
 LIMIT ? OFFSET ?
2026-08-01 17:30:20,236 INFO sqlalchemy.engine.Engine [cached since 293.8s ago] (5, 3, 1, 0)
2026-08-01 17:30:20 | INFO     | sqlalchemy.engine.Engine | [cached since 293.8s ago] (5, 3, 1, 0)
2026-08-01 17:30:20,246 INFO sqlalchemy.engine.Engine INSERT INTO fee_records (student_id, fee_type_id, total_fees_kobo, amount_paid_kobo, status, created_at, updated_at) VALUES (?, ?, ?, ?, ?, ?, ?)
2026-08-01 17:30:20 | INFO     | sqlalchemy.engine.Engine | INSERT INTO fee_records (student_id, fee_type_id, total_fees_kobo, amount_paid_kobo, status, created_at, updated_at) VALUES (?, ?, ?, ?, ?, ?, ?)
2026-08-01 17:30:20,248 INFO sqlalchemy.engine.Engine [cached since 293.7s ago] (5, 3, 20000000, 0, 'unpaid', '2026-08-01 16:30:20.246281', '2026-08-01 16:30:20.246317')
2026-08-01 17:30:20 | INFO     | sqlalchemy.engine.Engine | [cached since 293.7s ago] (5, 3, 20000000, 0, 'unpaid', '2026-08-01 16:30:20.246281', '2026-08-01 16:30:20.246317')
2026-08-01 17:30:20,269 INFO sqlalchemy.engine.Engine COMMIT
2026-08-01 17:30:20 | INFO     | sqlalchemy.engine.Engine | COMMIT
2026-08-01 17:30:20,419 INFO sqlalchemy.engine.Engine BEGIN (implicit)
2026-08-01 17:30:20 | INFO     | sqlalchemy.engine.Engine | BEGIN (implicit)
2026-08-01 17:30:20,422 INFO sqlalchemy.engine.Engine SELECT fee_records.id, fee_records.student_id, fee_records.fee_type_id, fee_records.total_fees_kobo, fee_records.amount_paid_kobo, fee_records.status, fee_records.created_at, fee_records.updated_at 
FROM fee_records 
WHERE fee_records.id = ?
2026-08-01 17:30:20 | INFO     | sqlalchemy.engine.Engine | SELECT fee_records.id, fee_records.student_id, fee_records.fee_type_id, fee_records.total_fees_kobo, fee_records.amount_paid_kobo, fee_records.status, fee_records.created_at, fee_records.updated_at 
FROM fee_records 
WHERE fee_records.id = ?
2026-08-01 17:30:20,422 INFO sqlalchemy.engine.Engine [cached since 293.8s ago] (4,)
2026-08-01 17:30:20 | INFO     | sqlalchemy.engine.Engine | [cached since 293.8s ago] (4,)
2026-08-01 17:30:20,427 INFO sqlalchemy.engine.Engine SELECT fee_types.id AS fee_types_id, fee_types.school_id AS fee_types_school_id, fee_types.category_id AS fee_types_category_id, fee_types.section AS fee_types_section, fee_types.term AS fee_types_term, fee_types.amount_kobo AS fee_types_amount_kobo, fee_types.created_at AS fee_types_created_at 
FROM fee_types 
WHERE fee_types.id = ?
2026-08-01 17:30:20 | INFO     | sqlalchemy.engine.Engine | SELECT fee_types.id AS fee_types_id, fee_types.school_id AS fee_types_school_id, fee_types.category_id AS fee_types_category_id, fee_types.section AS fee_types_section, fee_types.term AS fee_types_term, fee_types.amount_kobo AS fee_types_amount_kobo, fee_types.created_at AS fee_types_created_at 
FROM fee_types 
WHERE fee_types.id = ?
2026-08-01 17:30:20,428 INFO sqlalchemy.engine.Engine [cached since 293.8s ago] (3,)
2026-08-01 17:30:20 | INFO     | sqlalchemy.engine.Engine | [cached since 293.8s ago] (3,)
2026-08-01 17:30:20,433 INFO sqlalchemy.engine.Engine SELECT fee_categories.id AS fee_categories_id, fee_categories.school_id AS fee_categories_school_id, fee_categories.name AS fee_categories_name, fee_categories.created_at AS fee_categories_created_at 
FROM fee_categories 
WHERE fee_categories.id = ?
2026-08-01 17:30:20 | INFO     | sqlalchemy.engine.Engine | SELECT fee_categories.id AS fee_categories_id, fee_categories.school_id AS fee_categories_school_id, fee_categories.name AS fee_categories_name, fee_categories.created_at AS fee_categories_created_at 
FROM fee_categories 
WHERE fee_categories.id = ?
2026-08-01 17:30:20,436 INFO sqlalchemy.engine.Engine [cached since 293.8s ago] (1,)
2026-08-01 17:30:20 | INFO     | sqlalchemy.engine.Engine | [cached since 293.8s ago] (1,)
2026-08-01 17:30:20,437 INFO sqlalchemy.engine.Engine SELECT students.id AS students_id, students.school_id AS students_school_id, students.student_name AS students_student_name, students.section AS students_section, students.class_name AS students_class_name, students.parent_name AS students_parent_name, students.parent_phone AS students_parent_phone, students.parent_email AS students_parent_email, students.is_active AS students_is_active, students.created_at AS students_created_at 
FROM students 
WHERE students.id = ?
2026-08-01 17:30:20 | INFO     | sqlalchemy.engine.Engine | SELECT students.id AS students_id, students.school_id AS students_school_id, students.student_name AS students_student_name, students.section AS students_section, students.class_name AS students_class_name, students.parent_name AS students_parent_name, students.parent_phone AS students_parent_phone, students.parent_email AS students_parent_email, students.is_active AS students_is_active, students.created_at AS students_created_at 
FROM students 
WHERE students.id = ?
2026-08-01 17:30:20,438 INFO sqlalchemy.engine.Engine [cached since 293.7s ago] (5,)
2026-08-01 17:30:20 | INFO     | sqlalchemy.engine.Engine | [cached since 293.7s ago] (5,)
2026-08-01 17:30:20 | INFO     | app.routers.fees | Fee assigned: Tuition Fee \u2192 Mkpouko (\u20a6200,000.00)
INFO:     127.0.0.1:57142 - "POST /api/v1/fees/records HTTP/1.1" 201 Created
2026-08-01 17:30:20,442 INFO sqlalchemy.engine.Engine ROLLBACK
2026-08-01 17:30:20 | INFO     | sqlalchemy.engine.Engine | ROLLBACK
2026-08-01 17:30:20,517 INFO sqlalchemy.engine.Engine BEGIN (implicit)
2026-08-01 17:30:20 | INFO     | sqlalchemy.engine.Engine | BEGIN (implicit)
2026-08-01 17:30:20,528 INFO sqlalchemy.engine.Engine SELECT users.id AS users_id, users.school_id AS users_school_id, users.email AS users_email, users.hashed_password AS users_hashed_password, users.role AS users_role, users.is_active AS users_is_active, users.created_at AS users_created_at, users.last_login AS users_last_login 
FROM users 
WHERE users.id = ?
 LIMIT ? OFFSET ?
2026-08-01 17:30:20 | INFO     | sqlalchemy.engine.Engine | SELECT users.id AS users_id, users.school_id AS users_school_id, users.email AS users_email, users.hashed_password AS users_hashed_password, users.role AS users_role, users.is_active AS users_is_active, users.created_at AS users_created_at, users.last_login AS users_last_login 
FROM users 
WHERE users.id = ?
 LIMIT ? OFFSET ?
2026-08-01 17:30:20,529 INFO sqlalchemy.engine.Engine [cached since 961.4s ago] (1, 1, 0)
2026-08-01 17:30:20 | INFO     | sqlalchemy.engine.Engine | [cached since 961.4s ago] (1, 1, 0)
2026-08-01 17:30:20,567 INFO sqlalchemy.engine.Engine SELECT schools.id AS schools_id, schools.name AS schools_name, schools.slug AS schools_slug, schools.phone AS schools_phone, schools.email AS schools_email, schools.address AS schools_address, schools.is_active AS schools_is_active, schools.created_at AS schools_created_at 
FROM schools 
WHERE schools.id = ?
 LIMIT ? OFFSET ?
2026-08-01 17:30:20 | INFO     | sqlalchemy.engine.Engine | SELECT schools.id AS schools_id, schools.name AS schools_name, schools.slug AS schools_slug, schools.phone AS schools_phone, schools.email AS schools_email, schools.address AS schools_address, schools.is_active AS schools_is_active, schools.created_at AS schools_created_at 
FROM schools 
WHERE schools.id = ?
 LIMIT ? OFFSET ?
2026-08-01 17:30:20,571 INFO sqlalchemy.engine.Engine [cached since 899s ago] (1, 1, 0)
2026-08-01 17:30:20 | INFO     | sqlalchemy.engine.Engine | [cached since 899s ago] (1, 1, 0)
2026-08-01 17:30:20,580 INFO sqlalchemy.engine.Engine SELECT students.id AS students_id, students.school_id AS students_school_id, students.student_name AS students_student_name, students.section AS students_section, students.class_name AS students_class_name, students.parent_name AS students_parent_name, students.parent_phone AS students_parent_phone, students.parent_email AS students_parent_email, students.is_active AS students_is_active, students.created_at AS students_created_at, fee_records_1.id AS fee_records_1_id, fee_records_1.student_id AS fee_records_1_student_id, fee_records_1.fee_type_id AS fee_records_1_fee_type_id, fee_records_1.total_fees_kobo AS fee_records_1_total_fees_kobo, fee_records_1.amount_paid_kobo AS fee_records_1_amount_paid_kobo, fee_records_1.status AS fee_records_1_status, fee_records_1.created_at AS fee_records_1_created_at, fee_records_1.updated_at AS fee_records_1_updated_at 
FROM students LEFT OUTER JOIN fee_records AS fee_records_1 ON students.id = fee_records_1.student_id 
WHERE students.school_id = ? AND students.is_active = 1 ORDER BY students.student_name
2026-08-01 17:30:20 | INFO     | sqlalchemy.engine.Engine | SELECT students.id AS students_id, students.school_id AS students_school_id, students.student_name AS students_student_name, students.section AS students_section, students.class_name AS students_class_name, students.parent_name AS students_parent_name, students.parent_phone AS students_parent_phone, students.parent_email AS students_parent_email, students.is_active AS students_is_active, students.created_at AS students_created_at, fee_records_1.id AS fee_records_1_id, fee_records_1.student_id AS fee_records_1_student_id, fee_records_1.fee_type_id AS fee_records_1_fee_type_id, fee_records_1.total_fees_kobo AS fee_records_1_total_fees_kobo, fee_records_1.amount_paid_kobo AS fee_records_1_amount_paid_kobo, fee_records_1.status AS fee_records_1_status, fee_records_1.created_at AS fee_records_1_created_at, fee_records_1.updated_at AS fee_records_1_updated_at 
FROM students LEFT OUTER JOIN fee_records AS fee_records_1 ON students.id = fee_records_1.student_id 
WHERE students.school_id = ? AND students.is_active = 1 ORDER BY students.student_name
2026-08-01 17:30:20,580 INFO sqlalchemy.engine.Engine [cached since 898.9s ago] (1,)
2026-08-01 17:30:20 | INFO     | sqlalchemy.engine.Engine | [cached since 898.9s ago] (1,)
INFO:     127.0.0.1:57142 - "GET /api/v1/dashboard/students?school_id=1 HTTP/1.1" 200 OK
2026-08-01 17:30:20,590 INFO sqlalchemy.engine.Engine ROLLBACK
2026-08-01 17:30:20 | INFO     | sqlalchemy.engine.Engine | ROLLBACK
2026-08-01 17:31:08,107 INFO sqlalchemy.engine.Engine BEGIN (implicit)
2026-08-01 17:31:08 | INFO     | sqlalchemy.engine.Engine | BEGIN (implicit)
2026-08-01 17:31:08,113 INFO sqlalchemy.engine.Engine SELECT users.id AS users_id, users.school_id AS users_school_id, users.email AS users_email, users.hashed_password AS users_hashed_password, users.role AS users_role, users.is_active AS users_is_active, users.created_at AS users_created_at, users.last_login AS users_last_login 
FROM users 
WHERE users.id = ?
 LIMIT ? OFFSET ?
2026-08-01 17:31:08 | INFO     | sqlalchemy.engine.Engine | SELECT users.id AS users_id, users.school_id AS users_school_id, users.email AS users_email, users.hashed_password AS users_hashed_password, users.role AS users_role, users.is_active AS users_is_active, users.created_at AS users_created_at, users.last_login AS users_last_login 
FROM users 
WHERE users.id = ?
 LIMIT ? OFFSET ?
2026-08-01 17:31:08,114 INFO sqlalchemy.engine.Engine [cached since 1009s ago] (1, 1, 0)
2026-08-01 17:31:08 | INFO     | sqlalchemy.engine.Engine | [cached since 1009s ago] (1, 1, 0)
2026-08-01 17:31:08,135 INFO sqlalchemy.engine.Engine SELECT schools.id AS schools_id, schools.name AS schools_name, schools.slug AS schools_slug, schools.phone AS schools_phone, schools.email AS schools_email, schools.address AS schools_address, schools.is_active AS schools_is_active, schools.created_at AS schools_created_at 
FROM schools 
WHERE schools.id = ?
 LIMIT ? OFFSET ?
2026-08-01 17:31:08 | INFO     | sqlalchemy.engine.Engine | SELECT schools.id AS schools_id, schools.name AS schools_name, schools.slug AS schools_slug, schools.phone AS schools_phone, schools.email AS schools_email, schools.address AS schools_address, schools.is_active AS schools_is_active, schools.created_at AS schools_created_at 
FROM schools 
WHERE schools.id = ?
 LIMIT ? OFFSET ?
2026-08-01 17:31:08,136 INFO sqlalchemy.engine.Engine [cached since 946.5s ago] (1, 1, 0)
2026-08-01 17:31:08 | INFO     | sqlalchemy.engine.Engine | [cached since 946.5s ago] (1, 1, 0)
2026-08-01 17:31:08,218 INFO sqlalchemy.engine.Engine SELECT fee_records.id AS fee_records_id, fee_records.student_id AS fee_records_student_id, fee_records.fee_type_id AS fee_records_fee_type_id, fee_records.total_fees_kobo AS fee_records_total_fees_kobo, fee_records.amount_paid_kobo AS fee_records_amount_paid_kobo, fee_records.status AS fee_records_status, fee_records.created_at AS fee_records_created_at, fee_records.updated_at AS fee_records_updated_at, schools_1.id AS schools_1_id, schools_1.name AS schools_1_name, schools_1.slug AS schools_1_slug, schools_1.phone AS schools_1_phone, schools_1.email AS schools_1_email, schools_1.address AS schools_1_address, schools_1.is_active AS schools_1_is_active, schools_1.created_at AS schools_1_created_at, students_1.id AS students_1_id, students_1.school_id AS students_1_school_id, students_1.student_name AS students_1_student_name, students_1.section AS students_1_section, students_1.class_name AS students_1_class_name, students_1.parent_name AS students_1_parent_name, students_1.parent_phone AS students_1_parent_phone, students_1.parent_email AS students_1_parent_email, students_1.is_active AS students_1_is_active, students_1.created_at AS students_1_created_at, fee_types_1.id AS fee_types_1_id, fee_types_1.school_id AS fee_types_1_school_id, fee_types_1.category_id AS fee_types_1_category_id, fee_types_1.section AS fee_types_1_section, fee_types_1.term AS fee_types_1_term, fee_types_1.amount_kobo AS fee_types_1_amount_kobo, fee_types_1.created_at AS fee_types_1_created_at 
FROM fee_records JOIN students ON students.id = fee_records.student_id JOIN fee_types ON fee_types.id = fee_records.fee_type_id LEFT OUTER JOIN students AS students_1 ON students_1.id = fee_records.student_id LEFT OUTER JOIN schools AS schools_1 ON schools_1.id = students_1.school_id LEFT OUTER JOIN fee_types AS fee_types_1 ON fee_types_1.id = fee_records.fee_type_id 
WHERE students.school_id = ? AND students.is_active = 1 AND fee_records.status IN (?, ?)
2026-08-01 17:31:08 | INFO     | sqlalchemy.engine.Engine | SELECT fee_records.id AS fee_records_id, fee_records.student_id AS fee_records_student_id, fee_records.fee_type_id AS fee_records_fee_type_id, fee_records.total_fees_kobo AS fee_records_total_fees_kobo, fee_records.amount_paid_kobo AS fee_records_amount_paid_kobo, fee_records.status AS fee_records_status, fee_records.created_at AS fee_records_created_at, fee_records.updated_at AS fee_records_updated_at, schools_1.id AS schools_1_id, schools_1.name AS schools_1_name, schools_1.slug AS schools_1_slug, schools_1.phone AS schools_1_phone, schools_1.email AS schools_1_email, schools_1.address AS schools_1_address, schools_1.is_active AS schools_1_is_active, schools_1.created_at AS schools_1_created_at, students_1.id AS students_1_id, students_1.school_id AS students_1_school_id, students_1.student_name AS students_1_student_name, students_1.section AS students_1_section, students_1.class_name AS students_1_class_name, students_1.parent_name AS students_1_parent_name, students_1.parent_phone AS students_1_parent_phone, students_1.parent_email AS students_1_parent_email, students_1.is_active AS students_1_is_active, students_1.created_at AS students_1_created_at, fee_types_1.id AS fee_types_1_id, fee_types_1.school_id AS fee_types_1_school_id, fee_types_1.category_id AS fee_types_1_category_id, fee_types_1.section AS fee_types_1_section, fee_types_1.term AS fee_types_1_term, fee_types_1.amount_kobo AS fee_types_1_amount_kobo, fee_types_1.created_at AS fee_types_1_created_at 
FROM fee_records JOIN students ON students.id = fee_records.student_id JOIN fee_types ON fee_types.id = fee_records.fee_type_id LEFT OUTER JOIN students AS students_1 ON students_1.id = fee_records.student_id LEFT OUTER JOIN schools AS schools_1 ON schools_1.id = students_1.school_id LEFT OUTER JOIN fee_types AS fee_types_1 ON fee_types_1.id = fee_records.fee_type_id 
WHERE students.school_id = ? AND students.is_active = 1 AND fee_records.status IN (?, ?)
2026-08-01 17:31:08,218 INFO sqlalchemy.engine.Engine [generated in 0.00101s] (1, 'unpaid', 'partial')
2026-08-01 17:31:08 | INFO     | sqlalchemy.engine.Engine | [generated in 0.00101s] (1, 'unpaid', 'partial')
2026-08-01 17:31:08,363 INFO sqlalchemy.engine.Engine SELECT fee_categories.id AS fee_categories_id, fee_categories.school_id AS fee_categories_school_id, fee_categories.name AS fee_categories_name, fee_categories.created_at AS fee_categories_created_at 
FROM fee_categories 
WHERE fee_categories.id = ?
2026-08-01 17:31:08 | INFO     | sqlalchemy.engine.Engine | SELECT fee_categories.id AS fee_categories_id, fee_categories.school_id AS fee_categories_school_id, fee_categories.name AS fee_categories_name, fee_categories.created_at AS fee_categories_created_at 
FROM fee_categories 
WHERE fee_categories.id = ?
2026-08-01 17:31:08,363 INFO sqlalchemy.engine.Engine [generated in 0.00048s] (1,)
2026-08-01 17:31:08 | INFO     | sqlalchemy.engine.Engine | [generated in 0.00048s] (1,)
2026-08-01 17:31:12 | INFO     | twilio.http_client | -- BEGIN Twilio API Request --
2026-08-01 17:31:12 | INFO     | twilio.http_client | POST Request: https://api.twilio.com/2010-04-01/Accounts/AC319cda2ac5feb82e07cb844eeb17307d/Messages.json
2026-08-01 17:31:12 | INFO     | twilio.http_client | Headers:
2026-08-01 17:31:12 | INFO     | twilio.http_client | Content-Type : application/x-www-form-urlencoded
2026-08-01 17:31:12 | INFO     | twilio.http_client | Accept : application/json
2026-08-01 17:31:12 | INFO     | twilio.http_client | User-Agent : twilio-python/9.10.9 (Windows AMD64) Python/3.14.6
2026-08-01 17:31:12 | INFO     | twilio.http_client | X-Twilio-Client : python-9.10.9
2026-08-01 17:31:12 | INFO     | twilio.http_client | Accept-Charset : utf-8
2026-08-01 17:31:12 | INFO     | twilio.http_client | -- END Twilio API Request --
2026-08-01 17:31:15 | INFO     | twilio.http_client | Response Status Code: 201
2026-08-01 17:31:15 | INFO     | twilio.http_client | Response Headers: {'Content-Type': 'application/json;charset=utf-8', 'Content-Length': '1294', 'Connection': 'keep-alive', 'Date': 'Sat, 01 Aug 2026 16:31:16 GMT', 'Twilio-Concurrent-Requests': '1', 'Twilio-Request-Id': 'RQec5e93264bc90df9c75a37c5b39d13a8', 'Twilio-Request-Duration': '0.135', 'X-Home-Region': 'us1', 'X-API-Domain': 'api.twilio.com', 'Strict-Transport-Security': 'max-age=31536000', 'X-Cache': 'Miss from cloudfront', 'Via': '1.1 552902bab7d1a219a13b7843f4afebae.cloudfront.net (CloudFront)', 'X-Amz-Cf-Pop': 'LOS50-P2', 'X-Amz-Cf-Id': 'KcfvGuiwYo_chwMJtLlDpaiJlXJjSo-n1UVB62qgMJ00FY6fdeXdtA==', 'X-Powered-By': 'AT-5000', 'X-Shenanigans': 'none', 'Vary': 'Origin'}
2026-08-01 17:31:15 | INFO     | app.services.twilio_wa | WhatsApp sent to +2348012345678: SID=SMec5e93264bc90df9c75a37c5b39d13a8
2026-08-01 17:31:15 | INFO     | app.services.reminder_service | Reminder sent to Mrs. Okon (+2348012345678) for Tuition Fee: balance=2500000 kobo
2026-08-01 17:31:15 | INFO     | app.services.activity_service | Activity logged: [reminder_sent] Reminder sent to Mrs. Okon about Emmanuel Okon — balance \u20a625,000.00
2026-08-01 17:31:15 | INFO     | twilio.http_client | -- BEGIN Twilio API Request --
2026-08-01 17:31:15 | INFO     | twilio.http_client | POST Request: https://api.twilio.com/2010-04-01/Accounts/AC319cda2ac5feb82e07cb844eeb17307d/Messages.json
2026-08-01 17:31:15 | INFO     | twilio.http_client | Headers:
2026-08-01 17:31:15 | INFO     | twilio.http_client | Content-Type : application/x-www-form-urlencoded
2026-08-01 17:31:15 | INFO     | twilio.http_client | Accept : application/json
2026-08-01 17:31:15 | INFO     | twilio.http_client | User-Agent : twilio-python/9.10.9 (Windows AMD64) Python/3.14.6
2026-08-01 17:31:15 | INFO     | twilio.http_client | X-Twilio-Client : python-9.10.9
2026-08-01 17:31:15 | INFO     | twilio.http_client | Accept-Charset : utf-8
2026-08-01 17:31:15 | INFO     | twilio.http_client | -- END Twilio API Request --
2026-08-01 17:31:16 | INFO     | twilio.http_client | Response Status Code: 201
2026-08-01 17:31:16 | INFO     | twilio.http_client | Response Headers: {'Content-Type': 'application/json;charset=utf-8', 'Content-Length': '1290', 'Connection': 'keep-alive', 'Date': 'Sat, 01 Aug 2026 16:31:17 GMT', 'Twilio-Concurrent-Requests': '1', 'Twilio-Request-Id': 'RQab3acb4a9f43f8d8c76f8cbbf80a6f2f', 'Twilio-Request-Duration': '0.128', 'X-Home-Region': 'us1', 'X-API-Domain': 'api.twilio.com', 'Strict-Transport-Security': 'max-age=31536000', 'X-Cache': 'Miss from cloudfront', 'Via': '1.1 58323cef7927326b4721718ec24b0aae.cloudfront.net (CloudFront)', 'X-Amz-Cf-Pop': 'LOS50-P2', 'X-Amz-Cf-Id': 'UrfBlr3-oQWwx_k3ZFC0M0B1tEoOz_B-63WMSqApbKzUYa3X2LFpuw==', 'X-Powered-By': 'AT-5000', 'X-Shenanigans': 'none', 'Vary': 'Origin'}
2026-08-01 17:31:16 | INFO     | app.services.twilio_wa | WhatsApp sent to +2348098765432: SID=SMab3acb4a9f43f8d8c76f8cbbf80a6f2f
2026-08-01 17:31:16 | INFO     | app.services.reminder_service | Reminder sent to Mr. Udoh (+2348098765432) for Tuition Fee: balance=7500000 kobo
2026-08-01 17:31:16 | INFO     | app.services.activity_service | Activity logged: [reminder_sent] Reminder sent to Mr. Udoh about Grace Udoh — balance \u20a675,000.00
2026-08-01 17:31:16 | INFO     | twilio.http_client | -- BEGIN Twilio API Request --
2026-08-01 17:31:16 | INFO     | twilio.http_client | POST Request: https://api.twilio.com/2010-04-01/Accounts/AC319cda2ac5feb82e07cb844eeb17307d/Messages.json
2026-08-01 17:31:16 | INFO     | twilio.http_client | Headers:
2026-08-01 17:31:16 | INFO     | twilio.http_client | Content-Type : application/x-www-form-urlencoded
2026-08-01 17:31:16 | INFO     | twilio.http_client | Accept : application/json
2026-08-01 17:31:16 | INFO     | twilio.http_client | User-Agent : twilio-python/9.10.9 (Windows AMD64) Python/3.14.6
2026-08-01 17:31:16 | INFO     | twilio.http_client | X-Twilio-Client : python-9.10.9
2026-08-01 17:31:16 | INFO     | twilio.http_client | Accept-Charset : utf-8
2026-08-01 17:31:16 | INFO     | twilio.http_client | -- END Twilio API Request --
2026-08-01 17:31:17 | INFO     | twilio.http_client | Response Status Code: 201
2026-08-01 17:31:17 | INFO     | twilio.http_client | Response Headers: {'Content-Type': 'application/json;charset=utf-8', 'Content-Length': '1290', 'Connection': 'keep-alive', 'Date': 'Sat, 01 Aug 2026 16:31:18 GMT', 'Twilio-Concurrent-Requests': '1', 'Twilio-Request-Id': 'RQbd75df97cdadd3814a26cb7ac61f85b6', 'Twilio-Request-Duration': '0.143', 'X-Home-Region': 'us1', 'X-API-Domain': 'api.twilio.com', 'Strict-Transport-Security': 'max-age=31536000', 'X-Cache': 'Miss from cloudfront', 'Via': '1.1 db0227634f5a6631ffed23eb54e5313e.cloudfront.net (CloudFront)', 'X-Amz-Cf-Pop': 'LOS50-P2', 'X-Amz-Cf-Id': 'cJkvISGgTZEl7_lfnh_zP4JSNDW9uLSf_ba18hL22V8PMkPDhMsYnA==', 'X-Powered-By': 'AT-5000', 'X-Shenanigans': 'none', 'Vary': 'Origin'}
2026-08-01 17:31:17 | INFO     | app.services.twilio_wa | WhatsApp sent to +2348181724911: SID=SMbd75df97cdadd3814a26cb7ac61f85b6
2026-08-01 17:31:17 | INFO     | app.services.reminder_service | Reminder sent to mrs john (+2348181724911) for Tuition Fee: balance=10000000 kobo
2026-08-01 17:31:17 | INFO     | app.services.activity_service | Activity logged: [reminder_sent] Reminder sent to mrs john about kuyik — balance \u20a6100,000.00
2026-08-01 17:31:17 | INFO     | twilio.http_client | -- BEGIN Twilio API Request --
2026-08-01 17:31:17 | INFO     | twilio.http_client | POST Request: https://api.twilio.com/2010-04-01/Accounts/AC319cda2ac5feb82e07cb844eeb17307d/Messages.json
2026-08-01 17:31:17 | INFO     | twilio.http_client | Headers:
2026-08-01 17:31:17 | INFO     | twilio.http_client | Content-Type : application/x-www-form-urlencoded
2026-08-01 17:31:17 | INFO     | twilio.http_client | Accept : application/json
2026-08-01 17:31:17 | INFO     | twilio.http_client | User-Agent : twilio-python/9.10.9 (Windows AMD64) Python/3.14.6
2026-08-01 17:31:17 | INFO     | twilio.http_client | X-Twilio-Client : python-9.10.9
2026-08-01 17:31:17 | INFO     | twilio.http_client | Accept-Charset : utf-8
2026-08-01 17:31:17 | INFO     | twilio.http_client | -- END Twilio API Request --
2026-08-01 17:31:19 | INFO     | twilio.http_client | Response Status Code: 201
2026-08-01 17:31:19 | INFO     | twilio.http_client | Response Headers: {'Content-Type': 'application/json;charset=utf-8', 'Content-Length': '1291', 'Connection': 'keep-alive', 'Date': 'Sat, 01 Aug 2026 16:31:19 GMT', 'Twilio-Concurrent-Requests': '1', 'Twilio-Request-Id': 'RQc43832b8ec6af15948a40d4f930090ee', 'Twilio-Request-Duration': '0.143', 'X-Home-Region': 'us1', 'X-API-Domain': 'api.twilio.com', 'Strict-Transport-Security': 'max-age=31536000', 'X-Cache': 'Miss from cloudfront', 'Via': '1.1 d4df04f0be711772e1710f5d9a876f60.cloudfront.net (CloudFront)', 'X-Amz-Cf-Pop': 'LOS50-P2', 'X-Amz-Cf-Id': 'O3l5tADzQMdh8SJ0YWDBgjv0jGfTGovtYGAwp02Xlsnw4C2cRxbpvQ==', 'X-Powered-By': 'AT-5000', 'X-Shenanigans': 'none', 'Vary': 'Origin'}
2026-08-01 17:31:19 | INFO     | app.services.twilio_wa | WhatsApp sent to +2348034438032: SID=SMc43832b8ec6af15948a40d4f930090ee
2026-08-01 17:31:19 | INFO     | app.services.reminder_service | Reminder sent to Mr John (+2348034438032) for Tuition Fee: balance=20000000 kobo
2026-08-01 17:31:19 | INFO     | app.services.activity_service | Activity logged: [reminder_sent] Reminder sent to Mr John about Mkpouko — balance \u20a6200,000.00
2026-08-01 17:31:19 | INFO     | app.services.reminder_service | Reminder batch complete: 4 sent, 0 failed, 0 skipped out of 4 records
2026-08-01 17:31:19,042 INFO sqlalchemy.engine.Engine INSERT INTO activity_logs (school_id, student_id, action, description, created_at) VALUES (?, ?, ?, ?, ?) RETURNING id
2026-08-01 17:31:19 | INFO     | sqlalchemy.engine.Engine | INSERT INTO activity_logs (school_id, student_id, action, description, created_at) VALUES (?, ?, ?, ?, ?) RETURNING id
--- Logging error ---
Traceback (most recent call last):
  File "C:\Users\MKPOUTO IDIBEKE\AppData\Local\Python\pythoncore-3.14-64\Lib\logging\__init__.py", line 1154, in emit
    stream.write(msg + self.terminator)
    ~~~~~~~~~~~~^^^^^^^^^^^^^^^^^^^^^^^
  File "C:\Users\MKPOUTO IDIBEKE\AppData\Local\Python\pythoncore-3.14-64\Lib\encodings\cp1252.py", line 19, in encode
    return codecs.charmap_encode(input,self.errors,encoding_table)[0]
           ~~~~~~~~~~~~~~~~~~~~~^^^^^^^^^^^^^^^^^^^^^^^^^^^^^^^^^^
UnicodeEncodeError: 'charmap' codec can't encode character '\u20a6' in position 214: character maps to <undefined>
Call stack:
  File "<frozen runpy>", line 203, in _run_module_as_main
  File "<frozen runpy>", line 88, in _run_code
  File "C:\Users\MKPOUTO IDIBEKE\Documents\GitHub\Jummikville-Management-System\venv\Lib\site-packages\uvicorn\__main__.py", line 4, in <module>
    uvicorn.main()
  File "C:\Users\MKPOUTO IDIBEKE\Documents\GitHub\Jummikville-Management-System\venv\Lib\site-packages\click\core.py", line 1569, in __call__
    return self.main(*args, **kwargs)
  File "C:\Users\MKPOUTO IDIBEKE\Documents\GitHub\Jummikville-Management-System\venv\Lib\site-packages\click\core.py", line 1490, in main
    rv = self.invoke(ctx)
  File "C:\Users\MKPOUTO IDIBEKE\Documents\GitHub\Jummikville-Management-System\venv\Lib\site-packages\click\core.py", line 1353, in invoke
    return ctx.invoke(self.callback, **ctx.params)
  File "C:\Users\MKPOUTO IDIBEKE\Documents\GitHub\Jummikville-Management-System\venv\Lib\site-packages\click\core.py", line 907, in invoke
    return callback(*args, **kwargs)
  File "C:\Users\MKPOUTO IDIBEKE\Documents\GitHub\Jummikville-Management-System\venv\Lib\site-packages\uvicorn\main.py", line 440, in main
    run(
  File "C:\Users\MKPOUTO IDIBEKE\Documents\GitHub\Jummikville-Management-System\venv\Lib\site-packages\uvicorn\main.py", line 621, in run
    server.run()
  File "C:\Users\MKPOUTO IDIBEKE\Documents\GitHub\Jummikville-Management-System\venv\Lib\site-packages\uvicorn\server.py", line 77, in run
    return asyncio_run(self.serve(sockets=sockets), loop_factory=self.config.get_loop_factory())
  File "C:\Users\MKPOUTO IDIBEKE\AppData\Local\Python\pythoncore-3.14-64\Lib\asyncio\runners.py", line 205, in run
    return runner.run(main)
  File "C:\Users\MKPOUTO IDIBEKE\AppData\Local\Python\pythoncore-3.14-64\Lib\asyncio\runners.py", line 128, in run
    return self._loop.run_until_complete(task)
  File "C:\Users\MKPOUTO IDIBEKE\AppData\Local\Python\pythoncore-3.14-64\Lib\asyncio\base_events.py", line 706, in run_until_complete
    self.run_forever()
  File "C:\Users\MKPOUTO IDIBEKE\AppData\Local\Python\pythoncore-3.14-64\Lib\asyncio\base_events.py", line 677, in run_forever
    self._run_once()
  File "C:\Users\MKPOUTO IDIBEKE\AppData\Local\Python\pythoncore-3.14-64\Lib\asyncio\base_events.py", line 2056, in _run_once
    handle._run()
  File "C:\Users\MKPOUTO IDIBEKE\AppData\Local\Python\pythoncore-3.14-64\Lib\asyncio\events.py", line 94, in _run
    self._context.run(self._callback, *self._args)
  File "C:\Users\MKPOUTO IDIBEKE\Documents\GitHub\Jummikville-Management-System\venv\Lib\site-packages\uvicorn\protocols\http\httptools_impl.py", line 422, in run_asgi
    result = await app(  # type: ignore[func-returns-value]
  File "C:\Users\MKPOUTO IDIBEKE\Documents\GitHub\Jummikville-Management-System\venv\Lib\site-packages\uvicorn\middleware\proxy_headers.py", line 63, in __call__
    return await self.app(scope, receive, send)
  File "C:\Users\MKPOUTO IDIBEKE\Documents\GitHub\Jummikville-Management-System\venv\Lib\site-packages\fastapi\applications.py", line 1163, in __call__
    await super().__call__(scope, receive, send)
  File "C:\Users\MKPOUTO IDIBEKE\Documents\GitHub\Jummikville-Management-System\venv\Lib\site-packages\starlette\applications.py", line 90, in __call__
    await self.middleware_stack(scope, receive, send)
  File "C:\Users\MKPOUTO IDIBEKE\Documents\GitHub\Jummikville-Management-System\venv\Lib\site-packages\starlette\middleware\errors.py", line 164, in __call__
    await self.app(scope, receive, _send)
  File "C:\Users\MKPOUTO IDIBEKE\Documents\GitHub\Jummikville-Management-System\venv\Lib\site-packages\starlette\middleware\cors.py", line 96, in __call__
    await self.simple_response(scope, receive, send, request_headers=headers)
  File "C:\Users\MKPOUTO IDIBEKE\Documents\GitHub\Jummikville-Management-System\venv\Lib\site-packages\starlette\middleware\cors.py", line 154, in simple_response
    await self.app(scope, receive, send)
  File "C:\Users\MKPOUTO IDIBEKE\Documents\GitHub\Jummikville-Management-System\venv\Lib\site-packages\starlette\middleware\exceptions.py", line 63, in __call__
    await wrap_app_handling_exceptions(self.app, conn)(scope, receive, send)
  File "C:\Users\MKPOUTO IDIBEKE\Documents\GitHub\Jummikville-Management-System\venv\Lib\site-packages\starlette\_exception_handler.py", line 42, in wrapped_app
    await app(scope, receive, sender)
  File "C:\Users\MKPOUTO IDIBEKE\Documents\GitHub\Jummikville-Management-System\venv\Lib\site-packages\fastapi\middleware\asyncexitstack.py", line 18, in __call__
    await self.app(scope, receive, send)
  File "C:\Users\MKPOUTO IDIBEKE\Documents\GitHub\Jummikville-Management-System\venv\Lib\site-packages\starlette\routing.py", line 660, in __call__
    await self.middleware_stack(scope, receive, send)
  File "C:\Users\MKPOUTO IDIBEKE\Documents\GitHub\Jummikville-Management-System\venv\Lib\site-packages\fastapi\routing.py", line 2734, in app
    await route.handle(scope, receive, send)
  File "C:\Users\MKPOUTO IDIBEKE\Documents\GitHub\Jummikville-Management-System\venv\Lib\site-packages\fastapi\routing.py", line 1780, in handle
    await self.original_router.handle(scope, receive, send)
  File "C:\Users\MKPOUTO IDIBEKE\Documents\GitHub\Jummikville-Management-System\venv\Lib\site-packages\fastapi\routing.py", line 2789, in handle
    await included_router._handle_selected(scope, receive, send)
  File "C:\Users\MKPOUTO IDIBEKE\Documents\GitHub\Jummikville-Management-System\venv\Lib\site-packages\fastapi\routing.py", line 1800, in _handle_selected
    await original_route.handle(scope, receive, send)
  File "C:\Users\MKPOUTO IDIBEKE\Documents\GitHub\Jummikville-Management-System\venv\Lib\site-packages\fastapi\routing.py", line 1279, in handle
    await app(scope, receive, send)
  File "C:\Users\MKPOUTO IDIBEKE\Documents\GitHub\Jummikville-Management-System\venv\Lib\site-packages\fastapi\routing.py", line 158, in app
    await wrap_app_handling_exceptions(app, request)(scope, receive, send)
  File "C:\Users\MKPOUTO IDIBEKE\Documents\GitHub\Jummikville-Management-System\venv\Lib\site-packages\starlette\_exception_handler.py", line 42, in wrapped_app
    await app(scope, receive, sender)
  File "C:\Users\MKPOUTO IDIBEKE\Documents\GitHub\Jummikville-Management-System\venv\Lib\site-packages\fastapi\routing.py", line 144, in app
    response = await f(request)
  File "C:\Users\MKPOUTO IDIBEKE\Documents\GitHub\Jummikville-Management-System\venv\Lib\site-packages\fastapi\routing.py", line 706, in app
    raw_response = await run_endpoint_function(
  File "C:\Users\MKPOUTO IDIBEKE\Documents\GitHub\Jummikville-Management-System\venv\Lib\site-packages\fastapi\routing.py", line 352, in run_endpoint_function
    return await dependant.call(**values)
  File "C:\Users\MKPOUTO IDIBEKE\Documents\GitHub\Jummikville-Management-System\app\routers\reminders.py", line 48, in trigger_reminders
    results = await send_reminders(
  File "C:\Users\MKPOUTO IDIBEKE\Documents\GitHub\Jummikville-Management-System\app\services\reminder_service.py", line 153, in send_reminders
    db.commit()
  File "C:\Users\MKPOUTO IDIBEKE\Documents\GitHub\Jummikville-Management-System\venv\Lib\site-packages\sqlalchemy\orm\session.py", line 2035, in commit
    trans.commit(_to_root=True)
  File "<string>", line 2, in commit
  File "C:\Users\MKPOUTO IDIBEKE\Documents\GitHub\Jummikville-Management-System\venv\Lib\site-packages\sqlalchemy\orm\state_changes.py", line 137, in _go
    ret_value = fn(self, *arg, **kw)
  File "C:\Users\MKPOUTO IDIBEKE\Documents\GitHub\Jummikville-Management-System\venv\Lib\site-packages\sqlalchemy\orm\session.py", line 1316, in commit
    self._prepare_impl()
  File "<string>", line 2, in _prepare_impl
  File "C:\Users\MKPOUTO IDIBEKE\Documents\GitHub\Jummikville-Management-System\venv\Lib\site-packages\sqlalchemy\orm\state_changes.py", line 137, in _go
    ret_value = fn(self, *arg, **kw)
  File "C:\Users\MKPOUTO IDIBEKE\Documents\GitHub\Jummikville-Management-System\venv\Lib\site-packages\sqlalchemy\orm\session.py", line 1290, in _prepare_impl
    self.session.flush()
  File "C:\Users\MKPOUTO IDIBEKE\Documents\GitHub\Jummikville-Management-System\venv\Lib\site-packages\sqlalchemy\orm\session.py", line 4353, in flush
    self._flush(objects)
  File "C:\Users\MKPOUTO IDIBEKE\Documents\GitHub\Jummikville-Management-System\venv\Lib\site-packages\sqlalchemy\orm\session.py", line 4449, in _flush
    flush_context.execute()
  File "C:\Users\MKPOUTO IDIBEKE\Documents\GitHub\Jummikville-Management-System\venv\Lib\site-packages\sqlalchemy\orm\unitofwork.py", line 465, in execute
    rec.execute(self)
  File "C:\Users\MKPOUTO IDIBEKE\Documents\GitHub\Jummikville-Management-System\venv\Lib\site-packages\sqlalchemy\orm\unitofwork.py", line 641, in execute
    util.preloaded.orm_persistence.save_obj(
  File "C:\Users\MKPOUTO IDIBEKE\Documents\GitHub\Jummikville-Management-System\venv\Lib\site-packages\sqlalchemy\orm\persistence.py", line 94, in save_obj
    _emit_insert_statements(
  File "C:\Users\MKPOUTO IDIBEKE\Documents\GitHub\Jummikville-Management-System\venv\Lib\site-packages\sqlalchemy\orm\persistence.py", line 1144, in _emit_insert_statements
    result = connection.execute(
  File "C:\Users\MKPOUTO IDIBEKE\Documents\GitHub\Jummikville-Management-System\venv\Lib\site-packages\sqlalchemy\engine\base.py", line 1421, in execute
    return meth(
  File "C:\Users\MKPOUTO IDIBEKE\Documents\GitHub\Jummikville-Management-System\venv\Lib\site-packages\sqlalchemy\sql\elements.py", line 526, in _execute_on_connection
    return connection._execute_clauseelement(
  File "C:\Users\MKPOUTO IDIBEKE\Documents\GitHub\Jummikville-Management-System\venv\Lib\site-packages\sqlalchemy\engine\base.py", line 1643, in _execute_clauseelement
    ret = self._execute_context(
  File "C:\Users\MKPOUTO IDIBEKE\Documents\GitHub\Jummikville-Management-System\venv\Lib\site-packages\sqlalchemy\engine\base.py", line 1846, in _execute_context
    return self._exec_insertmany_context(dialect, context)
  File "C:\Users\MKPOUTO IDIBEKE\Documents\GitHub\Jummikville-Management-System\venv\Lib\site-packages\sqlalchemy\engine\base.py", line 2101, in _exec_insertmany_context
    self._log_info(
  File "C:\Users\MKPOUTO IDIBEKE\Documents\GitHub\Jummikville-Management-System\venv\Lib\site-packages\sqlalchemy\engine\base.py", line 188, in _log_info
    self.engine.logger.info(message, *arg, **kw)
  File "C:\Users\MKPOUTO IDIBEKE\Documents\GitHub\Jummikville-Management-System\venv\Lib\site-packages\sqlalchemy\log.py", line 159, in info
    self.log(logging.INFO, msg, *args, **kwargs)
  File "C:\Users\MKPOUTO IDIBEKE\Documents\GitHub\Jummikville-Management-System\venv\Lib\site-packages\sqlalchemy\log.py", line 210, in log
    self.logger._log(level, msg, args, **kwargs)
Message: '[%s] %r'
Arguments: ('generated in 0.00327s (insertmanyvalues) 1/4 (ordered; batch not supported)', (1, 1, 'reminder_sent', 'Reminder sent to Mrs. Okon about Emmanuel Okon — balance \u20a625,000.00', '2026-08-01 16:31:19.040683'))
2026-08-01 17:31:19 | INFO     | sqlalchemy.engine.Engine | [generated in 0.00327s (insertmanyvalues) 1/4 (ordered; batch not supported)] (1, 1, 'reminder_sent', 'Reminder sent to Mrs. Okon about Emmanuel Okon — balance \u20a625,000.00', '2026-08-01 16:31:19.040683')
2026-08-01 17:31:19,520 INFO sqlalchemy.engine.Engine INSERT INTO activity_logs (school_id, student_id, action, description, created_at) VALUES (?, ?, ?, ?, ?) RETURNING id
2026-08-01 17:31:19 | INFO     | sqlalchemy.engine.Engine | INSERT INTO activity_logs (school_id, student_id, action, description, created_at) VALUES (?, ?, ?, ?, ?) RETURNING id
--- Logging error ---
Traceback (most recent call last):
  File "C:\Users\MKPOUTO IDIBEKE\AppData\Local\Python\pythoncore-3.14-64\Lib\logging\__init__.py", line 1154, in emit
    stream.write(msg + self.terminator)
    ~~~~~~~~~~~~^^^^^^^^^^^^^^^^^^^^^^^
  File "C:\Users\MKPOUTO IDIBEKE\AppData\Local\Python\pythoncore-3.14-64\Lib\encodings\cp1252.py", line 19, in encode
    return codecs.charmap_encode(input,self.errors,encoding_table)[0]
           ~~~~~~~~~~~~~~~~~~~~~^^^^^^^^^^^^^^^^^^^^^^^^^^^^^^^^^^
UnicodeEncodeError: 'charmap' codec can't encode character '\u20a6' in position 186: character maps to <undefined>
Call stack:
  File "<frozen runpy>", line 203, in _run_module_as_main
  File "<frozen runpy>", line 88, in _run_code
  File "C:\Users\MKPOUTO IDIBEKE\Documents\GitHub\Jummikville-Management-System\venv\Lib\site-packages\uvicorn\__main__.py", line 4, in <module>
    uvicorn.main()
  File "C:\Users\MKPOUTO IDIBEKE\Documents\GitHub\Jummikville-Management-System\venv\Lib\site-packages\click\core.py", line 1569, in __call__
    return self.main(*args, **kwargs)
  File "C:\Users\MKPOUTO IDIBEKE\Documents\GitHub\Jummikville-Management-System\venv\Lib\site-packages\click\core.py", line 1490, in main
    rv = self.invoke(ctx)
  File "C:\Users\MKPOUTO IDIBEKE\Documents\GitHub\Jummikville-Management-System\venv\Lib\site-packages\click\core.py", line 1353, in invoke
    return ctx.invoke(self.callback, **ctx.params)
  File "C:\Users\MKPOUTO IDIBEKE\Documents\GitHub\Jummikville-Management-System\venv\Lib\site-packages\click\core.py", line 907, in invoke
    return callback(*args, **kwargs)
  File "C:\Users\MKPOUTO IDIBEKE\Documents\GitHub\Jummikville-Management-System\venv\Lib\site-packages\uvicorn\main.py", line 440, in main
    run(
  File "C:\Users\MKPOUTO IDIBEKE\Documents\GitHub\Jummikville-Management-System\venv\Lib\site-packages\uvicorn\main.py", line 621, in run
    server.run()
  File "C:\Users\MKPOUTO IDIBEKE\Documents\GitHub\Jummikville-Management-System\venv\Lib\site-packages\uvicorn\server.py", line 77, in run
    return asyncio_run(self.serve(sockets=sockets), loop_factory=self.config.get_loop_factory())
  File "C:\Users\MKPOUTO IDIBEKE\AppData\Local\Python\pythoncore-3.14-64\Lib\asyncio\runners.py", line 205, in run
    return runner.run(main)
  File "C:\Users\MKPOUTO IDIBEKE\AppData\Local\Python\pythoncore-3.14-64\Lib\asyncio\runners.py", line 128, in run
    return self._loop.run_until_complete(task)
  File "C:\Users\MKPOUTO IDIBEKE\AppData\Local\Python\pythoncore-3.14-64\Lib\asyncio\base_events.py", line 706, in run_until_complete
    self.run_forever()
  File "C:\Users\MKPOUTO IDIBEKE\AppData\Local\Python\pythoncore-3.14-64\Lib\asyncio\base_events.py", line 677, in run_forever
    self._run_once()
  File "C:\Users\MKPOUTO IDIBEKE\AppData\Local\Python\pythoncore-3.14-64\Lib\asyncio\base_events.py", line 2056, in _run_once
    handle._run()
  File "C:\Users\MKPOUTO IDIBEKE\AppData\Local\Python\pythoncore-3.14-64\Lib\asyncio\events.py", line 94, in _run
    self._context.run(self._callback, *self._args)
  File "C:\Users\MKPOUTO IDIBEKE\Documents\GitHub\Jummikville-Management-System\venv\Lib\site-packages\uvicorn\protocols\http\httptools_impl.py", line 422, in run_asgi
    result = await app(  # type: ignore[func-returns-value]
  File "C:\Users\MKPOUTO IDIBEKE\Documents\GitHub\Jummikville-Management-System\venv\Lib\site-packages\uvicorn\middleware\proxy_headers.py", line 63, in __call__
    return await self.app(scope, receive, send)
  File "C:\Users\MKPOUTO IDIBEKE\Documents\GitHub\Jummikville-Management-System\venv\Lib\site-packages\fastapi\applications.py", line 1163, in __call__
    await super().__call__(scope, receive, send)
  File "C:\Users\MKPOUTO IDIBEKE\Documents\GitHub\Jummikville-Management-System\venv\Lib\site-packages\starlette\applications.py", line 90, in __call__
    await self.middleware_stack(scope, receive, send)
  File "C:\Users\MKPOUTO IDIBEKE\Documents\GitHub\Jummikville-Management-System\venv\Lib\site-packages\starlette\middleware\errors.py", line 164, in __call__
    await self.app(scope, receive, _send)
  File "C:\Users\MKPOUTO IDIBEKE\Documents\GitHub\Jummikville-Management-System\venv\Lib\site-packages\starlette\middleware\cors.py", line 96, in __call__
    await self.simple_response(scope, receive, send, request_headers=headers)
  File "C:\Users\MKPOUTO IDIBEKE\Documents\GitHub\Jummikville-Management-System\venv\Lib\site-packages\starlette\middleware\cors.py", line 154, in simple_response
    await self.app(scope, receive, send)
  File "C:\Users\MKPOUTO IDIBEKE\Documents\GitHub\Jummikville-Management-System\venv\Lib\site-packages\starlette\middleware\exceptions.py", line 63, in __call__
    await wrap_app_handling_exceptions(self.app, conn)(scope, receive, send)
  File "C:\Users\MKPOUTO IDIBEKE\Documents\GitHub\Jummikville-Management-System\venv\Lib\site-packages\starlette\_exception_handler.py", line 42, in wrapped_app
    await app(scope, receive, sender)
  File "C:\Users\MKPOUTO IDIBEKE\Documents\GitHub\Jummikville-Management-System\venv\Lib\site-packages\fastapi\middleware\asyncexitstack.py", line 18, in __call__
    await self.app(scope, receive, send)
  File "C:\Users\MKPOUTO IDIBEKE\Documents\GitHub\Jummikville-Management-System\venv\Lib\site-packages\starlette\routing.py", line 660, in __call__
    await self.middleware_stack(scope, receive, send)
  File "C:\Users\MKPOUTO IDIBEKE\Documents\GitHub\Jummikville-Management-System\venv\Lib\site-packages\fastapi\routing.py", line 2734, in app
    await route.handle(scope, receive, send)
  File "C:\Users\MKPOUTO IDIBEKE\Documents\GitHub\Jummikville-Management-System\venv\Lib\site-packages\fastapi\routing.py", line 1780, in handle
    await self.original_router.handle(scope, receive, send)
  File "C:\Users\MKPOUTO IDIBEKE\Documents\GitHub\Jummikville-Management-System\venv\Lib\site-packages\fastapi\routing.py", line 2789, in handle
    await included_router._handle_selected(scope, receive, send)
  File "C:\Users\MKPOUTO IDIBEKE\Documents\GitHub\Jummikville-Management-System\venv\Lib\site-packages\fastapi\routing.py", line 1800, in _handle_selected
    await original_route.handle(scope, receive, send)
  File "C:\Users\MKPOUTO IDIBEKE\Documents\GitHub\Jummikville-Management-System\venv\Lib\site-packages\fastapi\routing.py", line 1279, in handle
    await app(scope, receive, send)
  File "C:\Users\MKPOUTO IDIBEKE\Documents\GitHub\Jummikville-Management-System\venv\Lib\site-packages\fastapi\routing.py", line 158, in app
    await wrap_app_handling_exceptions(app, request)(scope, receive, send)
  File "C:\Users\MKPOUTO IDIBEKE\Documents\GitHub\Jummikville-Management-System\venv\Lib\site-packages\starlette\_exception_handler.py", line 42, in wrapped_app
    await app(scope, receive, sender)
  File "C:\Users\MKPOUTO IDIBEKE\Documents\GitHub\Jummikville-Management-System\venv\Lib\site-packages\fastapi\routing.py", line 144, in app
    response = await f(request)
  File "C:\Users\MKPOUTO IDIBEKE\Documents\GitHub\Jummikville-Management-System\venv\Lib\site-packages\fastapi\routing.py", line 706, in app
    raw_response = await run_endpoint_function(
  File "C:\Users\MKPOUTO IDIBEKE\Documents\GitHub\Jummikville-Management-System\venv\Lib\site-packages\fastapi\routing.py", line 352, in run_endpoint_function
    return await dependant.call(**values)
  File "C:\Users\MKPOUTO IDIBEKE\Documents\GitHub\Jummikville-Management-System\app\routers\reminders.py", line 48, in trigger_reminders
    results = await send_reminders(
  File "C:\Users\MKPOUTO IDIBEKE\Documents\GitHub\Jummikville-Management-System\app\services\reminder_service.py", line 153, in send_reminders
    db.commit()
  File "C:\Users\MKPOUTO IDIBEKE\Documents\GitHub\Jummikville-Management-System\venv\Lib\site-packages\sqlalchemy\orm\session.py", line 2035, in commit
    trans.commit(_to_root=True)
  File "<string>", line 2, in commit
  File "C:\Users\MKPOUTO IDIBEKE\Documents\GitHub\Jummikville-Management-System\venv\Lib\site-packages\sqlalchemy\orm\state_changes.py", line 137, in _go
    ret_value = fn(self, *arg, **kw)
  File "C:\Users\MKPOUTO IDIBEKE\Documents\GitHub\Jummikville-Management-System\venv\Lib\site-packages\sqlalchemy\orm\session.py", line 1316, in commit
    self._prepare_impl()
  File "<string>", line 2, in _prepare_impl
  File "C:\Users\MKPOUTO IDIBEKE\Documents\GitHub\Jummikville-Management-System\venv\Lib\site-packages\sqlalchemy\orm\state_changes.py", line 137, in _go
    ret_value = fn(self, *arg, **kw)
  File "C:\Users\MKPOUTO IDIBEKE\Documents\GitHub\Jummikville-Management-System\venv\Lib\site-packages\sqlalchemy\orm\session.py", line 1290, in _prepare_impl
    self.session.flush()
  File "C:\Users\MKPOUTO IDIBEKE\Documents\GitHub\Jummikville-Management-System\venv\Lib\site-packages\sqlalchemy\orm\session.py", line 4353, in flush
    self._flush(objects)
  File "C:\Users\MKPOUTO IDIBEKE\Documents\GitHub\Jummikville-Management-System\venv\Lib\site-packages\sqlalchemy\orm\session.py", line 4449, in _flush
    flush_context.execute()
  File "C:\Users\MKPOUTO IDIBEKE\Documents\GitHub\Jummikville-Management-System\venv\Lib\site-packages\sqlalchemy\orm\unitofwork.py", line 465, in execute
    rec.execute(self)
  File "C:\Users\MKPOUTO IDIBEKE\Documents\GitHub\Jummikville-Management-System\venv\Lib\site-packages\sqlalchemy\orm\unitofwork.py", line 641, in execute
    util.preloaded.orm_persistence.save_obj(
  File "C:\Users\MKPOUTO IDIBEKE\Documents\GitHub\Jummikville-Management-System\venv\Lib\site-packages\sqlalchemy\orm\persistence.py", line 94, in save_obj
    _emit_insert_statements(
  File "C:\Users\MKPOUTO IDIBEKE\Documents\GitHub\Jummikville-Management-System\venv\Lib\site-packages\sqlalchemy\orm\persistence.py", line 1144, in _emit_insert_statements
    result = connection.execute(
  File "C:\Users\MKPOUTO IDIBEKE\Documents\GitHub\Jummikville-Management-System\venv\Lib\site-packages\sqlalchemy\engine\base.py", line 1421, in execute
    return meth(
  File "C:\Users\MKPOUTO IDIBEKE\Documents\GitHub\Jummikville-Management-System\venv\Lib\site-packages\sqlalchemy\sql\elements.py", line 526, in _execute_on_connection
    return connection._execute_clauseelement(
  File "C:\Users\MKPOUTO IDIBEKE\Documents\GitHub\Jummikville-Management-System\venv\Lib\site-packages\sqlalchemy\engine\base.py", line 1643, in _execute_clauseelement
    ret = self._execute_context(
  File "C:\Users\MKPOUTO IDIBEKE\Documents\GitHub\Jummikville-Management-System\venv\Lib\site-packages\sqlalchemy\engine\base.py", line 1846, in _execute_context
    return self._exec_insertmany_context(dialect, context)
  File "C:\Users\MKPOUTO IDIBEKE\Documents\GitHub\Jummikville-Management-System\venv\Lib\site-packages\sqlalchemy\engine\base.py", line 2101, in _exec_insertmany_context
    self._log_info(
  File "C:\Users\MKPOUTO IDIBEKE\Documents\GitHub\Jummikville-Management-System\venv\Lib\site-packages\sqlalchemy\engine\base.py", line 188, in _log_info
    self.engine.logger.info(message, *arg, **kw)
  File "C:\Users\MKPOUTO IDIBEKE\Documents\GitHub\Jummikville-Management-System\venv\Lib\site-packages\sqlalchemy\log.py", line 159, in info
    self.log(logging.INFO, msg, *args, **kwargs)
  File "C:\Users\MKPOUTO IDIBEKE\Documents\GitHub\Jummikville-Management-System\venv\Lib\site-packages\sqlalchemy\log.py", line 210, in log
    self.logger._log(level, msg, args, **kwargs)
Message: '[%s] %r'
Arguments: ('insertmanyvalues 2/4 (ordered; batch not supported)', (1, 2, 'reminder_sent', 'Reminder sent to Mr. Udoh about Grace Udoh — balance \u20a675,000.00', '2026-08-01 16:31:19.040696'))
2026-08-01 17:31:19 | INFO     | sqlalchemy.engine.Engine | [insertmanyvalues 2/4 (ordered; batch not supported)] (1, 2, 'reminder_sent', 'Reminder sent to Mr. Udoh about Grace Udoh — balance \u20a675,000.00', '2026-08-01 16:31:19.040696')
2026-08-01 17:31:19,537 INFO sqlalchemy.engine.Engine INSERT INTO activity_logs (school_id, student_id, action, description, created_at) VALUES (?, ?, ?, ?, ?) RETURNING id
2026-08-01 17:31:19 | INFO     | sqlalchemy.engine.Engine | INSERT INTO activity_logs (school_id, student_id, action, description, created_at) VALUES (?, ?, ?, ?, ?) RETURNING id
--- Logging error ---
Traceback (most recent call last):
  File "C:\Users\MKPOUTO IDIBEKE\AppData\Local\Python\pythoncore-3.14-64\Lib\logging\__init__.py", line 1154, in emit
    stream.write(msg + self.terminator)
    ~~~~~~~~~~~~^^^^^^^^^^^^^^^^^^^^^^^
  File "C:\Users\MKPOUTO IDIBEKE\AppData\Local\Python\pythoncore-3.14-64\Lib\encodings\cp1252.py", line 19, in encode
    return codecs.charmap_encode(input,self.errors,encoding_table)[0]
           ~~~~~~~~~~~~~~~~~~~~~^^^^^^^^^^^^^^^^^^^^^^^^^^^^^^^^^^
UnicodeEncodeError: 'charmap' codec can't encode character '\u20a6' in position 181: character maps to <undefined>
Call stack:
  File "<frozen runpy>", line 203, in _run_module_as_main
  File "<frozen runpy>", line 88, in _run_code
  File "C:\Users\MKPOUTO IDIBEKE\Documents\GitHub\Jummikville-Management-System\venv\Lib\site-packages\uvicorn\__main__.py", line 4, in <module>
    uvicorn.main()
  File "C:\Users\MKPOUTO IDIBEKE\Documents\GitHub\Jummikville-Management-System\venv\Lib\site-packages\click\core.py", line 1569, in __call__
    return self.main(*args, **kwargs)
  File "C:\Users\MKPOUTO IDIBEKE\Documents\GitHub\Jummikville-Management-System\venv\Lib\site-packages\click\core.py", line 1490, in main
    rv = self.invoke(ctx)
  File "C:\Users\MKPOUTO IDIBEKE\Documents\GitHub\Jummikville-Management-System\venv\Lib\site-packages\click\core.py", line 1353, in invoke
    return ctx.invoke(self.callback, **ctx.params)
  File "C:\Users\MKPOUTO IDIBEKE\Documents\GitHub\Jummikville-Management-System\venv\Lib\site-packages\click\core.py", line 907, in invoke
    return callback(*args, **kwargs)
  File "C:\Users\MKPOUTO IDIBEKE\Documents\GitHub\Jummikville-Management-System\venv\Lib\site-packages\uvicorn\main.py", line 440, in main
    run(
  File "C:\Users\MKPOUTO IDIBEKE\Documents\GitHub\Jummikville-Management-System\venv\Lib\site-packages\uvicorn\main.py", line 621, in run
    server.run()
  File "C:\Users\MKPOUTO IDIBEKE\Documents\GitHub\Jummikville-Management-System\venv\Lib\site-packages\uvicorn\server.py", line 77, in run
    return asyncio_run(self.serve(sockets=sockets), loop_factory=self.config.get_loop_factory())
  File "C:\Users\MKPOUTO IDIBEKE\AppData\Local\Python\pythoncore-3.14-64\Lib\asyncio\runners.py", line 205, in run
    return runner.run(main)
  File "C:\Users\MKPOUTO IDIBEKE\AppData\Local\Python\pythoncore-3.14-64\Lib\asyncio\runners.py", line 128, in run
    return self._loop.run_until_complete(task)
  File "C:\Users\MKPOUTO IDIBEKE\AppData\Local\Python\pythoncore-3.14-64\Lib\asyncio\base_events.py", line 706, in run_until_complete
    self.run_forever()
  File "C:\Users\MKPOUTO IDIBEKE\AppData\Local\Python\pythoncore-3.14-64\Lib\asyncio\base_events.py", line 677, in run_forever
    self._run_once()
  File "C:\Users\MKPOUTO IDIBEKE\AppData\Local\Python\pythoncore-3.14-64\Lib\asyncio\base_events.py", line 2056, in _run_once
    handle._run()
  File "C:\Users\MKPOUTO IDIBEKE\AppData\Local\Python\pythoncore-3.14-64\Lib\asyncio\events.py", line 94, in _run
    self._context.run(self._callback, *self._args)
  File "C:\Users\MKPOUTO IDIBEKE\Documents\GitHub\Jummikville-Management-System\venv\Lib\site-packages\uvicorn\protocols\http\httptools_impl.py", line 422, in run_asgi
    result = await app(  # type: ignore[func-returns-value]
  File "C:\Users\MKPOUTO IDIBEKE\Documents\GitHub\Jummikville-Management-System\venv\Lib\site-packages\uvicorn\middleware\proxy_headers.py", line 63, in __call__
    return await self.app(scope, receive, send)
  File "C:\Users\MKPOUTO IDIBEKE\Documents\GitHub\Jummikville-Management-System\venv\Lib\site-packages\fastapi\applications.py", line 1163, in __call__
    await super().__call__(scope, receive, send)
  File "C:\Users\MKPOUTO IDIBEKE\Documents\GitHub\Jummikville-Management-System\venv\Lib\site-packages\starlette\applications.py", line 90, in __call__
    await self.middleware_stack(scope, receive, send)
  File "C:\Users\MKPOUTO IDIBEKE\Documents\GitHub\Jummikville-Management-System\venv\Lib\site-packages\starlette\middleware\errors.py", line 164, in __call__
    await self.app(scope, receive, _send)
  File "C:\Users\MKPOUTO IDIBEKE\Documents\GitHub\Jummikville-Management-System\venv\Lib\site-packages\starlette\middleware\cors.py", line 96, in __call__
    await self.simple_response(scope, receive, send, request_headers=headers)
  File "C:\Users\MKPOUTO IDIBEKE\Documents\GitHub\Jummikville-Management-System\venv\Lib\site-packages\starlette\middleware\cors.py", line 154, in simple_response
    await self.app(scope, receive, send)
  File "C:\Users\MKPOUTO IDIBEKE\Documents\GitHub\Jummikville-Management-System\venv\Lib\site-packages\starlette\middleware\exceptions.py", line 63, in __call__
    await wrap_app_handling_exceptions(self.app, conn)(scope, receive, send)
  File "C:\Users\MKPOUTO IDIBEKE\Documents\GitHub\Jummikville-Management-System\venv\Lib\site-packages\starlette\_exception_handler.py", line 42, in wrapped_app
    await app(scope, receive, sender)
  File "C:\Users\MKPOUTO IDIBEKE\Documents\GitHub\Jummikville-Management-System\venv\Lib\site-packages\fastapi\middleware\asyncexitstack.py", line 18, in __call__
    await self.app(scope, receive, send)
  File "C:\Users\MKPOUTO IDIBEKE\Documents\GitHub\Jummikville-Management-System\venv\Lib\site-packages\starlette\routing.py", line 660, in __call__
    await self.middleware_stack(scope, receive, send)
  File "C:\Users\MKPOUTO IDIBEKE\Documents\GitHub\Jummikville-Management-System\venv\Lib\site-packages\fastapi\routing.py", line 2734, in app
    await route.handle(scope, receive, send)
  File "C:\Users\MKPOUTO IDIBEKE\Documents\GitHub\Jummikville-Management-System\venv\Lib\site-packages\fastapi\routing.py", line 1780, in handle
    await self.original_router.handle(scope, receive, send)
  File "C:\Users\MKPOUTO IDIBEKE\Documents\GitHub\Jummikville-Management-System\venv\Lib\site-packages\fastapi\routing.py", line 2789, in handle
    await included_router._handle_selected(scope, receive, send)
  File "C:\Users\MKPOUTO IDIBEKE\Documents\GitHub\Jummikville-Management-System\venv\Lib\site-packages\fastapi\routing.py", line 1800, in _handle_selected
    await original_route.handle(scope, receive, send)
  File "C:\Users\MKPOUTO IDIBEKE\Documents\GitHub\Jummikville-Management-System\venv\Lib\site-packages\fastapi\routing.py", line 1279, in handle
    await app(scope, receive, send)
  File "C:\Users\MKPOUTO IDIBEKE\Documents\GitHub\Jummikville-Management-System\venv\Lib\site-packages\fastapi\routing.py", line 158, in app
    await wrap_app_handling_exceptions(app, request)(scope, receive, send)
  File "C:\Users\MKPOUTO IDIBEKE\Documents\GitHub\Jummikville-Management-System\venv\Lib\site-packages\starlette\_exception_handler.py", line 42, in wrapped_app
    await app(scope, receive, sender)
  File "C:\Users\MKPOUTO IDIBEKE\Documents\GitHub\Jummikville-Management-System\venv\Lib\site-packages\fastapi\routing.py", line 144, in app
    response = await f(request)
  File "C:\Users\MKPOUTO IDIBEKE\Documents\GitHub\Jummikville-Management-System\venv\Lib\site-packages\fastapi\routing.py", line 706, in app
    raw_response = await run_endpoint_function(
  File "C:\Users\MKPOUTO IDIBEKE\Documents\GitHub\Jummikville-Management-System\venv\Lib\site-packages\fastapi\routing.py", line 352, in run_endpoint_function
    return await dependant.call(**values)
  File "C:\Users\MKPOUTO IDIBEKE\Documents\GitHub\Jummikville-Management-System\app\routers\reminders.py", line 48, in trigger_reminders
    results = await send_reminders(
  File "C:\Users\MKPOUTO IDIBEKE\Documents\GitHub\Jummikville-Management-System\app\services\reminder_service.py", line 153, in send_reminders
    db.commit()
  File "C:\Users\MKPOUTO IDIBEKE\Documents\GitHub\Jummikville-Management-System\venv\Lib\site-packages\sqlalchemy\orm\session.py", line 2035, in commit
    trans.commit(_to_root=True)
  File "<string>", line 2, in commit
  File "C:\Users\MKPOUTO IDIBEKE\Documents\GitHub\Jummikville-Management-System\venv\Lib\site-packages\sqlalchemy\orm\state_changes.py", line 137, in _go
    ret_value = fn(self, *arg, **kw)
  File "C:\Users\MKPOUTO IDIBEKE\Documents\GitHub\Jummikville-Management-System\venv\Lib\site-packages\sqlalchemy\orm\session.py", line 1316, in commit
    self._prepare_impl()
  File "<string>", line 2, in _prepare_impl
  File "C:\Users\MKPOUTO IDIBEKE\Documents\GitHub\Jummikville-Management-System\venv\Lib\site-packages\sqlalchemy\orm\state_changes.py", line 137, in _go
    ret_value = fn(self, *arg, **kw)
  File "C:\Users\MKPOUTO IDIBEKE\Documents\GitHub\Jummikville-Management-System\venv\Lib\site-packages\sqlalchemy\orm\session.py", line 1290, in _prepare_impl
    self.session.flush()
  File "C:\Users\MKPOUTO IDIBEKE\Documents\GitHub\Jummikville-Management-System\venv\Lib\site-packages\sqlalchemy\orm\session.py", line 4353, in flush
    self._flush(objects)
  File "C:\Users\MKPOUTO IDIBEKE\Documents\GitHub\Jummikville-Management-System\venv\Lib\site-packages\sqlalchemy\orm\session.py", line 4449, in _flush
    flush_context.execute()
  File "C:\Users\MKPOUTO IDIBEKE\Documents\GitHub\Jummikville-Management-System\venv\Lib\site-packages\sqlalchemy\orm\unitofwork.py", line 465, in execute
    rec.execute(self)
  File "C:\Users\MKPOUTO IDIBEKE\Documents\GitHub\Jummikville-Management-System\venv\Lib\site-packages\sqlalchemy\orm\unitofwork.py", line 641, in execute
    util.preloaded.orm_persistence.save_obj(
  File "C:\Users\MKPOUTO IDIBEKE\Documents\GitHub\Jummikville-Management-System\venv\Lib\site-packages\sqlalchemy\orm\persistence.py", line 94, in save_obj
    _emit_insert_statements(
  File "C:\Users\MKPOUTO IDIBEKE\Documents\GitHub\Jummikville-Management-System\venv\Lib\site-packages\sqlalchemy\orm\persistence.py", line 1144, in _emit_insert_statements
    result = connection.execute(
  File "C:\Users\MKPOUTO IDIBEKE\Documents\GitHub\Jummikville-Management-System\venv\Lib\site-packages\sqlalchemy\engine\base.py", line 1421, in execute
    return meth(
  File "C:\Users\MKPOUTO IDIBEKE\Documents\GitHub\Jummikville-Management-System\venv\Lib\site-packages\sqlalchemy\sql\elements.py", line 526, in _execute_on_connection
    return connection._execute_clauseelement(
  File "C:\Users\MKPOUTO IDIBEKE\Documents\GitHub\Jummikville-Management-System\venv\Lib\site-packages\sqlalchemy\engine\base.py", line 1643, in _execute_clauseelement
    ret = self._execute_context(
  File "C:\Users\MKPOUTO IDIBEKE\Documents\GitHub\Jummikville-Management-System\venv\Lib\site-packages\sqlalchemy\engine\base.py", line 1846, in _execute_context
    return self._exec_insertmany_context(dialect, context)
  File "C:\Users\MKPOUTO IDIBEKE\Documents\GitHub\Jummikville-Management-System\venv\Lib\site-packages\sqlalchemy\engine\base.py", line 2101, in _exec_insertmany_context
    self._log_info(
  File "C:\Users\MKPOUTO IDIBEKE\Documents\GitHub\Jummikville-Management-System\venv\Lib\site-packages\sqlalchemy\engine\base.py", line 188, in _log_info
    self.engine.logger.info(message, *arg, **kw)
  File "C:\Users\MKPOUTO IDIBEKE\Documents\GitHub\Jummikville-Management-System\venv\Lib\site-packages\sqlalchemy\log.py", line 159, in info
    self.log(logging.INFO, msg, *args, **kwargs)
  File "C:\Users\MKPOUTO IDIBEKE\Documents\GitHub\Jummikville-Management-System\venv\Lib\site-packages\sqlalchemy\log.py", line 210, in log
    self.logger._log(level, msg, args, **kwargs)
Message: '[%s] %r'
Arguments: ('insertmanyvalues 3/4 (ordered; batch not supported)', (1, 4, 'reminder_sent', 'Reminder sent to mrs john about kuyik — balance \u20a6100,000.00', '2026-08-01 16:31:19.040699'))
2026-08-01 17:31:19 | INFO     | sqlalchemy.engine.Engine | [insertmanyvalues 3/4 (ordered; batch not supported)] (1, 4, 'reminder_sent', 'Reminder sent to mrs john about kuyik — balance \u20a6100,000.00', '2026-08-01 16:31:19.040699')
2026-08-01 17:31:19,571 INFO sqlalchemy.engine.Engine INSERT INTO activity_logs (school_id, student_id, action, description, created_at) VALUES (?, ?, ?, ?, ?) RETURNING id
2026-08-01 17:31:19 | INFO     | sqlalchemy.engine.Engine | INSERT INTO activity_logs (school_id, student_id, action, description, created_at) VALUES (?, ?, ?, ?, ?) RETURNING id
--- Logging error ---
Traceback (most recent call last):
  File "C:\Users\MKPOUTO IDIBEKE\AppData\Local\Python\pythoncore-3.14-64\Lib\logging\__init__.py", line 1154, in emit
    stream.write(msg + self.terminator)
    ~~~~~~~~~~~~^^^^^^^^^^^^^^^^^^^^^^^
  File "C:\Users\MKPOUTO IDIBEKE\AppData\Local\Python\pythoncore-3.14-64\Lib\encodings\cp1252.py", line 19, in encode
    return codecs.charmap_encode(input,self.errors,encoding_table)[0]
           ~~~~~~~~~~~~~~~~~~~~~^^^^^^^^^^^^^^^^^^^^^^^^^^^^^^^^^^
UnicodeEncodeError: 'charmap' codec can't encode character '\u20a6' in position 182: character maps to <undefined>
Call stack:
  File "<frozen runpy>", line 203, in _run_module_as_main
  File "<frozen runpy>", line 88, in _run_code
  File "C:\Users\MKPOUTO IDIBEKE\Documents\GitHub\Jummikville-Management-System\venv\Lib\site-packages\uvicorn\__main__.py", line 4, in <module>
    uvicorn.main()
  File "C:\Users\MKPOUTO IDIBEKE\Documents\GitHub\Jummikville-Management-System\venv\Lib\site-packages\click\core.py", line 1569, in __call__
    return self.main(*args, **kwargs)
  File "C:\Users\MKPOUTO IDIBEKE\Documents\GitHub\Jummikville-Management-System\venv\Lib\site-packages\click\core.py", line 1490, in main
    rv = self.invoke(ctx)
  File "C:\Users\MKPOUTO IDIBEKE\Documents\GitHub\Jummikville-Management-System\venv\Lib\site-packages\click\core.py", line 1353, in invoke
    return ctx.invoke(self.callback, **ctx.params)
  File "C:\Users\MKPOUTO IDIBEKE\Documents\GitHub\Jummikville-Management-System\venv\Lib\site-packages\click\core.py", line 907, in invoke
    return callback(*args, **kwargs)
  File "C:\Users\MKPOUTO IDIBEKE\Documents\GitHub\Jummikville-Management-System\venv\Lib\site-packages\uvicorn\main.py", line 440, in main
    run(
  File "C:\Users\MKPOUTO IDIBEKE\Documents\GitHub\Jummikville-Management-System\venv\Lib\site-packages\uvicorn\main.py", line 621, in run
    server.run()
  File "C:\Users\MKPOUTO IDIBEKE\Documents\GitHub\Jummikville-Management-System\venv\Lib\site-packages\uvicorn\server.py", line 77, in run
    return asyncio_run(self.serve(sockets=sockets), loop_factory=self.config.get_loop_factory())
  File "C:\Users\MKPOUTO IDIBEKE\AppData\Local\Python\pythoncore-3.14-64\Lib\asyncio\runners.py", line 205, in run
    return runner.run(main)
  File "C:\Users\MKPOUTO IDIBEKE\AppData\Local\Python\pythoncore-3.14-64\Lib\asyncio\runners.py", line 128, in run
    return self._loop.run_until_complete(task)
  File "C:\Users\MKPOUTO IDIBEKE\AppData\Local\Python\pythoncore-3.14-64\Lib\asyncio\base_events.py", line 706, in run_until_complete
    self.run_forever()
  File "C:\Users\MKPOUTO IDIBEKE\AppData\Local\Python\pythoncore-3.14-64\Lib\asyncio\base_events.py", line 677, in run_forever
    self._run_once()
  File "C:\Users\MKPOUTO IDIBEKE\AppData\Local\Python\pythoncore-3.14-64\Lib\asyncio\base_events.py", line 2056, in _run_once
    handle._run()
  File "C:\Users\MKPOUTO IDIBEKE\AppData\Local\Python\pythoncore-3.14-64\Lib\asyncio\events.py", line 94, in _run
    self._context.run(self._callback, *self._args)
  File "C:\Users\MKPOUTO IDIBEKE\Documents\GitHub\Jummikville-Management-System\venv\Lib\site-packages\uvicorn\protocols\http\httptools_impl.py", line 422, in run_asgi
    result = await app(  # type: ignore[func-returns-value]
  File "C:\Users\MKPOUTO IDIBEKE\Documents\GitHub\Jummikville-Management-System\venv\Lib\site-packages\uvicorn\middleware\proxy_headers.py", line 63, in __call__
    return await self.app(scope, receive, send)
  File "C:\Users\MKPOUTO IDIBEKE\Documents\GitHub\Jummikville-Management-System\venv\Lib\site-packages\fastapi\applications.py", line 1163, in __call__
    await super().__call__(scope, receive, send)
  File "C:\Users\MKPOUTO IDIBEKE\Documents\GitHub\Jummikville-Management-System\venv\Lib\site-packages\starlette\applications.py", line 90, in __call__
    await self.middleware_stack(scope, receive, send)
  File "C:\Users\MKPOUTO IDIBEKE\Documents\GitHub\Jummikville-Management-System\venv\Lib\site-packages\starlette\middleware\errors.py", line 164, in __call__
    await self.app(scope, receive, _send)
  File "C:\Users\MKPOUTO IDIBEKE\Documents\GitHub\Jummikville-Management-System\venv\Lib\site-packages\starlette\middleware\cors.py", line 96, in __call__
    await self.simple_response(scope, receive, send, request_headers=headers)
  File "C:\Users\MKPOUTO IDIBEKE\Documents\GitHub\Jummikville-Management-System\venv\Lib\site-packages\starlette\middleware\cors.py", line 154, in simple_response
    await self.app(scope, receive, send)
  File "C:\Users\MKPOUTO IDIBEKE\Documents\GitHub\Jummikville-Management-System\venv\Lib\site-packages\starlette\middleware\exceptions.py", line 63, in __call__
    await wrap_app_handling_exceptions(self.app, conn)(scope, receive, send)
  File "C:\Users\MKPOUTO IDIBEKE\Documents\GitHub\Jummikville-Management-System\venv\Lib\site-packages\starlette\_exception_handler.py", line 42, in wrapped_app
    await app(scope, receive, sender)
  File "C:\Users\MKPOUTO IDIBEKE\Documents\GitHub\Jummikville-Management-System\venv\Lib\site-packages\fastapi\middleware\asyncexitstack.py", line 18, in __call__
    await self.app(scope, receive, send)
  File "C:\Users\MKPOUTO IDIBEKE\Documents\GitHub\Jummikville-Management-System\venv\Lib\site-packages\starlette\routing.py", line 660, in __call__
    await self.middleware_stack(scope, receive, send)
  File "C:\Users\MKPOUTO IDIBEKE\Documents\GitHub\Jummikville-Management-System\venv\Lib\site-packages\fastapi\routing.py", line 2734, in app
    await route.handle(scope, receive, send)
  File "C:\Users\MKPOUTO IDIBEKE\Documents\GitHub\Jummikville-Management-System\venv\Lib\site-packages\fastapi\routing.py", line 1780, in handle
    await self.original_router.handle(scope, receive, send)
  File "C:\Users\MKPOUTO IDIBEKE\Documents\GitHub\Jummikville-Management-System\venv\Lib\site-packages\fastapi\routing.py", line 2789, in handle
    await included_router._handle_selected(scope, receive, send)
  File "C:\Users\MKPOUTO IDIBEKE\Documents\GitHub\Jummikville-Management-System\venv\Lib\site-packages\fastapi\routing.py", line 1800, in _handle_selected
    await original_route.handle(scope, receive, send)
  File "C:\Users\MKPOUTO IDIBEKE\Documents\GitHub\Jummikville-Management-System\venv\Lib\site-packages\fastapi\routing.py", line 1279, in handle
    await app(scope, receive, send)
  File "C:\Users\MKPOUTO IDIBEKE\Documents\GitHub\Jummikville-Management-System\venv\Lib\site-packages\fastapi\routing.py", line 158, in app
    await wrap_app_handling_exceptions(app, request)(scope, receive, send)
  File "C:\Users\MKPOUTO IDIBEKE\Documents\GitHub\Jummikville-Management-System\venv\Lib\site-packages\starlette\_exception_handler.py", line 42, in wrapped_app
    await app(scope, receive, sender)
  File "C:\Users\MKPOUTO IDIBEKE\Documents\GitHub\Jummikville-Management-System\venv\Lib\site-packages\fastapi\routing.py", line 144, in app
    response = await f(request)
  File "C:\Users\MKPOUTO IDIBEKE\Documents\GitHub\Jummikville-Management-System\venv\Lib\site-packages\fastapi\routing.py", line 706, in app
    raw_response = await run_endpoint_function(
  File "C:\Users\MKPOUTO IDIBEKE\Documents\GitHub\Jummikville-Management-System\venv\Lib\site-packages\fastapi\routing.py", line 352, in run_endpoint_function
    return await dependant.call(**values)
  File "C:\Users\MKPOUTO IDIBEKE\Documents\GitHub\Jummikville-Management-System\app\routers\reminders.py", line 48, in trigger_reminders
    results = await send_reminders(
  File "C:\Users\MKPOUTO IDIBEKE\Documents\GitHub\Jummikville-Management-System\app\services\reminder_service.py", line 153, in send_reminders
    db.commit()
  File "C:\Users\MKPOUTO IDIBEKE\Documents\GitHub\Jummikville-Management-System\venv\Lib\site-packages\sqlalchemy\orm\session.py", line 2035, in commit
    trans.commit(_to_root=True)
  File "<string>", line 2, in commit
  File "C:\Users\MKPOUTO IDIBEKE\Documents\GitHub\Jummikville-Management-System\venv\Lib\site-packages\sqlalchemy\orm\state_changes.py", line 137, in _go
    ret_value = fn(self, *arg, **kw)
  File "C:\Users\MKPOUTO IDIBEKE\Documents\GitHub\Jummikville-Management-System\venv\Lib\site-packages\sqlalchemy\orm\session.py", line 1316, in commit
    self._prepare_impl()
  File "<string>", line 2, in _prepare_impl
  File "C:\Users\MKPOUTO IDIBEKE\Documents\GitHub\Jummikville-Management-System\venv\Lib\site-packages\sqlalchemy\orm\state_changes.py", line 137, in _go
    ret_value = fn(self, *arg, **kw)
  File "C:\Users\MKPOUTO IDIBEKE\Documents\GitHub\Jummikville-Management-System\venv\Lib\site-packages\sqlalchemy\orm\session.py", line 1290, in _prepare_impl
    self.session.flush()
  File "C:\Users\MKPOUTO IDIBEKE\Documents\GitHub\Jummikville-Management-System\venv\Lib\site-packages\sqlalchemy\orm\session.py", line 4353, in flush
    self._flush(objects)
  File "C:\Users\MKPOUTO IDIBEKE\Documents\GitHub\Jummikville-Management-System\venv\Lib\site-packages\sqlalchemy\orm\session.py", line 4449, in _flush
    flush_context.execute()
  File "C:\Users\MKPOUTO IDIBEKE\Documents\GitHub\Jummikville-Management-System\venv\Lib\site-packages\sqlalchemy\orm\unitofwork.py", line 465, in execute
    rec.execute(self)
  File "C:\Users\MKPOUTO IDIBEKE\Documents\GitHub\Jummikville-Management-System\venv\Lib\site-packages\sqlalchemy\orm\unitofwork.py", line 641, in execute
    util.preloaded.orm_persistence.save_obj(
  File "C:\Users\MKPOUTO IDIBEKE\Documents\GitHub\Jummikville-Management-System\venv\Lib\site-packages\sqlalchemy\orm\persistence.py", line 94, in save_obj
    _emit_insert_statements(
  File "C:\Users\MKPOUTO IDIBEKE\Documents\GitHub\Jummikville-Management-System\venv\Lib\site-packages\sqlalchemy\orm\persistence.py", line 1144, in _emit_insert_statements
    result = connection.execute(
  File "C:\Users\MKPOUTO IDIBEKE\Documents\GitHub\Jummikville-Management-System\venv\Lib\site-packages\sqlalchemy\engine\base.py", line 1421, in execute
    return meth(
  File "C:\Users\MKPOUTO IDIBEKE\Documents\GitHub\Jummikville-Management-System\venv\Lib\site-packages\sqlalchemy\sql\elements.py", line 526, in _execute_on_connection
    return connection._execute_clauseelement(
  File "C:\Users\MKPOUTO IDIBEKE\Documents\GitHub\Jummikville-Management-System\venv\Lib\site-packages\sqlalchemy\engine\base.py", line 1643, in _execute_clauseelement
    ret = self._execute_context(
  File "C:\Users\MKPOUTO IDIBEKE\Documents\GitHub\Jummikville-Management-System\venv\Lib\site-packages\sqlalchemy\engine\base.py", line 1846, in _execute_context
    return self._exec_insertmany_context(dialect, context)
  File "C:\Users\MKPOUTO IDIBEKE\Documents\GitHub\Jummikville-Management-System\venv\Lib\site-packages\sqlalchemy\engine\base.py", line 2101, in _exec_insertmany_context
    self._log_info(
  File "C:\Users\MKPOUTO IDIBEKE\Documents\GitHub\Jummikville-Management-System\venv\Lib\site-packages\sqlalchemy\engine\base.py", line 188, in _log_info
    self.engine.logger.info(message, *arg, **kw)
  File "C:\Users\MKPOUTO IDIBEKE\Documents\GitHub\Jummikville-Management-System\venv\Lib\site-packages\sqlalchemy\log.py", line 159, in info
    self.log(logging.INFO, msg, *args, **kwargs)
  File "C:\Users\MKPOUTO IDIBEKE\Documents\GitHub\Jummikville-Management-System\venv\Lib\site-packages\sqlalchemy\log.py", line 210, in log
    self.logger._log(level, msg, args, **kwargs)
Message: '[%s] %r'
Arguments: ('insertmanyvalues 4/4 (ordered; batch not supported)', (1, 5, 'reminder_sent', 'Reminder sent to Mr John about Mkpouko — balance \u20a6200,000.00', '2026-08-01 16:31:19.040701'))
2026-08-01 17:31:19 | INFO     | sqlalchemy.engine.Engine | [insertmanyvalues 4/4 (ordered; batch not supported)] (1, 5, 'reminder_sent', 'Reminder sent to Mr John about Mkpouko — balance \u20a6200,000.00', '2026-08-01 16:31:19.040701')
2026-08-01 17:31:19,648 INFO sqlalchemy.engine.Engine COMMIT
2026-08-01 17:31:19 | INFO     | sqlalchemy.engine.Engine | COMMIT
2026-08-01 17:31:19,699 INFO sqlalchemy.engine.Engine BEGIN (implicit)
2026-08-01 17:31:19 | INFO     | sqlalchemy.engine.Engine | BEGIN (implicit)
2026-08-01 17:31:19,701 INFO sqlalchemy.engine.Engine SELECT schools.id AS schools_id, schools.name AS schools_name, schools.slug AS schools_slug, schools.phone AS schools_phone, schools.email AS schools_email, schools.address AS schools_address, schools.is_active AS schools_is_active, schools.created_at AS schools_created_at 
FROM schools 
WHERE schools.id = ?
2026-08-01 17:31:19 | INFO     | sqlalchemy.engine.Engine | SELECT schools.id AS schools_id, schools.name AS schools_name, schools.slug AS schools_slug, schools.phone AS schools_phone, schools.email AS schools_email, schools.address AS schools_address, schools.is_active AS schools_is_active, schools.created_at AS schools_created_at 
FROM schools 
WHERE schools.id = ?
2026-08-01 17:31:19,702 INFO sqlalchemy.engine.Engine [generated in 0.00132s] (1,)
2026-08-01 17:31:19 | INFO     | sqlalchemy.engine.Engine | [generated in 0.00132s] (1,)
INFO:     127.0.0.1:57270 - "POST /api/v1/reminders/send?school_id=1&include_payment_link=false HTTP/1.1" 200 OK
2026-08-01 17:31:19,713 INFO sqlalchemy.engine.Engine ROLLBACK
2026-08-01 17:31:19 | INFO     | sqlalchemy.engine.Engine | ROLLBACK
2026-08-01 17:31:19,760 INFO sqlalchemy.engine.Engine BEGIN (implicit)
2026-08-01 17:31:19 | INFO     | sqlalchemy.engine.Engine | BEGIN (implicit)
2026-08-01 17:31:19,760 INFO sqlalchemy.engine.Engine SELECT users.id AS users_id, users.school_id AS users_school_id, users.email AS users_email, users.hashed_password AS users_hashed_password, users.role AS users_role, users.is_active AS users_is_active, users.created_at AS users_created_at, users.last_login AS users_last_login 
FROM users 
WHERE users.id = ?
 LIMIT ? OFFSET ?
2026-08-01 17:31:19 | INFO     | sqlalchemy.engine.Engine | SELECT users.id AS users_id, users.school_id AS users_school_id, users.email AS users_email, users.hashed_password AS users_hashed_password, users.role AS users_role, users.is_active AS users_is_active, users.created_at AS users_created_at, users.last_login AS users_last_login 
FROM users 
WHERE users.id = ?
 LIMIT ? OFFSET ?
2026-08-01 17:31:19,761 INFO sqlalchemy.engine.Engine [cached since 1021s ago] (1, 1, 0)
2026-08-01 17:31:19 | INFO     | sqlalchemy.engine.Engine | [cached since 1021s ago] (1, 1, 0)
2026-08-01 17:31:19,764 INFO sqlalchemy.engine.Engine SELECT schools.id AS schools_id, schools.name AS schools_name, schools.slug AS schools_slug, schools.phone AS schools_phone, schools.email AS schools_email, schools.address AS schools_address, schools.is_active AS schools_is_active, schools.created_at AS schools_created_at 
FROM schools 
WHERE schools.id = ?
 LIMIT ? OFFSET ?
2026-08-01 17:31:19 | INFO     | sqlalchemy.engine.Engine | SELECT schools.id AS schools_id, schools.name AS schools_name, schools.slug AS schools_slug, schools.phone AS schools_phone, schools.email AS schools_email, schools.address AS schools_address, schools.is_active AS schools_is_active, schools.created_at AS schools_created_at 
FROM schools 
WHERE schools.id = ?
 LIMIT ? OFFSET ?
2026-08-01 17:31:19,765 INFO sqlalchemy.engine.Engine [cached since 958.2s ago] (1, 1, 0)
2026-08-01 17:31:19 | INFO     | sqlalchemy.engine.Engine | [cached since 958.2s ago] (1, 1, 0)
2026-08-01 17:31:19,873 INFO sqlalchemy.engine.Engine SELECT students.id AS students_id, students.school_id AS students_school_id, students.student_name AS students_student_name, students.section AS students_section, students.class_name AS students_class_name, students.parent_name AS students_parent_name, students.parent_phone AS students_parent_phone, students.parent_email AS students_parent_email, students.is_active AS students_is_active, students.created_at AS students_created_at, fee_types_1.id AS fee_types_1_id, fee_types_1.school_id AS fee_types_1_school_id, fee_types_1.category_id AS fee_types_1_category_id, fee_types_1.section AS fee_types_1_section, fee_types_1.term AS fee_types_1_term, fee_types_1.amount_kobo AS fee_types_1_amount_kobo, fee_types_1.created_at AS fee_types_1_created_at, fee_records_1.id AS fee_records_1_id, fee_records_1.student_id AS fee_records_1_student_id, fee_records_1.fee_type_id AS fee_records_1_fee_type_id, fee_records_1.total_fees_kobo AS fee_records_1_total_fees_kobo, fee_records_1.amount_paid_kobo AS fee_records_1_amount_paid_kobo, fee_records_1.status AS fee_records_1_status, fee_records_1.created_at AS fee_records_1_created_at, fee_records_1.updated_at AS fee_records_1_updated_at 
FROM students LEFT OUTER JOIN fee_records AS fee_records_1 ON students.id = fee_records_1.student_id LEFT OUTER JOIN fee_types AS fee_types_1 ON fee_types_1.id = fee_records_1.fee_type_id 
WHERE students.school_id = ? AND students.is_active = 1 AND students.section = ?
2026-08-01 17:31:19 | INFO     | sqlalchemy.engine.Engine | SELECT students.id AS students_id, students.school_id AS students_school_id, students.student_name AS students_student_name, students.section AS students_section, students.class_name AS students_class_name, students.parent_name AS students_parent_name, students.parent_phone AS students_parent_phone, students.parent_email AS students_parent_email, students.is_active AS students_is_active, students.created_at AS students_created_at, fee_types_1.id AS fee_types_1_id, fee_types_1.school_id AS fee_types_1_school_id, fee_types_1.category_id AS fee_types_1_category_id, fee_types_1.section AS fee_types_1_section, fee_types_1.term AS fee_types_1_term, fee_types_1.amount_kobo AS fee_types_1_amount_kobo, fee_types_1.created_at AS fee_types_1_created_at, fee_records_1.id AS fee_records_1_id, fee_records_1.student_id AS fee_records_1_student_id, fee_records_1.fee_type_id AS fee_records_1_fee_type_id, fee_records_1.total_fees_kobo AS fee_records_1_total_fees_kobo, fee_records_1.amount_paid_kobo AS fee_records_1_amount_paid_kobo, fee_records_1.status AS fee_records_1_status, fee_records_1.created_at AS fee_records_1_created_at, fee_records_1.updated_at AS fee_records_1_updated_at 
FROM students LEFT OUTER JOIN fee_records AS fee_records_1 ON students.id = fee_records_1.student_id LEFT OUTER JOIN fee_types AS fee_types_1 ON fee_types_1.id = fee_records_1.fee_type_id 
WHERE students.school_id = ? AND students.is_active = 1 AND students.section = ?
2026-08-01 17:31:19,873 INFO sqlalchemy.engine.Engine [cached since 902.2s ago] (1, 'Secondary')
2026-08-01 17:31:19 | INFO     | sqlalchemy.engine.Engine | [cached since 902.2s ago] (1, 'Secondary')
2026-08-01 17:31:19,887 INFO sqlalchemy.engine.Engine SELECT students.id AS students_id, students.school_id AS students_school_id, students.student_name AS students_student_name, students.section AS students_section, students.class_name AS students_class_name, students.parent_name AS students_parent_name, students.parent_phone AS students_parent_phone, students.parent_email AS students_parent_email, students.is_active AS students_is_active, students.created_at AS students_created_at, fee_records_1.id AS fee_records_1_id, fee_records_1.student_id AS fee_records_1_student_id, fee_records_1.fee_type_id AS fee_records_1_fee_type_id, fee_records_1.total_fees_kobo AS fee_records_1_total_fees_kobo, fee_records_1.amount_paid_kobo AS fee_records_1_amount_paid_kobo, fee_records_1.status AS fee_records_1_status, fee_records_1.created_at AS fee_records_1_created_at, fee_records_1.updated_at AS fee_records_1_updated_at 
FROM students LEFT OUTER JOIN fee_records AS fee_records_1 ON students.id = fee_records_1.student_id 
WHERE students.school_id = ? AND students.is_active = 1
2026-08-01 17:31:19 | INFO     | sqlalchemy.engine.Engine | SELECT students.id AS students_id, students.school_id AS students_school_id, students.student_name AS students_student_name, students.section AS students_section, students.class_name AS students_class_name, students.parent_name AS students_parent_name, students.parent_phone AS students_parent_phone, students.parent_email AS students_parent_email, students.is_active AS students_is_active, students.created_at AS students_created_at, fee_records_1.id AS fee_records_1_id, fee_records_1.student_id AS fee_records_1_student_id, fee_records_1.fee_type_id AS fee_records_1_fee_type_id, fee_records_1.total_fees_kobo AS fee_records_1_total_fees_kobo, fee_records_1.amount_paid_kobo AS fee_records_1_amount_paid_kobo, fee_records_1.status AS fee_records_1_status, fee_records_1.created_at AS fee_records_1_created_at, fee_records_1.updated_at AS fee_records_1_updated_at 
FROM students LEFT OUTER JOIN fee_records AS fee_records_1 ON students.id = fee_records_1.student_id 
WHERE students.school_id = ? AND students.is_active = 1
2026-08-01 17:31:19,887 INFO sqlalchemy.engine.Engine [cached since 958.2s ago] (1,)
2026-08-01 17:31:19 | INFO     | sqlalchemy.engine.Engine | [cached since 958.2s ago] (1,)
2026-08-01 17:31:19,892 INFO sqlalchemy.engine.Engine SELECT fee_categories.id AS fee_categories_id, fee_categories.school_id AS fee_categories_school_id, fee_categories.name AS fee_categories_name, fee_categories.created_at AS fee_categories_created_at 
FROM fee_categories 
WHERE fee_categories.school_id = ? ORDER BY fee_categories.name
2026-08-01 17:31:19 | INFO     | sqlalchemy.engine.Engine | SELECT fee_categories.id AS fee_categories_id, fee_categories.school_id AS fee_categories_school_id, fee_categories.name AS fee_categories_name, fee_categories.created_at AS fee_categories_created_at 
FROM fee_categories 
WHERE fee_categories.school_id = ? ORDER BY fee_categories.name
2026-08-01 17:31:19,892 INFO sqlalchemy.engine.Engine [cached since 1021s ago] (1,)
2026-08-01 17:31:19 | INFO     | sqlalchemy.engine.Engine | [cached since 1021s ago] (1,)
2026-08-01 17:31:19,897 INFO sqlalchemy.engine.Engine SELECT fee_types.id AS fee_types_id, fee_types.school_id AS fee_types_school_id, fee_types.category_id AS fee_types_category_id, fee_types.section AS fee_types_section, fee_types.term AS fee_types_term, fee_types.amount_kobo AS fee_types_amount_kobo, fee_types.created_at AS fee_types_created_at 
FROM fee_types 
WHERE fee_types.category_id = ?
2026-08-01 17:31:19 | INFO     | sqlalchemy.engine.Engine | SELECT fee_types.id AS fee_types_id, fee_types.school_id AS fee_types_school_id, fee_types.category_id AS fee_types_category_id, fee_types.section AS fee_types_section, fee_types.term AS fee_types_term, fee_types.amount_kobo AS fee_types_amount_kobo, fee_types.created_at AS fee_types_created_at 
FROM fee_types 
WHERE fee_types.category_id = ?
2026-08-01 17:31:19,898 INFO sqlalchemy.engine.Engine [cached since 958.2s ago] (8,)
2026-08-01 17:31:19 | INFO     | sqlalchemy.engine.Engine | [cached since 958.2s ago] (8,)
2026-08-01 17:31:19,902 INFO sqlalchemy.engine.Engine SELECT fee_types.id AS fee_types_id, fee_types.school_id AS fee_types_school_id, fee_types.category_id AS fee_types_category_id, fee_types.section AS fee_types_section, fee_types.term AS fee_types_term, fee_types.amount_kobo AS fee_types_amount_kobo, fee_types.created_at AS fee_types_created_at 
FROM fee_types 
WHERE fee_types.category_id = ?
2026-08-01 17:31:19 | INFO     | sqlalchemy.engine.Engine | SELECT fee_types.id AS fee_types_id, fee_types.school_id AS fee_types_school_id, fee_types.category_id AS fee_types_category_id, fee_types.section AS fee_types_section, fee_types.term AS fee_types_term, fee_types.amount_kobo AS fee_types_amount_kobo, fee_types.created_at AS fee_types_created_at 
FROM fee_types 
WHERE fee_types.category_id = ?
2026-08-01 17:31:19,916 INFO sqlalchemy.engine.Engine [cached since 958.2s ago] (3,)
2026-08-01 17:31:19 | INFO     | sqlalchemy.engine.Engine | [cached since 958.2s ago] (3,)
2026-08-01 17:31:19,917 INFO sqlalchemy.engine.Engine BEGIN (implicit)
2026-08-01 17:31:19 | INFO     | sqlalchemy.engine.Engine | BEGIN (implicit)
2026-08-01 17:31:19,918 INFO sqlalchemy.engine.Engine SELECT users.id AS users_id, users.school_id AS users_school_id, users.email AS users_email, users.hashed_password AS users_hashed_password, users.role AS users_role, users.is_active AS users_is_active, users.created_at AS users_created_at, users.last_login AS users_last_login 
FROM users 
WHERE users.id = ?
 LIMIT ? OFFSET ?
2026-08-01 17:31:19 | INFO     | sqlalchemy.engine.Engine | SELECT users.id AS users_id, users.school_id AS users_school_id, users.email AS users_email, users.hashed_password AS users_hashed_password, users.role AS users_role, users.is_active AS users_is_active, users.created_at AS users_created_at, users.last_login AS users_last_login 
FROM users 
WHERE users.id = ?
 LIMIT ? OFFSET ?
2026-08-01 17:31:19,918 INFO sqlalchemy.engine.Engine [cached since 1021s ago] (1, 1, 0)
2026-08-01 17:31:19 | INFO     | sqlalchemy.engine.Engine | [cached since 1021s ago] (1, 1, 0)
2026-08-01 17:31:19,925 INFO sqlalchemy.engine.Engine SELECT activity_logs.id AS activity_logs_id, activity_logs.school_id AS activity_logs_school_id, activity_logs.student_id AS activity_logs_student_id, activity_logs.action AS activity_logs_action, activity_logs.description AS activity_logs_description, activity_logs.created_at AS activity_logs_created_at 
FROM activity_logs 
WHERE activity_logs.school_id = ? ORDER BY activity_logs.created_at DESC
 LIMIT ? OFFSET ?
2026-08-01 17:31:19 | INFO     | sqlalchemy.engine.Engine | SELECT activity_logs.id AS activity_logs_id, activity_logs.school_id AS activity_logs_school_id, activity_logs.student_id AS activity_logs_student_id, activity_logs.action AS activity_logs_action, activity_logs.description AS activity_logs_description, activity_logs.created_at AS activity_logs_created_at 
FROM activity_logs 
WHERE activity_logs.school_id = ? ORDER BY activity_logs.created_at DESC
 LIMIT ? OFFSET ?
2026-08-01 17:31:19,941 INFO sqlalchemy.engine.Engine [cached since 958.2s ago] (1, 6, 0)
2026-08-01 17:31:19 | INFO     | sqlalchemy.engine.Engine | [cached since 958.2s ago] (1, 6, 0)
2026-08-01 17:31:19,946 INFO sqlalchemy.engine.Engine SELECT fee_types.id AS fee_types_id, fee_types.school_id AS fee_types_school_id, fee_types.category_id AS fee_types_category_id, fee_types.section AS fee_types_section, fee_types.term AS fee_types_term, fee_types.amount_kobo AS fee_types_amount_kobo, fee_types.created_at AS fee_types_created_at 
FROM fee_types 
WHERE fee_types.category_id = ?
2026-08-01 17:31:19 | INFO     | sqlalchemy.engine.Engine | SELECT fee_types.id AS fee_types_id, fee_types.school_id AS fee_types_school_id, fee_types.category_id AS fee_types_category_id, fee_types.section AS fee_types_section, fee_types.term AS fee_types_term, fee_types.amount_kobo AS fee_types_amount_kobo, fee_types.created_at AS fee_types_created_at 
FROM fee_types 
WHERE fee_types.category_id = ?
2026-08-01 17:31:19,950 INFO sqlalchemy.engine.Engine [cached since 958.2s ago] (6,)
2026-08-01 17:31:19 | INFO     | sqlalchemy.engine.Engine | [cached since 958.2s ago] (6,)
INFO:     127.0.0.1:57271 - "GET /api/v1/activity/?school_id=1&limit=6 HTTP/1.1" 200 OK
2026-08-01 17:31:19,953 INFO sqlalchemy.engine.Engine ROLLBACK
2026-08-01 17:31:19 | INFO     | sqlalchemy.engine.Engine | ROLLBACK
2026-08-01 17:31:19,954 INFO sqlalchemy.engine.Engine SELECT fee_types.id AS fee_types_id, fee_types.school_id AS fee_types_school_id, fee_types.category_id AS fee_types_category_id, fee_types.section AS fee_types_section, fee_types.term AS fee_types_term, fee_types.amount_kobo AS fee_types_amount_kobo, fee_types.created_at AS fee_types_created_at 
FROM fee_types 
WHERE fee_types.category_id = ?
2026-08-01 17:31:19 | INFO     | sqlalchemy.engine.Engine | SELECT fee_types.id AS fee_types_id, fee_types.school_id AS fee_types_school_id, fee_types.category_id AS fee_types_category_id, fee_types.section AS fee_types_section, fee_types.term AS fee_types_term, fee_types.amount_kobo AS fee_types_amount_kobo, fee_types.created_at AS fee_types_created_at 
FROM fee_types 
WHERE fee_types.category_id = ?
2026-08-01 17:31:19,955 INFO sqlalchemy.engine.Engine [cached since 958.2s ago] (4,)
2026-08-01 17:31:19 | INFO     | sqlalchemy.engine.Engine | [cached since 958.2s ago] (4,)
2026-08-01 17:31:19,966 INFO sqlalchemy.engine.Engine SELECT fee_types.id AS fee_types_id, fee_types.school_id AS fee_types_school_id, fee_types.category_id AS fee_types_category_id, fee_types.section AS fee_types_section, fee_types.term AS fee_types_term, fee_types.amount_kobo AS fee_types_amount_kobo, fee_types.created_at AS fee_types_created_at 
FROM fee_types 
WHERE fee_types.category_id = ?
2026-08-01 17:31:19 | INFO     | sqlalchemy.engine.Engine | SELECT fee_types.id AS fee_types_id, fee_types.school_id AS fee_types_school_id, fee_types.category_id AS fee_types_category_id, fee_types.section AS fee_types_section, fee_types.term AS fee_types_term, fee_types.amount_kobo AS fee_types_amount_kobo, fee_types.created_at AS fee_types_created_at 
FROM fee_types 
WHERE fee_types.category_id = ?
2026-08-01 17:31:19,967 INFO sqlalchemy.engine.Engine [cached since 958.3s ago] (7,)
2026-08-01 17:31:19 | INFO     | sqlalchemy.engine.Engine | [cached since 958.3s ago] (7,)
2026-08-01 17:31:19,969 INFO sqlalchemy.engine.Engine SELECT fee_types.id AS fee_types_id, fee_types.school_id AS fee_types_school_id, fee_types.category_id AS fee_types_category_id, fee_types.section AS fee_types_section, fee_types.term AS fee_types_term, fee_types.amount_kobo AS fee_types_amount_kobo, fee_types.created_at AS fee_types_created_at 
FROM fee_types 
WHERE fee_types.category_id = ?
2026-08-01 17:31:19 | INFO     | sqlalchemy.engine.Engine | SELECT fee_types.id AS fee_types_id, fee_types.school_id AS fee_types_school_id, fee_types.category_id AS fee_types_category_id, fee_types.section AS fee_types_section, fee_types.term AS fee_types_term, fee_types.amount_kobo AS fee_types_amount_kobo, fee_types.created_at AS fee_types_created_at 
FROM fee_types 
WHERE fee_types.category_id = ?
2026-08-01 17:31:19,969 INFO sqlalchemy.engine.Engine [cached since 958.3s ago] (2,)
2026-08-01 17:31:19 | INFO     | sqlalchemy.engine.Engine | [cached since 958.3s ago] (2,)
2026-08-01 17:31:19,971 INFO sqlalchemy.engine.Engine SELECT fee_types.id AS fee_types_id, fee_types.school_id AS fee_types_school_id, fee_types.category_id AS fee_types_category_id, fee_types.section AS fee_types_section, fee_types.term AS fee_types_term, fee_types.amount_kobo AS fee_types_amount_kobo, fee_types.created_at AS fee_types_created_at 
FROM fee_types 
WHERE fee_types.category_id = ?
2026-08-01 17:31:19 | INFO     | sqlalchemy.engine.Engine | SELECT fee_types.id AS fee_types_id, fee_types.school_id AS fee_types_school_id, fee_types.category_id AS fee_types_category_id, fee_types.section AS fee_types_section, fee_types.term AS fee_types_term, fee_types.amount_kobo AS fee_types_amount_kobo, fee_types.created_at AS fee_types_created_at 
FROM fee_types 
WHERE fee_types.category_id = ?
2026-08-01 17:31:19,972 INFO sqlalchemy.engine.Engine [cached since 958.3s ago] (1,)
2026-08-01 17:31:19 | INFO     | sqlalchemy.engine.Engine | [cached since 958.3s ago] (1,)
2026-08-01 17:31:19,975 INFO sqlalchemy.engine.Engine SELECT fee_records.id AS fee_records_id, fee_records.student_id AS fee_records_student_id, fee_records.fee_type_id AS fee_records_fee_type_id, fee_records.total_fees_kobo AS fee_records_total_fees_kobo, fee_records.amount_paid_kobo AS fee_records_amount_paid_kobo, fee_records.status AS fee_records_status, fee_records.created_at AS fee_records_created_at, fee_records.updated_at AS fee_records_updated_at 
FROM fee_records 
WHERE fee_records.fee_type_id IN (?, ?)
2026-08-01 17:31:19 | INFO     | sqlalchemy.engine.Engine | SELECT fee_records.id AS fee_records_id, fee_records.student_id AS fee_records_student_id, fee_records.fee_type_id AS fee_records_fee_type_id, fee_records.total_fees_kobo AS fee_records_total_fees_kobo, fee_records.amount_paid_kobo AS fee_records_amount_paid_kobo, fee_records.status AS fee_records_status, fee_records.created_at AS fee_records_created_at, fee_records.updated_at AS fee_records_updated_at 
FROM fee_records 
WHERE fee_records.fee_type_id IN (?, ?)
2026-08-01 17:31:19,975 INFO sqlalchemy.engine.Engine [cached since 958.1s ago] (1, 3)
2026-08-01 17:31:19 | INFO     | sqlalchemy.engine.Engine | [cached since 958.1s ago] (1, 3)
2026-08-01 17:31:19,981 INFO sqlalchemy.engine.Engine SELECT fee_types.id AS fee_types_id, fee_types.school_id AS fee_types_school_id, fee_types.category_id AS fee_types_category_id, fee_types.section AS fee_types_section, fee_types.term AS fee_types_term, fee_types.amount_kobo AS fee_types_amount_kobo, fee_types.created_at AS fee_types_created_at 
FROM fee_types 
WHERE fee_types.category_id = ?
2026-08-01 17:31:19 | INFO     | sqlalchemy.engine.Engine | SELECT fee_types.id AS fee_types_id, fee_types.school_id AS fee_types_school_id, fee_types.category_id AS fee_types_category_id, fee_types.section AS fee_types_section, fee_types.term AS fee_types_term, fee_types.amount_kobo AS fee_types_amount_kobo, fee_types.created_at AS fee_types_created_at 
FROM fee_types 
WHERE fee_types.category_id = ?
2026-08-01 17:31:19,981 INFO sqlalchemy.engine.Engine [cached since 958.3s ago] (5,)
2026-08-01 17:31:19 | INFO     | sqlalchemy.engine.Engine | [cached since 958.3s ago] (5,)
INFO:     127.0.0.1:57270 - "GET /api/v1/dashboard/summary?school_id=1&section=Secondary HTTP/1.1" 200 OK
2026-08-01 17:31:19,988 INFO sqlalchemy.engine.Engine ROLLBACK
2026-08-01 17:31:19 | INFO     | sqlalchemy.engine.Engine | ROLLBACK
INFO:     127.0.0.1:57727 - "POST /api/v1/auth/logout HTTP/1.1" 200 OK
2026-08-01 17:36:41,726 INFO sqlalchemy.engine.Engine BEGIN (implicit)
2026-08-01 17:36:41 | INFO     | sqlalchemy.engine.Engine | BEGIN (implicit)
2026-08-01 17:36:41,737 INFO sqlalchemy.engine.Engine SELECT users.id AS users_id, users.school_id AS users_school_id, users.email AS users_email, users.hashed_password AS users_hashed_password, users.role AS users_role, users.is_active AS users_is_active, users.created_at AS users_created_at, users.last_login AS users_last_login 
FROM users 
WHERE users.email = ?
 LIMIT ? OFFSET ?
2026-08-01 17:36:41 | INFO     | sqlalchemy.engine.Engine | SELECT users.id AS users_id, users.school_id AS users_school_id, users.email AS users_email, users.hashed_password AS users_hashed_password, users.role AS users_role, users.is_active AS users_is_active, users.created_at AS users_created_at, users.last_login AS users_last_login 
FROM users 
WHERE users.email = ?
 LIMIT ? OFFSET ?
2026-08-01 17:36:41,739 INFO sqlalchemy.engine.Engine [cached since 1682s ago] ('admin@jummikville.sch', 1, 0)
2026-08-01 17:36:41 | INFO     | sqlalchemy.engine.Engine | [cached since 1682s ago] ('admin@jummikville.sch', 1, 0)
2026-08-01 17:36:42,070 INFO sqlalchemy.engine.Engine UPDATE users SET last_login=? WHERE users.id = ?
2026-08-01 17:36:42 | INFO     | sqlalchemy.engine.Engine | UPDATE users SET last_login=? WHERE users.id = ?
2026-08-01 17:36:42,071 INFO sqlalchemy.engine.Engine [cached since 1343s ago] ('2026-08-01 16:36:42.038791', 1)
2026-08-01 17:36:42 | INFO     | sqlalchemy.engine.Engine | [cached since 1343s ago] ('2026-08-01 16:36:42.038791', 1)
2026-08-01 17:36:42,091 INFO sqlalchemy.engine.Engine COMMIT
2026-08-01 17:36:42 | INFO     | sqlalchemy.engine.Engine | COMMIT
2026-08-01 17:36:42,123 INFO sqlalchemy.engine.Engine BEGIN (implicit)
2026-08-01 17:36:42 | INFO     | sqlalchemy.engine.Engine | BEGIN (implicit)
2026-08-01 17:36:42,124 INFO sqlalchemy.engine.Engine SELECT users.id, users.school_id, users.email, users.hashed_password, users.role, users.is_active, users.created_at, users.last_login 
FROM users 
WHERE users.id = ?
2026-08-01 17:36:42 | INFO     | sqlalchemy.engine.Engine | SELECT users.id, users.school_id, users.email, users.hashed_password, users.role, users.is_active, users.created_at, users.last_login 
FROM users 
WHERE users.id = ?
2026-08-01 17:36:42,124 INFO sqlalchemy.engine.Engine [cached since 1343s ago] (1,)
2026-08-01 17:36:42 | INFO     | sqlalchemy.engine.Engine | [cached since 1343s ago] (1,)
2026-08-01 17:36:42 | INFO     | app.routers.auth | Login successful: admin@jummikville.sch (id=1)
INFO:     127.0.0.1:57728 - "POST /api/v1/auth/login HTTP/1.1" 200 OK
2026-08-01 17:36:42,131 INFO sqlalchemy.engine.Engine ROLLBACK
2026-08-01 17:36:42 | INFO     | sqlalchemy.engine.Engine | ROLLBACK
2026-08-01 17:36:42,167 INFO sqlalchemy.engine.Engine BEGIN (implicit)
2026-08-01 17:36:42 | INFO     | sqlalchemy.engine.Engine | BEGIN (implicit)
2026-08-01 17:36:42,170 INFO sqlalchemy.engine.Engine SELECT users.id AS users_id, users.school_id AS users_school_id, users.email AS users_email, users.hashed_password AS users_hashed_password, users.role AS users_role, users.is_active AS users_is_active, users.created_at AS users_created_at, users.last_login AS users_last_login 
FROM users 
WHERE users.id = ?
 LIMIT ? OFFSET ?
2026-08-01 17:36:42 | INFO     | sqlalchemy.engine.Engine | SELECT users.id AS users_id, users.school_id AS users_school_id, users.email AS users_email, users.hashed_password AS users_hashed_password, users.role AS users_role, users.is_active AS users_is_active, users.created_at AS users_created_at, users.last_login AS users_last_login 
FROM users 
WHERE users.id = ?
 LIMIT ? OFFSET ?
2026-08-01 17:36:42,171 INFO sqlalchemy.engine.Engine [cached since 1343s ago] (1, 1, 0)
2026-08-01 17:36:42 | INFO     | sqlalchemy.engine.Engine | [cached since 1343s ago] (1, 1, 0)
2026-08-01 17:36:42,183 INFO sqlalchemy.engine.Engine SELECT schools.id AS schools_id, schools.name AS schools_name, schools.slug AS schools_slug, schools.phone AS schools_phone, schools.email AS schools_email, schools.address AS schools_address, schools.is_active AS schools_is_active, schools.created_at AS schools_created_at 
FROM schools 
WHERE schools.id = ?
 LIMIT ? OFFSET ?
2026-08-01 17:36:42 | INFO     | sqlalchemy.engine.Engine | SELECT schools.id AS schools_id, schools.name AS schools_name, schools.slug AS schools_slug, schools.phone AS schools_phone, schools.email AS schools_email, schools.address AS schools_address, schools.is_active AS schools_is_active, schools.created_at AS schools_created_at 
FROM schools 
WHERE schools.id = ?
 LIMIT ? OFFSET ?
2026-08-01 17:36:42,183 INFO sqlalchemy.engine.Engine [cached since 1281s ago] (1, 1, 0)
2026-08-01 17:36:42 | INFO     | sqlalchemy.engine.Engine | [cached since 1281s ago] (1, 1, 0)
2026-08-01 17:36:42,197 INFO sqlalchemy.engine.Engine SELECT students.id AS students_id, students.school_id AS students_school_id, students.student_name AS students_student_name, students.section AS students_section, students.class_name AS students_class_name, students.parent_name AS students_parent_name, students.parent_phone AS students_parent_phone, students.parent_email AS students_parent_email, students.is_active AS students_is_active, students.created_at AS students_created_at, fee_types_1.id AS fee_types_1_id, fee_types_1.school_id AS fee_types_1_school_id, fee_types_1.category_id AS fee_types_1_category_id, fee_types_1.section AS fee_types_1_section, fee_types_1.term AS fee_types_1_term, fee_types_1.amount_kobo AS fee_types_1_amount_kobo, fee_types_1.created_at AS fee_types_1_created_at, fee_records_1.id AS fee_records_1_id, fee_records_1.student_id AS fee_records_1_student_id, fee_records_1.fee_type_id AS fee_records_1_fee_type_id, fee_records_1.total_fees_kobo AS fee_records_1_total_fees_kobo, fee_records_1.amount_paid_kobo AS fee_records_1_amount_paid_kobo, fee_records_1.status AS fee_records_1_status, fee_records_1.created_at AS fee_records_1_created_at, fee_records_1.updated_at AS fee_records_1_updated_at 
FROM students LEFT OUTER JOIN fee_records AS fee_records_1 ON students.id = fee_records_1.student_id LEFT OUTER JOIN fee_types AS fee_types_1 ON fee_types_1.id = fee_records_1.fee_type_id 
WHERE students.school_id = ? AND students.is_active = 1
2026-08-01 17:36:42 | INFO     | sqlalchemy.engine.Engine | SELECT students.id AS students_id, students.school_id AS students_school_id, students.student_name AS students_student_name, students.section AS students_section, students.class_name AS students_class_name, students.parent_name AS students_parent_name, students.parent_phone AS students_parent_phone, students.parent_email AS students_parent_email, students.is_active AS students_is_active, students.created_at AS students_created_at, fee_types_1.id AS fee_types_1_id, fee_types_1.school_id AS fee_types_1_school_id, fee_types_1.category_id AS fee_types_1_category_id, fee_types_1.section AS fee_types_1_section, fee_types_1.term AS fee_types_1_term, fee_types_1.amount_kobo AS fee_types_1_amount_kobo, fee_types_1.created_at AS fee_types_1_created_at, fee_records_1.id AS fee_records_1_id, fee_records_1.student_id AS fee_records_1_student_id, fee_records_1.fee_type_id AS fee_records_1_fee_type_id, fee_records_1.total_fees_kobo AS fee_records_1_total_fees_kobo, fee_records_1.amount_paid_kobo AS fee_records_1_amount_paid_kobo, fee_records_1.status AS fee_records_1_status, fee_records_1.created_at AS fee_records_1_created_at, fee_records_1.updated_at AS fee_records_1_updated_at 
FROM students LEFT OUTER JOIN fee_records AS fee_records_1 ON students.id = fee_records_1.student_id LEFT OUTER JOIN fee_types AS fee_types_1 ON fee_types_1.id = fee_records_1.fee_type_id 
WHERE students.school_id = ? AND students.is_active = 1
2026-08-01 17:36:42,197 INFO sqlalchemy.engine.Engine [cached since 1281s ago] (1,)
2026-08-01 17:36:42 | INFO     | sqlalchemy.engine.Engine | [cached since 1281s ago] (1,)
2026-08-01 17:36:42,206 INFO sqlalchemy.engine.Engine SELECT students.id AS students_id, students.school_id AS students_school_id, students.student_name AS students_student_name, students.section AS students_section, students.class_name AS students_class_name, students.parent_name AS students_parent_name, students.parent_phone AS students_parent_phone, students.parent_email AS students_parent_email, students.is_active AS students_is_active, students.created_at AS students_created_at, fee_records_1.id AS fee_records_1_id, fee_records_1.student_id AS fee_records_1_student_id, fee_records_1.fee_type_id AS fee_records_1_fee_type_id, fee_records_1.total_fees_kobo AS fee_records_1_total_fees_kobo, fee_records_1.amount_paid_kobo AS fee_records_1_amount_paid_kobo, fee_records_1.status AS fee_records_1_status, fee_records_1.created_at AS fee_records_1_created_at, fee_records_1.updated_at AS fee_records_1_updated_at 
FROM students LEFT OUTER JOIN fee_records AS fee_records_1 ON students.id = fee_records_1.student_id 
WHERE students.school_id = ? AND students.is_active = 1
2026-08-01 17:36:42 | INFO     | sqlalchemy.engine.Engine | SELECT students.id AS students_id, students.school_id AS students_school_id, students.student_name AS students_student_name, students.section AS students_section, students.class_name AS students_class_name, students.parent_name AS students_parent_name, students.parent_phone AS students_parent_phone, students.parent_email AS students_parent_email, students.is_active AS students_is_active, students.created_at AS students_created_at, fee_records_1.id AS fee_records_1_id, fee_records_1.student_id AS fee_records_1_student_id, fee_records_1.fee_type_id AS fee_records_1_fee_type_id, fee_records_1.total_fees_kobo AS fee_records_1_total_fees_kobo, fee_records_1.amount_paid_kobo AS fee_records_1_amount_paid_kobo, fee_records_1.status AS fee_records_1_status, fee_records_1.created_at AS fee_records_1_created_at, fee_records_1.updated_at AS fee_records_1_updated_at 
FROM students LEFT OUTER JOIN fee_records AS fee_records_1 ON students.id = fee_records_1.student_id 
WHERE students.school_id = ? AND students.is_active = 1
2026-08-01 17:36:42,206 INFO sqlalchemy.engine.Engine [cached since 1281s ago] (1,)
2026-08-01 17:36:42 | INFO     | sqlalchemy.engine.Engine | [cached since 1281s ago] (1,)
2026-08-01 17:36:42,216 INFO sqlalchemy.engine.Engine SELECT fee_categories.id AS fee_categories_id, fee_categories.school_id AS fee_categories_school_id, fee_categories.name AS fee_categories_name, fee_categories.created_at AS fee_categories_created_at 
FROM fee_categories 
WHERE fee_categories.school_id = ? ORDER BY fee_categories.name
2026-08-01 17:36:42 | INFO     | sqlalchemy.engine.Engine | SELECT fee_categories.id AS fee_categories_id, fee_categories.school_id AS fee_categories_school_id, fee_categories.name AS fee_categories_name, fee_categories.created_at AS fee_categories_created_at 
FROM fee_categories 
WHERE fee_categories.school_id = ? ORDER BY fee_categories.name
2026-08-01 17:36:42,216 INFO sqlalchemy.engine.Engine [cached since 1343s ago] (1,)
2026-08-01 17:36:42 | INFO     | sqlalchemy.engine.Engine | [cached since 1343s ago] (1,)
2026-08-01 17:36:42,229 INFO sqlalchemy.engine.Engine SELECT fee_types.id AS fee_types_id, fee_types.school_id AS fee_types_school_id, fee_types.category_id AS fee_types_category_id, fee_types.section AS fee_types_section, fee_types.term AS fee_types_term, fee_types.amount_kobo AS fee_types_amount_kobo, fee_types.created_at AS fee_types_created_at 
FROM fee_types 
WHERE fee_types.category_id = ?
2026-08-01 17:36:42 | INFO     | sqlalchemy.engine.Engine | SELECT fee_types.id AS fee_types_id, fee_types.school_id AS fee_types_school_id, fee_types.category_id AS fee_types_category_id, fee_types.section AS fee_types_section, fee_types.term AS fee_types_term, fee_types.amount_kobo AS fee_types_amount_kobo, fee_types.created_at AS fee_types_created_at 
FROM fee_types 
WHERE fee_types.category_id = ?
2026-08-01 17:36:42,229 INFO sqlalchemy.engine.Engine [cached since 1281s ago] (8,)
2026-08-01 17:36:42 | INFO     | sqlalchemy.engine.Engine | [cached since 1281s ago] (8,)
2026-08-01 17:36:42,231 INFO sqlalchemy.engine.Engine SELECT fee_types.id AS fee_types_id, fee_types.school_id AS fee_types_school_id, fee_types.category_id AS fee_types_category_id, fee_types.section AS fee_types_section, fee_types.term AS fee_types_term, fee_types.amount_kobo AS fee_types_amount_kobo, fee_types.created_at AS fee_types_created_at 
FROM fee_types 
WHERE fee_types.category_id = ?
2026-08-01 17:36:42 | INFO     | sqlalchemy.engine.Engine | SELECT fee_types.id AS fee_types_id, fee_types.school_id AS fee_types_school_id, fee_types.category_id AS fee_types_category_id, fee_types.section AS fee_types_section, fee_types.term AS fee_types_term, fee_types.amount_kobo AS fee_types_amount_kobo, fee_types.created_at AS fee_types_created_at 
FROM fee_types 
WHERE fee_types.category_id = ?
2026-08-01 17:36:42,231 INFO sqlalchemy.engine.Engine [cached since 1281s ago] (3,)
2026-08-01 17:36:42 | INFO     | sqlalchemy.engine.Engine | [cached since 1281s ago] (3,)
2026-08-01 17:36:42,232 INFO sqlalchemy.engine.Engine SELECT fee_types.id AS fee_types_id, fee_types.school_id AS fee_types_school_id, fee_types.category_id AS fee_types_category_id, fee_types.section AS fee_types_section, fee_types.term AS fee_types_term, fee_types.amount_kobo AS fee_types_amount_kobo, fee_types.created_at AS fee_types_created_at 
FROM fee_types 
WHERE fee_types.category_id = ?
2026-08-01 17:36:42 | INFO     | sqlalchemy.engine.Engine | SELECT fee_types.id AS fee_types_id, fee_types.school_id AS fee_types_school_id, fee_types.category_id AS fee_types_category_id, fee_types.section AS fee_types_section, fee_types.term AS fee_types_term, fee_types.amount_kobo AS fee_types_amount_kobo, fee_types.created_at AS fee_types_created_at 
FROM fee_types 
WHERE fee_types.category_id = ?
2026-08-01 17:36:42,232 INFO sqlalchemy.engine.Engine [cached since 1281s ago] (6,)
2026-08-01 17:36:42 | INFO     | sqlalchemy.engine.Engine | [cached since 1281s ago] (6,)
2026-08-01 17:36:42,233 INFO sqlalchemy.engine.Engine SELECT fee_types.id AS fee_types_id, fee_types.school_id AS fee_types_school_id, fee_types.category_id AS fee_types_category_id, fee_types.section AS fee_types_section, fee_types.term AS fee_types_term, fee_types.amount_kobo AS fee_types_amount_kobo, fee_types.created_at AS fee_types_created_at 
FROM fee_types 
WHERE fee_types.category_id = ?
2026-08-01 17:36:42 | INFO     | sqlalchemy.engine.Engine | SELECT fee_types.id AS fee_types_id, fee_types.school_id AS fee_types_school_id, fee_types.category_id AS fee_types_category_id, fee_types.section AS fee_types_section, fee_types.term AS fee_types_term, fee_types.amount_kobo AS fee_types_amount_kobo, fee_types.created_at AS fee_types_created_at 
FROM fee_types 
WHERE fee_types.category_id = ?
2026-08-01 17:36:42,234 INFO sqlalchemy.engine.Engine [cached since 1281s ago] (4,)
2026-08-01 17:36:42 | INFO     | sqlalchemy.engine.Engine | [cached since 1281s ago] (4,)
2026-08-01 17:36:42,238 INFO sqlalchemy.engine.Engine SELECT fee_types.id AS fee_types_id, fee_types.school_id AS fee_types_school_id, fee_types.category_id AS fee_types_category_id, fee_types.section AS fee_types_section, fee_types.term AS fee_types_term, fee_types.amount_kobo AS fee_types_amount_kobo, fee_types.created_at AS fee_types_created_at 
FROM fee_types 
WHERE fee_types.category_id = ?
2026-08-01 17:36:42 | INFO     | sqlalchemy.engine.Engine | SELECT fee_types.id AS fee_types_id, fee_types.school_id AS fee_types_school_id, fee_types.category_id AS fee_types_category_id, fee_types.section AS fee_types_section, fee_types.term AS fee_types_term, fee_types.amount_kobo AS fee_types_amount_kobo, fee_types.created_at AS fee_types_created_at 
FROM fee_types 
WHERE fee_types.category_id = ?
2026-08-01 17:36:42,238 INFO sqlalchemy.engine.Engine [cached since 1281s ago] (7,)
2026-08-01 17:36:42 | INFO     | sqlalchemy.engine.Engine | [cached since 1281s ago] (7,)
2026-08-01 17:36:42,241 INFO sqlalchemy.engine.Engine SELECT fee_types.id AS fee_types_id, fee_types.school_id AS fee_types_school_id, fee_types.category_id AS fee_types_category_id, fee_types.section AS fee_types_section, fee_types.term AS fee_types_term, fee_types.amount_kobo AS fee_types_amount_kobo, fee_types.created_at AS fee_types_created_at 
FROM fee_types 
WHERE fee_types.category_id = ?
2026-08-01 17:36:42 | INFO     | sqlalchemy.engine.Engine | SELECT fee_types.id AS fee_types_id, fee_types.school_id AS fee_types_school_id, fee_types.category_id AS fee_types_category_id, fee_types.section AS fee_types_section, fee_types.term AS fee_types_term, fee_types.amount_kobo AS fee_types_amount_kobo, fee_types.created_at AS fee_types_created_at 
FROM fee_types 
WHERE fee_types.category_id = ?
2026-08-01 17:36:42,241 INFO sqlalchemy.engine.Engine [cached since 1281s ago] (2,)
2026-08-01 17:36:42 | INFO     | sqlalchemy.engine.Engine | [cached since 1281s ago] (2,)
2026-08-01 17:36:42,242 INFO sqlalchemy.engine.Engine SELECT fee_types.id AS fee_types_id, fee_types.school_id AS fee_types_school_id, fee_types.category_id AS fee_types_category_id, fee_types.section AS fee_types_section, fee_types.term AS fee_types_term, fee_types.amount_kobo AS fee_types_amount_kobo, fee_types.created_at AS fee_types_created_at 
FROM fee_types 
WHERE fee_types.category_id = ?
2026-08-01 17:36:42 | INFO     | sqlalchemy.engine.Engine | SELECT fee_types.id AS fee_types_id, fee_types.school_id AS fee_types_school_id, fee_types.category_id AS fee_types_category_id, fee_types.section AS fee_types_section, fee_types.term AS fee_types_term, fee_types.amount_kobo AS fee_types_amount_kobo, fee_types.created_at AS fee_types_created_at 
FROM fee_types 
WHERE fee_types.category_id = ?
2026-08-01 17:36:42,242 INFO sqlalchemy.engine.Engine [cached since 1281s ago] (1,)
2026-08-01 17:36:42 | INFO     | sqlalchemy.engine.Engine | [cached since 1281s ago] (1,)
2026-08-01 17:36:42,245 INFO sqlalchemy.engine.Engine SELECT fee_records.id AS fee_records_id, fee_records.student_id AS fee_records_student_id, fee_records.fee_type_id AS fee_records_fee_type_id, fee_records.total_fees_kobo AS fee_records_total_fees_kobo, fee_records.amount_paid_kobo AS fee_records_amount_paid_kobo, fee_records.status AS fee_records_status, fee_records.created_at AS fee_records_created_at, fee_records.updated_at AS fee_records_updated_at 
FROM fee_records 
WHERE fee_records.fee_type_id IN (?, ?)
2026-08-01 17:36:42 | INFO     | sqlalchemy.engine.Engine | SELECT fee_records.id AS fee_records_id, fee_records.student_id AS fee_records_student_id, fee_records.fee_type_id AS fee_records_fee_type_id, fee_records.total_fees_kobo AS fee_records_total_fees_kobo, fee_records.amount_paid_kobo AS fee_records_amount_paid_kobo, fee_records.status AS fee_records_status, fee_records.created_at AS fee_records_created_at, fee_records.updated_at AS fee_records_updated_at 
FROM fee_records 
WHERE fee_records.fee_type_id IN (?, ?)
2026-08-01 17:36:42,246 INFO sqlalchemy.engine.Engine [cached since 1280s ago] (1, 3)
2026-08-01 17:36:42 | INFO     | sqlalchemy.engine.Engine | [cached since 1280s ago] (1, 3)
2026-08-01 17:36:42,248 INFO sqlalchemy.engine.Engine SELECT fee_types.id AS fee_types_id, fee_types.school_id AS fee_types_school_id, fee_types.category_id AS fee_types_category_id, fee_types.section AS fee_types_section, fee_types.term AS fee_types_term, fee_types.amount_kobo AS fee_types_amount_kobo, fee_types.created_at AS fee_types_created_at 
FROM fee_types 
WHERE fee_types.category_id = ?
2026-08-01 17:36:42 | INFO     | sqlalchemy.engine.Engine | SELECT fee_types.id AS fee_types_id, fee_types.school_id AS fee_types_school_id, fee_types.category_id AS fee_types_category_id, fee_types.section AS fee_types_section, fee_types.term AS fee_types_term, fee_types.amount_kobo AS fee_types_amount_kobo, fee_types.created_at AS fee_types_created_at 
FROM fee_types 
WHERE fee_types.category_id = ?
2026-08-01 17:36:42,248 INFO sqlalchemy.engine.Engine [cached since 1281s ago] (5,)
2026-08-01 17:36:42 | INFO     | sqlalchemy.engine.Engine | [cached since 1281s ago] (5,)
INFO:     127.0.0.1:57728 - "GET /api/v1/dashboard/summary?school_id=1 HTTP/1.1" 200 OK
2026-08-01 17:36:42,270 INFO sqlalchemy.engine.Engine ROLLBACK
2026-08-01 17:36:42 | INFO     | sqlalchemy.engine.Engine | ROLLBACK
2026-08-01 17:36:42,299 INFO sqlalchemy.engine.Engine BEGIN (implicit)
2026-08-01 17:36:42 | INFO     | sqlalchemy.engine.Engine | BEGIN (implicit)
2026-08-01 17:36:42,300 INFO sqlalchemy.engine.Engine SELECT users.id AS users_id, users.school_id AS users_school_id, users.email AS users_email, users.hashed_password AS users_hashed_password, users.role AS users_role, users.is_active AS users_is_active, users.created_at AS users_created_at, users.last_login AS users_last_login 
FROM users 
WHERE users.id = ?
 LIMIT ? OFFSET ?
2026-08-01 17:36:42 | INFO     | sqlalchemy.engine.Engine | SELECT users.id AS users_id, users.school_id AS users_school_id, users.email AS users_email, users.hashed_password AS users_hashed_password, users.role AS users_role, users.is_active AS users_is_active, users.created_at AS users_created_at, users.last_login AS users_last_login 
FROM users 
WHERE users.id = ?
 LIMIT ? OFFSET ?
2026-08-01 17:36:42,300 INFO sqlalchemy.engine.Engine [cached since 1343s ago] (1, 1, 0)
2026-08-01 17:36:42 | INFO     | sqlalchemy.engine.Engine | [cached since 1343s ago] (1, 1, 0)
2026-08-01 17:36:42,312 INFO sqlalchemy.engine.Engine SELECT activity_logs.id AS activity_logs_id, activity_logs.school_id AS activity_logs_school_id, activity_logs.student_id AS activity_logs_student_id, activity_logs.action AS activity_logs_action, activity_logs.description AS activity_logs_description, activity_logs.created_at AS activity_logs_created_at 
FROM activity_logs 
WHERE activity_logs.school_id = ? ORDER BY activity_logs.created_at DESC
 LIMIT ? OFFSET ?
2026-08-01 17:36:42 | INFO     | sqlalchemy.engine.Engine | SELECT activity_logs.id AS activity_logs_id, activity_logs.school_id AS activity_logs_school_id, activity_logs.student_id AS activity_logs_student_id, activity_logs.action AS activity_logs_action, activity_logs.description AS activity_logs_description, activity_logs.created_at AS activity_logs_created_at 
FROM activity_logs 
WHERE activity_logs.school_id = ? ORDER BY activity_logs.created_at DESC
 LIMIT ? OFFSET ?
2026-08-01 17:36:42,312 INFO sqlalchemy.engine.Engine [cached since 1281s ago] (1, 6, 0)
2026-08-01 17:36:42 | INFO     | sqlalchemy.engine.Engine | [cached since 1281s ago] (1, 6, 0)
INFO:     127.0.0.1:57728 - "GET /api/v1/activity/?school_id=1&limit=6 HTTP/1.1" 200 OK
2026-08-01 17:36:42,321 INFO sqlalchemy.engine.Engine ROLLBACK
2026-08-01 17:36:42 | INFO     | sqlalchemy.engine.Engine | ROLLBACK
2026-08-01 17:36:42,327 INFO sqlalchemy.engine.Engine BEGIN (implicit)
2026-08-01 17:36:42 | INFO     | sqlalchemy.engine.Engine | BEGIN (implicit)
2026-08-01 17:36:42,328 INFO sqlalchemy.engine.Engine SELECT users.id AS users_id, users.school_id AS users_school_id, users.email AS users_email, users.hashed_password AS users_hashed_password, users.role AS users_role, users.is_active AS users_is_active, users.created_at AS users_created_at, users.last_login AS users_last_login 
FROM users 
WHERE users.id = ?
 LIMIT ? OFFSET ?
2026-08-01 17:36:42 | INFO     | sqlalchemy.engine.Engine | SELECT users.id AS users_id, users.school_id AS users_school_id, users.email AS users_email, users.hashed_password AS users_hashed_password, users.role AS users_role, users.is_active AS users_is_active, users.created_at AS users_created_at, users.last_login AS users_last_login 
FROM users 
WHERE users.id = ?
 LIMIT ? OFFSET ?
2026-08-01 17:36:42,328 INFO sqlalchemy.engine.Engine [cached since 1343s ago] (1, 1, 0)
2026-08-01 17:36:42 | INFO     | sqlalchemy.engine.Engine | [cached since 1343s ago] (1, 1, 0)
2026-08-01 17:36:42,331 INFO sqlalchemy.engine.Engine SELECT schools.id AS schools_id, schools.name AS schools_name, schools.slug AS schools_slug, schools.phone AS schools_phone, schools.email AS schools_email, schools.address AS schools_address, schools.is_active AS schools_is_active, schools.created_at AS schools_created_at 
FROM schools 
WHERE schools.id = ?
 LIMIT ? OFFSET ?
2026-08-01 17:36:42 | INFO     | sqlalchemy.engine.Engine | SELECT schools.id AS schools_id, schools.name AS schools_name, schools.slug AS schools_slug, schools.phone AS schools_phone, schools.email AS schools_email, schools.address AS schools_address, schools.is_active AS schools_is_active, schools.created_at AS schools_created_at 
FROM schools 
WHERE schools.id = ?
 LIMIT ? OFFSET ?
2026-08-01 17:36:42,331 INFO sqlalchemy.engine.Engine [cached since 1281s ago] (1, 1, 0)
2026-08-01 17:36:42 | INFO     | sqlalchemy.engine.Engine | [cached since 1281s ago] (1, 1, 0)
2026-08-01 17:36:42,339 INFO sqlalchemy.engine.Engine SELECT students.id AS students_id, students.school_id AS students_school_id, students.student_name AS students_student_name, students.section AS students_section, students.class_name AS students_class_name, students.parent_name AS students_parent_name, students.parent_phone AS students_parent_phone, students.parent_email AS students_parent_email, students.is_active AS students_is_active, students.created_at AS students_created_at, fee_records_1.id AS fee_records_1_id, fee_records_1.student_id AS fee_records_1_student_id, fee_records_1.fee_type_id AS fee_records_1_fee_type_id, fee_records_1.total_fees_kobo AS fee_records_1_total_fees_kobo, fee_records_1.amount_paid_kobo AS fee_records_1_amount_paid_kobo, fee_records_1.status AS fee_records_1_status, fee_records_1.created_at AS fee_records_1_created_at, fee_records_1.updated_at AS fee_records_1_updated_at 
FROM students LEFT OUTER JOIN fee_records AS fee_records_1 ON students.id = fee_records_1.student_id 
WHERE students.school_id = ? AND students.is_active = 1 ORDER BY students.student_name
2026-08-01 17:36:42 | INFO     | sqlalchemy.engine.Engine | SELECT students.id AS students_id, students.school_id AS students_school_id, students.student_name AS students_student_name, students.section AS students_section, students.class_name AS students_class_name, students.parent_name AS students_parent_name, students.parent_phone AS students_parent_phone, students.parent_email AS students_parent_email, students.is_active AS students_is_active, students.created_at AS students_created_at, fee_records_1.id AS fee_records_1_id, fee_records_1.student_id AS fee_records_1_student_id, fee_records_1.fee_type_id AS fee_records_1_fee_type_id, fee_records_1.total_fees_kobo AS fee_records_1_total_fees_kobo, fee_records_1.amount_paid_kobo AS fee_records_1_amount_paid_kobo, fee_records_1.status AS fee_records_1_status, fee_records_1.created_at AS fee_records_1_created_at, fee_records_1.updated_at AS fee_records_1_updated_at 
FROM students LEFT OUTER JOIN fee_records AS fee_records_1 ON students.id = fee_records_1.student_id 
WHERE students.school_id = ? AND students.is_active = 1 ORDER BY students.student_name
2026-08-01 17:36:42,339 INFO sqlalchemy.engine.Engine [cached since 1281s ago] (1,)
2026-08-01 17:36:42 | INFO     | sqlalchemy.engine.Engine | [cached since 1281s ago] (1,)
INFO:     127.0.0.1:57728 - "GET /api/v1/dashboard/students?school_id=1 HTTP/1.1" 200 OK
2026-08-01 17:36:42,343 INFO sqlalchemy.engine.Engine ROLLBACK
2026-08-01 17:36:42 | INFO     | sqlalchemy.engine.Engine | ROLLBACK
2026-08-01 17:36:42,349 INFO sqlalchemy.engine.Engine BEGIN (implicit)
2026-08-01 17:36:42 | INFO     | sqlalchemy.engine.Engine | BEGIN (implicit)
2026-08-01 17:36:42,350 INFO sqlalchemy.engine.Engine SELECT users.id AS users_id, users.school_id AS users_school_id, users.email AS users_email, users.hashed_password AS users_hashed_password, users.role AS users_role, users.is_active AS users_is_active, users.created_at AS users_created_at, users.last_login AS users_last_login 
FROM users 
WHERE users.id = ?
 LIMIT ? OFFSET ?
2026-08-01 17:36:42 | INFO     | sqlalchemy.engine.Engine | SELECT users.id AS users_id, users.school_id AS users_school_id, users.email AS users_email, users.hashed_password AS users_hashed_password, users.role AS users_role, users.is_active AS users_is_active, users.created_at AS users_created_at, users.last_login AS users_last_login 
FROM users 
WHERE users.id = ?
 LIMIT ? OFFSET ?
2026-08-01 17:36:42,350 INFO sqlalchemy.engine.Engine [cached since 1343s ago] (1, 1, 0)
2026-08-01 17:36:42 | INFO     | sqlalchemy.engine.Engine | [cached since 1343s ago] (1, 1, 0)
2026-08-01 17:36:42,355 INFO sqlalchemy.engine.Engine SELECT fee_types.id AS fee_types_id, fee_types.school_id AS fee_types_school_id, fee_types.category_id AS fee_types_category_id, fee_types.section AS fee_types_section, fee_types.term AS fee_types_term, fee_types.amount_kobo AS fee_types_amount_kobo, fee_types.created_at AS fee_types_created_at, fee_categories_1.id AS fee_categories_1_id, fee_categories_1.school_id AS fee_categories_1_school_id, fee_categories_1.name AS fee_categories_1_name, fee_categories_1.created_at AS fee_categories_1_created_at 
FROM fee_types LEFT OUTER JOIN fee_categories AS fee_categories_1 ON fee_categories_1.id = fee_types.category_id 
WHERE fee_types.school_id = ? ORDER BY fee_types.term DESC, fee_types.section
2026-08-01 17:36:42 | INFO     | sqlalchemy.engine.Engine | SELECT fee_types.id AS fee_types_id, fee_types.school_id AS fee_types_school_id, fee_types.category_id AS fee_types_category_id, fee_types.section AS fee_types_section, fee_types.term AS fee_types_term, fee_types.amount_kobo AS fee_types_amount_kobo, fee_types.created_at AS fee_types_created_at, fee_categories_1.id AS fee_categories_1_id, fee_categories_1.school_id AS fee_categories_1_school_id, fee_categories_1.name AS fee_categories_1_name, fee_categories_1.created_at AS fee_categories_1_created_at 
FROM fee_types LEFT OUTER JOIN fee_categories AS fee_categories_1 ON fee_categories_1.id = fee_types.category_id 
WHERE fee_types.school_id = ? ORDER BY fee_types.term DESC, fee_types.section
2026-08-01 17:36:42,358 INFO sqlalchemy.engine.Engine [cached since 1280s ago] (1,)
2026-08-01 17:36:42 | INFO     | sqlalchemy.engine.Engine | [cached since 1280s ago] (1,)
INFO:     127.0.0.1:57728 - "GET /api/v1/fees/types?school_id=1 HTTP/1.1" 200 OK
2026-08-01 17:36:42,363 INFO sqlalchemy.engine.Engine ROLLBACK
2026-08-01 17:36:42 | INFO     | sqlalchemy.engine.Engine | ROLLBACK
2026-08-01 17:36:42,371 INFO sqlalchemy.engine.Engine BEGIN (implicit)
2026-08-01 17:36:42 | INFO     | sqlalchemy.engine.Engine | BEGIN (implicit)
2026-08-01 17:36:42,372 INFO sqlalchemy.engine.Engine SELECT users.id AS users_id, users.school_id AS users_school_id, users.email AS users_email, users.hashed_password AS users_hashed_password, users.role AS users_role, users.is_active AS users_is_active, users.created_at AS users_created_at, users.last_login AS users_last_login 
FROM users 
WHERE users.id = ?
 LIMIT ? OFFSET ?
2026-08-01 17:36:42 | INFO     | sqlalchemy.engine.Engine | SELECT users.id AS users_id, users.school_id AS users_school_id, users.email AS users_email, users.hashed_password AS users_hashed_password, users.role AS users_role, users.is_active AS users_is_active, users.created_at AS users_created_at, users.last_login AS users_last_login 
FROM users 
WHERE users.id = ?
 LIMIT ? OFFSET ?
2026-08-01 17:36:42,372 INFO sqlalchemy.engine.Engine [cached since 1343s ago] (1, 1, 0)
2026-08-01 17:36:42 | INFO     | sqlalchemy.engine.Engine | [cached since 1343s ago] (1, 1, 0)
2026-08-01 17:36:42,377 INFO sqlalchemy.engine.Engine SELECT fee_categories.id AS fee_categories_id, fee_categories.school_id AS fee_categories_school_id, fee_categories.name AS fee_categories_name, fee_categories.created_at AS fee_categories_created_at 
FROM fee_categories 
WHERE fee_categories.school_id = ? ORDER BY fee_categories.name
2026-08-01 17:36:42 | INFO     | sqlalchemy.engine.Engine | SELECT fee_categories.id AS fee_categories_id, fee_categories.school_id AS fee_categories_school_id, fee_categories.name AS fee_categories_name, fee_categories.created_at AS fee_categories_created_at 
FROM fee_categories 
WHERE fee_categories.school_id = ? ORDER BY fee_categories.name
2026-08-01 17:36:42,377 INFO sqlalchemy.engine.Engine [cached since 1343s ago] (1,)
2026-08-01 17:36:42 | INFO     | sqlalchemy.engine.Engine | [cached since 1343s ago] (1,)
INFO:     127.0.0.1:57728 - "GET /api/v1/fees/categories?school_id=1 HTTP/1.1" 200 OK
2026-08-01 17:36:42,380 INFO sqlalchemy.engine.Engine ROLLBACK
2026-08-01 17:36:42 | INFO     | sqlalchemy.engine.Engine | ROLLBACK
2026-08-01 17:36:42,386 INFO sqlalchemy.engine.Engine BEGIN (implicit)
2026-08-01 17:36:42 | INFO     | sqlalchemy.engine.Engine | BEGIN (implicit)
2026-08-01 17:36:42,387 INFO sqlalchemy.engine.Engine SELECT users.id AS users_id, users.school_id AS users_school_id, users.email AS users_email, users.hashed_password AS users_hashed_password, users.role AS users_role, users.is_active AS users_is_active, users.created_at AS users_created_at, users.last_login AS users_last_login 
FROM users 
WHERE users.id = ?
 LIMIT ? OFFSET ?
2026-08-01 17:36:42 | INFO     | sqlalchemy.engine.Engine | SELECT users.id AS users_id, users.school_id AS users_school_id, users.email AS users_email, users.hashed_password AS users_hashed_password, users.role AS users_role, users.is_active AS users_is_active, users.created_at AS users_created_at, users.last_login AS users_last_login 
FROM users 
WHERE users.id = ?
 LIMIT ? OFFSET ?
2026-08-01 17:36:42,387 INFO sqlalchemy.engine.Engine [cached since 1343s ago] (1, 1, 0)
2026-08-01 17:36:42 | INFO     | sqlalchemy.engine.Engine | [cached since 1343s ago] (1, 1, 0)
2026-08-01 17:36:42,390 INFO sqlalchemy.engine.Engine SELECT activity_logs.id AS activity_logs_id, activity_logs.school_id AS activity_logs_school_id, activity_logs.student_id AS activity_logs_student_id, activity_logs.action AS activity_logs_action, activity_logs.description AS activity_logs_description, activity_logs.created_at AS activity_logs_created_at 
FROM activity_logs 
WHERE activity_logs.school_id = ? ORDER BY activity_logs.created_at DESC
 LIMIT ? OFFSET ?
2026-08-01 17:36:42 | INFO     | sqlalchemy.engine.Engine | SELECT activity_logs.id AS activity_logs_id, activity_logs.school_id AS activity_logs_school_id, activity_logs.student_id AS activity_logs_student_id, activity_logs.action AS activity_logs_action, activity_logs.description AS activity_logs_description, activity_logs.created_at AS activity_logs_created_at 
FROM activity_logs 
WHERE activity_logs.school_id = ? ORDER BY activity_logs.created_at DESC
 LIMIT ? OFFSET ?
2026-08-01 17:36:42,391 INFO sqlalchemy.engine.Engine [cached since 1281s ago] (1, 100, 0)
2026-08-01 17:36:42 | INFO     | sqlalchemy.engine.Engine | [cached since 1281s ago] (1, 100, 0)
INFO:     127.0.0.1:57728 - "GET /api/v1/activity/?school_id=1&limit=100 HTTP/1.1" 200 OK
2026-08-01 17:36:42,393 INFO sqlalchemy.engine.Engine ROLLBACK
2026-08-01 17:36:42 | INFO     | sqlalchemy.engine.Engine | ROLLBACK
2026-08-01 17:36:49,270 INFO sqlalchemy.engine.Engine BEGIN (implicit)
2026-08-01 17:36:49 | INFO     | sqlalchemy.engine.Engine | BEGIN (implicit)
2026-08-01 17:36:49,271 INFO sqlalchemy.engine.Engine SELECT users.id AS users_id, users.school_id AS users_school_id, users.email AS users_email, users.hashed_password AS users_hashed_password, users.role AS users_role, users.is_active AS users_is_active, users.created_at AS users_created_at, users.last_login AS users_last_login 
FROM users 
WHERE users.id = ?
 LIMIT ? OFFSET ?
2026-08-01 17:36:49 | INFO     | sqlalchemy.engine.Engine | SELECT users.id AS users_id, users.school_id AS users_school_id, users.email AS users_email, users.hashed_password AS users_hashed_password, users.role AS users_role, users.is_active AS users_is_active, users.created_at AS users_created_at, users.last_login AS users_last_login 
FROM users 
WHERE users.id = ?
 LIMIT ? OFFSET ?
2026-08-01 17:36:49,271 INFO sqlalchemy.engine.Engine [cached since 1350s ago] (1, 1, 0)
2026-08-01 17:36:49 | INFO     | sqlalchemy.engine.Engine | [cached since 1350s ago] (1, 1, 0)
2026-08-01 17:36:49,273 INFO sqlalchemy.engine.Engine BEGIN (implicit)
2026-08-01 17:36:49 | INFO     | sqlalchemy.engine.Engine | BEGIN (implicit)
2026-08-01 17:36:49,274 INFO sqlalchemy.engine.Engine SELECT users.id AS users_id, users.school_id AS users_school_id, users.email AS users_email, users.hashed_password AS users_hashed_password, users.role AS users_role, users.is_active AS users_is_active, users.created_at AS users_created_at, users.last_login AS users_last_login 
FROM users 
WHERE users.id = ?
 LIMIT ? OFFSET ?
2026-08-01 17:36:49 | INFO     | sqlalchemy.engine.Engine | SELECT users.id AS users_id, users.school_id AS users_school_id, users.email AS users_email, users.hashed_password AS users_hashed_password, users.role AS users_role, users.is_active AS users_is_active, users.created_at AS users_created_at, users.last_login AS users_last_login 
FROM users 
WHERE users.id = ?
 LIMIT ? OFFSET ?
2026-08-01 17:36:49,276 INFO sqlalchemy.engine.Engine [cached since 1350s ago] (1, 1, 0)
2026-08-01 17:36:49 | INFO     | sqlalchemy.engine.Engine | [cached since 1350s ago] (1, 1, 0)
2026-08-01 17:36:49,281 INFO sqlalchemy.engine.Engine SELECT schools.id AS schools_id, schools.name AS schools_name, schools.slug AS schools_slug, schools.phone AS schools_phone, schools.email AS schools_email, schools.address AS schools_address, schools.is_active AS schools_is_active, schools.created_at AS schools_created_at 
FROM schools 
WHERE schools.id = ?
 LIMIT ? OFFSET ?
2026-08-01 17:36:49 | INFO     | sqlalchemy.engine.Engine | SELECT schools.id AS schools_id, schools.name AS schools_name, schools.slug AS schools_slug, schools.phone AS schools_phone, schools.email AS schools_email, schools.address AS schools_address, schools.is_active AS schools_is_active, schools.created_at AS schools_created_at 
FROM schools 
WHERE schools.id = ?
 LIMIT ? OFFSET ?
2026-08-01 17:36:49,281 INFO sqlalchemy.engine.Engine [cached since 1288s ago] (1, 1, 0)
2026-08-01 17:36:49 | INFO     | sqlalchemy.engine.Engine | [cached since 1288s ago] (1, 1, 0)
2026-08-01 17:36:49,289 INFO sqlalchemy.engine.Engine SELECT activity_logs.id AS activity_logs_id, activity_logs.school_id AS activity_logs_school_id, activity_logs.student_id AS activity_logs_student_id, activity_logs.action AS activity_logs_action, activity_logs.description AS activity_logs_description, activity_logs.created_at AS activity_logs_created_at 
FROM activity_logs 
WHERE activity_logs.school_id = ? ORDER BY activity_logs.created_at DESC
 LIMIT ? OFFSET ?
2026-08-01 17:36:49 | INFO     | sqlalchemy.engine.Engine | SELECT activity_logs.id AS activity_logs_id, activity_logs.school_id AS activity_logs_school_id, activity_logs.student_id AS activity_logs_student_id, activity_logs.action AS activity_logs_action, activity_logs.description AS activity_logs_description, activity_logs.created_at AS activity_logs_created_at 
FROM activity_logs 
WHERE activity_logs.school_id = ? ORDER BY activity_logs.created_at DESC
 LIMIT ? OFFSET ?
2026-08-01 17:36:49,291 INFO sqlalchemy.engine.Engine [cached since 1288s ago] (1, 6, 0)
2026-08-01 17:36:49 | INFO     | sqlalchemy.engine.Engine | [cached since 1288s ago] (1, 6, 0)
2026-08-01 17:36:49,294 INFO sqlalchemy.engine.Engine SELECT students.id AS students_id, students.school_id AS students_school_id, students.student_name AS students_student_name, students.section AS students_section, students.class_name AS students_class_name, students.parent_name AS students_parent_name, students.parent_phone AS students_parent_phone, students.parent_email AS students_parent_email, students.is_active AS students_is_active, students.created_at AS students_created_at, fee_types_1.id AS fee_types_1_id, fee_types_1.school_id AS fee_types_1_school_id, fee_types_1.category_id AS fee_types_1_category_id, fee_types_1.section AS fee_types_1_section, fee_types_1.term AS fee_types_1_term, fee_types_1.amount_kobo AS fee_types_1_amount_kobo, fee_types_1.created_at AS fee_types_1_created_at, fee_records_1.id AS fee_records_1_id, fee_records_1.student_id AS fee_records_1_student_id, fee_records_1.fee_type_id AS fee_records_1_fee_type_id, fee_records_1.total_fees_kobo AS fee_records_1_total_fees_kobo, fee_records_1.amount_paid_kobo AS fee_records_1_amount_paid_kobo, fee_records_1.status AS fee_records_1_status, fee_records_1.created_at AS fee_records_1_created_at, fee_records_1.updated_at AS fee_records_1_updated_at 
FROM students LEFT OUTER JOIN fee_records AS fee_records_1 ON students.id = fee_records_1.student_id LEFT OUTER JOIN fee_types AS fee_types_1 ON fee_types_1.id = fee_records_1.fee_type_id 
WHERE students.school_id = ? AND students.is_active = 1 AND students.section = ?
2026-08-01 17:36:49 | INFO     | sqlalchemy.engine.Engine | SELECT students.id AS students_id, students.school_id AS students_school_id, students.student_name AS students_student_name, students.section AS students_section, students.class_name AS students_class_name, students.parent_name AS students_parent_name, students.parent_phone AS students_parent_phone, students.parent_email AS students_parent_email, students.is_active AS students_is_active, students.created_at AS students_created_at, fee_types_1.id AS fee_types_1_id, fee_types_1.school_id AS fee_types_1_school_id, fee_types_1.category_id AS fee_types_1_category_id, fee_types_1.section AS fee_types_1_section, fee_types_1.term AS fee_types_1_term, fee_types_1.amount_kobo AS fee_types_1_amount_kobo, fee_types_1.created_at AS fee_types_1_created_at, fee_records_1.id AS fee_records_1_id, fee_records_1.student_id AS fee_records_1_student_id, fee_records_1.fee_type_id AS fee_records_1_fee_type_id, fee_records_1.total_fees_kobo AS fee_records_1_total_fees_kobo, fee_records_1.amount_paid_kobo AS fee_records_1_amount_paid_kobo, fee_records_1.status AS fee_records_1_status, fee_records_1.created_at AS fee_records_1_created_at, fee_records_1.updated_at AS fee_records_1_updated_at 
FROM students LEFT OUTER JOIN fee_records AS fee_records_1 ON students.id = fee_records_1.student_id LEFT OUTER JOIN fee_types AS fee_types_1 ON fee_types_1.id = fee_records_1.fee_type_id 
WHERE students.school_id = ? AND students.is_active = 1 AND students.section = ?
2026-08-01 17:36:49,294 INFO sqlalchemy.engine.Engine [cached since 1232s ago] (1, 'Nursery')
2026-08-01 17:36:49 | INFO     | sqlalchemy.engine.Engine | [cached since 1232s ago] (1, 'Nursery')
2026-08-01 17:36:49,296 INFO sqlalchemy.engine.Engine SELECT students.id AS students_id, students.school_id AS students_school_id, students.student_name AS students_student_name, students.section AS students_section, students.class_name AS students_class_name, students.parent_name AS students_parent_name, students.parent_phone AS students_parent_phone, students.parent_email AS students_parent_email, students.is_active AS students_is_active, students.created_at AS students_created_at, fee_records_1.id AS fee_records_1_id, fee_records_1.student_id AS fee_records_1_student_id, fee_records_1.fee_type_id AS fee_records_1_fee_type_id, fee_records_1.total_fees_kobo AS fee_records_1_total_fees_kobo, fee_records_1.amount_paid_kobo AS fee_records_1_amount_paid_kobo, fee_records_1.status AS fee_records_1_status, fee_records_1.created_at AS fee_records_1_created_at, fee_records_1.updated_at AS fee_records_1_updated_at 
FROM students LEFT OUTER JOIN fee_records AS fee_records_1 ON students.id = fee_records_1.student_id 
WHERE students.school_id = ? AND students.is_active = 1
2026-08-01 17:36:49 | INFO     | sqlalchemy.engine.Engine | SELECT students.id AS students_id, students.school_id AS students_school_id, students.student_name AS students_student_name, students.section AS students_section, students.class_name AS students_class_name, students.parent_name AS students_parent_name, students.parent_phone AS students_parent_phone, students.parent_email AS students_parent_email, students.is_active AS students_is_active, students.created_at AS students_created_at, fee_records_1.id AS fee_records_1_id, fee_records_1.student_id AS fee_records_1_student_id, fee_records_1.fee_type_id AS fee_records_1_fee_type_id, fee_records_1.total_fees_kobo AS fee_records_1_total_fees_kobo, fee_records_1.amount_paid_kobo AS fee_records_1_amount_paid_kobo, fee_records_1.status AS fee_records_1_status, fee_records_1.created_at AS fee_records_1_created_at, fee_records_1.updated_at AS fee_records_1_updated_at 
FROM students LEFT OUTER JOIN fee_records AS fee_records_1 ON students.id = fee_records_1.student_id 
WHERE students.school_id = ? AND students.is_active = 1
2026-08-01 17:36:49,296 INFO sqlalchemy.engine.Engine [cached since 1288s ago] (1,)
2026-08-01 17:36:49 | INFO     | sqlalchemy.engine.Engine | [cached since 1288s ago] (1,)
INFO:     127.0.0.1:57774 - "GET /api/v1/activity/?school_id=1&limit=6 HTTP/1.1" 200 OK
2026-08-01 17:36:49,298 INFO sqlalchemy.engine.Engine ROLLBACK
2026-08-01 17:36:49 | INFO     | sqlalchemy.engine.Engine | ROLLBACK
2026-08-01 17:36:49,307 INFO sqlalchemy.engine.Engine SELECT fee_categories.id AS fee_categories_id, fee_categories.school_id AS fee_categories_school_id, fee_categories.name AS fee_categories_name, fee_categories.created_at AS fee_categories_created_at 
FROM fee_categories 
WHERE fee_categories.school_id = ? ORDER BY fee_categories.name
2026-08-01 17:36:49 | INFO     | sqlalchemy.engine.Engine | SELECT fee_categories.id AS fee_categories_id, fee_categories.school_id AS fee_categories_school_id, fee_categories.name AS fee_categories_name, fee_categories.created_at AS fee_categories_created_at 
FROM fee_categories 
WHERE fee_categories.school_id = ? ORDER BY fee_categories.name
2026-08-01 17:36:49,307 INFO sqlalchemy.engine.Engine [cached since 1350s ago] (1,)
2026-08-01 17:36:49 | INFO     | sqlalchemy.engine.Engine | [cached since 1350s ago] (1,)
2026-08-01 17:36:49,427 INFO sqlalchemy.engine.Engine SELECT fee_types.id AS fee_types_id, fee_types.school_id AS fee_types_school_id, fee_types.category_id AS fee_types_category_id, fee_types.section AS fee_types_section, fee_types.term AS fee_types_term, fee_types.amount_kobo AS fee_types_amount_kobo, fee_types.created_at AS fee_types_created_at 
FROM fee_types 
WHERE fee_types.category_id = ?
2026-08-01 17:36:49 | INFO     | sqlalchemy.engine.Engine | SELECT fee_types.id AS fee_types_id, fee_types.school_id AS fee_types_school_id, fee_types.category_id AS fee_types_category_id, fee_types.section AS fee_types_section, fee_types.term AS fee_types_term, fee_types.amount_kobo AS fee_types_amount_kobo, fee_types.created_at AS fee_types_created_at 
FROM fee_types 
WHERE fee_types.category_id = ?
2026-08-01 17:36:49,427 INFO sqlalchemy.engine.Engine [cached since 1288s ago] (8,)
2026-08-01 17:36:49 | INFO     | sqlalchemy.engine.Engine | [cached since 1288s ago] (8,)
2026-08-01 17:36:49,428 INFO sqlalchemy.engine.Engine SELECT fee_types.id AS fee_types_id, fee_types.school_id AS fee_types_school_id, fee_types.category_id AS fee_types_category_id, fee_types.section AS fee_types_section, fee_types.term AS fee_types_term, fee_types.amount_kobo AS fee_types_amount_kobo, fee_types.created_at AS fee_types_created_at 
FROM fee_types 
WHERE fee_types.category_id = ?
2026-08-01 17:36:49 | INFO     | sqlalchemy.engine.Engine | SELECT fee_types.id AS fee_types_id, fee_types.school_id AS fee_types_school_id, fee_types.category_id AS fee_types_category_id, fee_types.section AS fee_types_section, fee_types.term AS fee_types_term, fee_types.amount_kobo AS fee_types_amount_kobo, fee_types.created_at AS fee_types_created_at 
FROM fee_types 
WHERE fee_types.category_id = ?
2026-08-01 17:36:49,428 INFO sqlalchemy.engine.Engine [cached since 1288s ago] (3,)
2026-08-01 17:36:49 | INFO     | sqlalchemy.engine.Engine | [cached since 1288s ago] (3,)
2026-08-01 17:36:49,430 INFO sqlalchemy.engine.Engine SELECT fee_types.id AS fee_types_id, fee_types.school_id AS fee_types_school_id, fee_types.category_id AS fee_types_category_id, fee_types.section AS fee_types_section, fee_types.term AS fee_types_term, fee_types.amount_kobo AS fee_types_amount_kobo, fee_types.created_at AS fee_types_created_at 
FROM fee_types 
WHERE fee_types.category_id = ?
2026-08-01 17:36:49 | INFO     | sqlalchemy.engine.Engine | SELECT fee_types.id AS fee_types_id, fee_types.school_id AS fee_types_school_id, fee_types.category_id AS fee_types_category_id, fee_types.section AS fee_types_section, fee_types.term AS fee_types_term, fee_types.amount_kobo AS fee_types_amount_kobo, fee_types.created_at AS fee_types_created_at 
FROM fee_types 
WHERE fee_types.category_id = ?
2026-08-01 17:36:49,431 INFO sqlalchemy.engine.Engine [cached since 1288s ago] (6,)
2026-08-01 17:36:49 | INFO     | sqlalchemy.engine.Engine | [cached since 1288s ago] (6,)
2026-08-01 17:36:49,432 INFO sqlalchemy.engine.Engine SELECT fee_types.id AS fee_types_id, fee_types.school_id AS fee_types_school_id, fee_types.category_id AS fee_types_category_id, fee_types.section AS fee_types_section, fee_types.term AS fee_types_term, fee_types.amount_kobo AS fee_types_amount_kobo, fee_types.created_at AS fee_types_created_at 
FROM fee_types 
WHERE fee_types.category_id = ?
2026-08-01 17:36:49 | INFO     | sqlalchemy.engine.Engine | SELECT fee_types.id AS fee_types_id, fee_types.school_id AS fee_types_school_id, fee_types.category_id AS fee_types_category_id, fee_types.section AS fee_types_section, fee_types.term AS fee_types_term, fee_types.amount_kobo AS fee_types_amount_kobo, fee_types.created_at AS fee_types_created_at 
FROM fee_types 
WHERE fee_types.category_id = ?
2026-08-01 17:36:49,432 INFO sqlalchemy.engine.Engine [cached since 1288s ago] (4,)
2026-08-01 17:36:49 | INFO     | sqlalchemy.engine.Engine | [cached since 1288s ago] (4,)
2026-08-01 17:36:49,433 INFO sqlalchemy.engine.Engine SELECT fee_types.id AS fee_types_id, fee_types.school_id AS fee_types_school_id, fee_types.category_id AS fee_types_category_id, fee_types.section AS fee_types_section, fee_types.term AS fee_types_term, fee_types.amount_kobo AS fee_types_amount_kobo, fee_types.created_at AS fee_types_created_at 
FROM fee_types 
WHERE fee_types.category_id = ?
2026-08-01 17:36:49 | INFO     | sqlalchemy.engine.Engine | SELECT fee_types.id AS fee_types_id, fee_types.school_id AS fee_types_school_id, fee_types.category_id AS fee_types_category_id, fee_types.section AS fee_types_section, fee_types.term AS fee_types_term, fee_types.amount_kobo AS fee_types_amount_kobo, fee_types.created_at AS fee_types_created_at 
FROM fee_types 
WHERE fee_types.category_id = ?
2026-08-01 17:36:49,434 INFO sqlalchemy.engine.Engine [cached since 1288s ago] (7,)
2026-08-01 17:36:49 | INFO     | sqlalchemy.engine.Engine | [cached since 1288s ago] (7,)
2026-08-01 17:36:49,436 INFO sqlalchemy.engine.Engine SELECT fee_types.id AS fee_types_id, fee_types.school_id AS fee_types_school_id, fee_types.category_id AS fee_types_category_id, fee_types.section AS fee_types_section, fee_types.term AS fee_types_term, fee_types.amount_kobo AS fee_types_amount_kobo, fee_types.created_at AS fee_types_created_at 
FROM fee_types 
WHERE fee_types.category_id = ?
2026-08-01 17:36:49 | INFO     | sqlalchemy.engine.Engine | SELECT fee_types.id AS fee_types_id, fee_types.school_id AS fee_types_school_id, fee_types.category_id AS fee_types_category_id, fee_types.section AS fee_types_section, fee_types.term AS fee_types_term, fee_types.amount_kobo AS fee_types_amount_kobo, fee_types.created_at AS fee_types_created_at 
FROM fee_types 
WHERE fee_types.category_id = ?
2026-08-01 17:36:49,436 INFO sqlalchemy.engine.Engine [cached since 1288s ago] (2,)
2026-08-01 17:36:49 | INFO     | sqlalchemy.engine.Engine | [cached since 1288s ago] (2,)
2026-08-01 17:36:49,437 INFO sqlalchemy.engine.Engine SELECT fee_types.id AS fee_types_id, fee_types.school_id AS fee_types_school_id, fee_types.category_id AS fee_types_category_id, fee_types.section AS fee_types_section, fee_types.term AS fee_types_term, fee_types.amount_kobo AS fee_types_amount_kobo, fee_types.created_at AS fee_types_created_at 
FROM fee_types 
WHERE fee_types.category_id = ?
2026-08-01 17:36:49 | INFO     | sqlalchemy.engine.Engine | SELECT fee_types.id AS fee_types_id, fee_types.school_id AS fee_types_school_id, fee_types.category_id AS fee_types_category_id, fee_types.section AS fee_types_section, fee_types.term AS fee_types_term, fee_types.amount_kobo AS fee_types_amount_kobo, fee_types.created_at AS fee_types_created_at 
FROM fee_types 
WHERE fee_types.category_id = ?
2026-08-01 17:36:49,437 INFO sqlalchemy.engine.Engine [cached since 1288s ago] (1,)
2026-08-01 17:36:49 | INFO     | sqlalchemy.engine.Engine | [cached since 1288s ago] (1,)
2026-08-01 17:36:49,438 INFO sqlalchemy.engine.Engine SELECT fee_records.id AS fee_records_id, fee_records.student_id AS fee_records_student_id, fee_records.fee_type_id AS fee_records_fee_type_id, fee_records.total_fees_kobo AS fee_records_total_fees_kobo, fee_records.amount_paid_kobo AS fee_records_amount_paid_kobo, fee_records.status AS fee_records_status, fee_records.created_at AS fee_records_created_at, fee_records.updated_at AS fee_records_updated_at 
FROM fee_records 
WHERE fee_records.fee_type_id IN (?, ?)
2026-08-01 17:36:49 | INFO     | sqlalchemy.engine.Engine | SELECT fee_records.id AS fee_records_id, fee_records.student_id AS fee_records_student_id, fee_records.fee_type_id AS fee_records_fee_type_id, fee_records.total_fees_kobo AS fee_records_total_fees_kobo, fee_records.amount_paid_kobo AS fee_records_amount_paid_kobo, fee_records.status AS fee_records_status, fee_records.created_at AS fee_records_created_at, fee_records.updated_at AS fee_records_updated_at 
FROM fee_records 
WHERE fee_records.fee_type_id IN (?, ?)
2026-08-01 17:36:49,438 INFO sqlalchemy.engine.Engine [cached since 1288s ago] (1, 3)
2026-08-01 17:36:49 | INFO     | sqlalchemy.engine.Engine | [cached since 1288s ago] (1, 3)
2026-08-01 17:36:49,439 INFO sqlalchemy.engine.Engine SELECT fee_types.id AS fee_types_id, fee_types.school_id AS fee_types_school_id, fee_types.category_id AS fee_types_category_id, fee_types.section AS fee_types_section, fee_types.term AS fee_types_term, fee_types.amount_kobo AS fee_types_amount_kobo, fee_types.created_at AS fee_types_created_at 
FROM fee_types 
WHERE fee_types.category_id = ?
2026-08-01 17:36:49 | INFO     | sqlalchemy.engine.Engine | SELECT fee_types.id AS fee_types_id, fee_types.school_id AS fee_types_school_id, fee_types.category_id AS fee_types_category_id, fee_types.section AS fee_types_section, fee_types.term AS fee_types_term, fee_types.amount_kobo AS fee_types_amount_kobo, fee_types.created_at AS fee_types_created_at 
FROM fee_types 
WHERE fee_types.category_id = ?
2026-08-01 17:36:49,440 INFO sqlalchemy.engine.Engine [cached since 1288s ago] (5,)
2026-08-01 17:36:49 | INFO     | sqlalchemy.engine.Engine | [cached since 1288s ago] (5,)
INFO:     127.0.0.1:57773 - "GET /api/v1/dashboard/summary?school_id=1&section=Nursery HTTP/1.1" 200 OK
2026-08-01 17:36:49,442 INFO sqlalchemy.engine.Engine ROLLBACK
2026-08-01 17:36:49 | INFO     | sqlalchemy.engine.Engine | ROLLBACK
2026-08-01 17:36:52,198 INFO sqlalchemy.engine.Engine BEGIN (implicit)
2026-08-01 17:36:52 | INFO     | sqlalchemy.engine.Engine | BEGIN (implicit)
2026-08-01 17:36:52,199 INFO sqlalchemy.engine.Engine BEGIN (implicit)
2026-08-01 17:36:52 | INFO     | sqlalchemy.engine.Engine | BEGIN (implicit)
2026-08-01 17:36:52,202 INFO sqlalchemy.engine.Engine SELECT users.id AS users_id, users.school_id AS users_school_id, users.email AS users_email, users.hashed_password AS users_hashed_password, users.role AS users_role, users.is_active AS users_is_active, users.created_at AS users_created_at, users.last_login AS users_last_login 
FROM users 
WHERE users.id = ?
 LIMIT ? OFFSET ?
2026-08-01 17:36:52 | INFO     | sqlalchemy.engine.Engine | SELECT users.id AS users_id, users.school_id AS users_school_id, users.email AS users_email, users.hashed_password AS users_hashed_password, users.role AS users_role, users.is_active AS users_is_active, users.created_at AS users_created_at, users.last_login AS users_last_login 
FROM users 
WHERE users.id = ?
 LIMIT ? OFFSET ?
2026-08-01 17:36:52,203 INFO sqlalchemy.engine.Engine SELECT users.id AS users_id, users.school_id AS users_school_id, users.email AS users_email, users.hashed_password AS users_hashed_password, users.role AS users_role, users.is_active AS users_is_active, users.created_at AS users_created_at, users.last_login AS users_last_login 
FROM users 
WHERE users.id = ?
 LIMIT ? OFFSET ?
2026-08-01 17:36:52 | INFO     | sqlalchemy.engine.Engine | SELECT users.id AS users_id, users.school_id AS users_school_id, users.email AS users_email, users.hashed_password AS users_hashed_password, users.role AS users_role, users.is_active AS users_is_active, users.created_at AS users_created_at, users.last_login AS users_last_login 
FROM users 
WHERE users.id = ?
 LIMIT ? OFFSET ?
2026-08-01 17:36:52,203 INFO sqlalchemy.engine.Engine [cached since 1353s ago] (1, 1, 0)
2026-08-01 17:36:52 | INFO     | sqlalchemy.engine.Engine | [cached since 1353s ago] (1, 1, 0)
2026-08-01 17:36:52,203 INFO sqlalchemy.engine.Engine [cached since 1353s ago] (1, 1, 0)
2026-08-01 17:36:52 | INFO     | sqlalchemy.engine.Engine | [cached since 1353s ago] (1, 1, 0)
2026-08-01 17:36:52,207 INFO sqlalchemy.engine.Engine SELECT schools.id AS schools_id, schools.name AS schools_name, schools.slug AS schools_slug, schools.phone AS schools_phone, schools.email AS schools_email, schools.address AS schools_address, schools.is_active AS schools_is_active, schools.created_at AS schools_created_at 
FROM schools 
WHERE schools.id = ?
 LIMIT ? OFFSET ?
2026-08-01 17:36:52 | INFO     | sqlalchemy.engine.Engine | SELECT schools.id AS schools_id, schools.name AS schools_name, schools.slug AS schools_slug, schools.phone AS schools_phone, schools.email AS schools_email, schools.address AS schools_address, schools.is_active AS schools_is_active, schools.created_at AS schools_created_at 
FROM schools 
WHERE schools.id = ?
 LIMIT ? OFFSET ?
2026-08-01 17:36:52,207 INFO sqlalchemy.engine.Engine [cached since 1291s ago] (1, 1, 0)
2026-08-01 17:36:52 | INFO     | sqlalchemy.engine.Engine | [cached since 1291s ago] (1, 1, 0)
2026-08-01 17:36:52,208 INFO sqlalchemy.engine.Engine SELECT students.id AS students_id, students.school_id AS students_school_id, students.student_name AS students_student_name, students.section AS students_section, students.class_name AS students_class_name, students.parent_name AS students_parent_name, students.parent_phone AS students_parent_phone, students.parent_email AS students_parent_email, students.is_active AS students_is_active, students.created_at AS students_created_at, fee_types_1.id AS fee_types_1_id, fee_types_1.school_id AS fee_types_1_school_id, fee_types_1.category_id AS fee_types_1_category_id, fee_types_1.section AS fee_types_1_section, fee_types_1.term AS fee_types_1_term, fee_types_1.amount_kobo AS fee_types_1_amount_kobo, fee_types_1.created_at AS fee_types_1_created_at, fee_records_1.id AS fee_records_1_id, fee_records_1.student_id AS fee_records_1_student_id, fee_records_1.fee_type_id AS fee_records_1_fee_type_id, fee_records_1.total_fees_kobo AS fee_records_1_total_fees_kobo, fee_records_1.amount_paid_kobo AS fee_records_1_amount_paid_kobo, fee_records_1.status AS fee_records_1_status, fee_records_1.created_at AS fee_records_1_created_at, fee_records_1.updated_at AS fee_records_1_updated_at 
FROM students LEFT OUTER JOIN fee_records AS fee_records_1 ON students.id = fee_records_1.student_id LEFT OUTER JOIN fee_types AS fee_types_1 ON fee_types_1.id = fee_records_1.fee_type_id 
WHERE students.school_id = ? AND students.is_active = 1 AND students.section = ?
2026-08-01 17:36:52 | INFO     | sqlalchemy.engine.Engine | SELECT students.id AS students_id, students.school_id AS students_school_id, students.student_name AS students_student_name, students.section AS students_section, students.class_name AS students_class_name, students.parent_name AS students_parent_name, students.parent_phone AS students_parent_phone, students.parent_email AS students_parent_email, students.is_active AS students_is_active, students.created_at AS students_created_at, fee_types_1.id AS fee_types_1_id, fee_types_1.school_id AS fee_types_1_school_id, fee_types_1.category_id AS fee_types_1_category_id, fee_types_1.section AS fee_types_1_section, fee_types_1.term AS fee_types_1_term, fee_types_1.amount_kobo AS fee_types_1_amount_kobo, fee_types_1.created_at AS fee_types_1_created_at, fee_records_1.id AS fee_records_1_id, fee_records_1.student_id AS fee_records_1_student_id, fee_records_1.fee_type_id AS fee_records_1_fee_type_id, fee_records_1.total_fees_kobo AS fee_records_1_total_fees_kobo, fee_records_1.amount_paid_kobo AS fee_records_1_amount_paid_kobo, fee_records_1.status AS fee_records_1_status, fee_records_1.created_at AS fee_records_1_created_at, fee_records_1.updated_at AS fee_records_1_updated_at 
FROM students LEFT OUTER JOIN fee_records AS fee_records_1 ON students.id = fee_records_1.student_id LEFT OUTER JOIN fee_types AS fee_types_1 ON fee_types_1.id = fee_records_1.fee_type_id 
WHERE students.school_id = ? AND students.is_active = 1 AND students.section = ?
2026-08-01 17:36:52,209 INFO sqlalchemy.engine.Engine [cached since 1235s ago] (1, 'Primary')
2026-08-01 17:36:52 | INFO     | sqlalchemy.engine.Engine | [cached since 1235s ago] (1, 'Primary')
2026-08-01 17:36:52,210 INFO sqlalchemy.engine.Engine SELECT students.id AS students_id, students.school_id AS students_school_id, students.student_name AS students_student_name, students.section AS students_section, students.class_name AS students_class_name, students.parent_name AS students_parent_name, students.parent_phone AS students_parent_phone, students.parent_email AS students_parent_email, students.is_active AS students_is_active, students.created_at AS students_created_at, fee_records_1.id AS fee_records_1_id, fee_records_1.student_id AS fee_records_1_student_id, fee_records_1.fee_type_id AS fee_records_1_fee_type_id, fee_records_1.total_fees_kobo AS fee_records_1_total_fees_kobo, fee_records_1.amount_paid_kobo AS fee_records_1_amount_paid_kobo, fee_records_1.status AS fee_records_1_status, fee_records_1.created_at AS fee_records_1_created_at, fee_records_1.updated_at AS fee_records_1_updated_at 
FROM students LEFT OUTER JOIN fee_records AS fee_records_1 ON students.id = fee_records_1.student_id 
WHERE students.school_id = ? AND students.is_active = 1
2026-08-01 17:36:52 | INFO     | sqlalchemy.engine.Engine | SELECT students.id AS students_id, students.school_id AS students_school_id, students.student_name AS students_student_name, students.section AS students_section, students.class_name AS students_class_name, students.parent_name AS students_parent_name, students.parent_phone AS students_parent_phone, students.parent_email AS students_parent_email, students.is_active AS students_is_active, students.created_at AS students_created_at, fee_records_1.id AS fee_records_1_id, fee_records_1.student_id AS fee_records_1_student_id, fee_records_1.fee_type_id AS fee_records_1_fee_type_id, fee_records_1.total_fees_kobo AS fee_records_1_total_fees_kobo, fee_records_1.amount_paid_kobo AS fee_records_1_amount_paid_kobo, fee_records_1.status AS fee_records_1_status, fee_records_1.created_at AS fee_records_1_created_at, fee_records_1.updated_at AS fee_records_1_updated_at 
FROM students LEFT OUTER JOIN fee_records AS fee_records_1 ON students.id = fee_records_1.student_id 
WHERE students.school_id = ? AND students.is_active = 1
2026-08-01 17:36:52,210 INFO sqlalchemy.engine.Engine [cached since 1291s ago] (1,)
2026-08-01 17:36:52 | INFO     | sqlalchemy.engine.Engine | [cached since 1291s ago] (1,)
2026-08-01 17:36:52,212 INFO sqlalchemy.engine.Engine SELECT fee_categories.id AS fee_categories_id, fee_categories.school_id AS fee_categories_school_id, fee_categories.name AS fee_categories_name, fee_categories.created_at AS fee_categories_created_at 
FROM fee_categories 
WHERE fee_categories.school_id = ? ORDER BY fee_categories.name
2026-08-01 17:36:52 | INFO     | sqlalchemy.engine.Engine | SELECT fee_categories.id AS fee_categories_id, fee_categories.school_id AS fee_categories_school_id, fee_categories.name AS fee_categories_name, fee_categories.created_at AS fee_categories_created_at 
FROM fee_categories 
WHERE fee_categories.school_id = ? ORDER BY fee_categories.name
2026-08-01 17:36:52,212 INFO sqlalchemy.engine.Engine [cached since 1353s ago] (1,)
2026-08-01 17:36:52 | INFO     | sqlalchemy.engine.Engine | [cached since 1353s ago] (1,)
2026-08-01 17:36:52,213 INFO sqlalchemy.engine.Engine SELECT fee_types.id AS fee_types_id, fee_types.school_id AS fee_types_school_id, fee_types.category_id AS fee_types_category_id, fee_types.section AS fee_types_section, fee_types.term AS fee_types_term, fee_types.amount_kobo AS fee_types_amount_kobo, fee_types.created_at AS fee_types_created_at 
FROM fee_types 
WHERE fee_types.category_id = ?
2026-08-01 17:36:52 | INFO     | sqlalchemy.engine.Engine | SELECT fee_types.id AS fee_types_id, fee_types.school_id AS fee_types_school_id, fee_types.category_id AS fee_types_category_id, fee_types.section AS fee_types_section, fee_types.term AS fee_types_term, fee_types.amount_kobo AS fee_types_amount_kobo, fee_types.created_at AS fee_types_created_at 
FROM fee_types 
WHERE fee_types.category_id = ?
2026-08-01 17:36:52,213 INFO sqlalchemy.engine.Engine [cached since 1290s ago] (8,)
2026-08-01 17:36:52 | INFO     | sqlalchemy.engine.Engine | [cached since 1290s ago] (8,)
2026-08-01 17:36:52,213 INFO sqlalchemy.engine.Engine SELECT fee_types.id AS fee_types_id, fee_types.school_id AS fee_types_school_id, fee_types.category_id AS fee_types_category_id, fee_types.section AS fee_types_section, fee_types.term AS fee_types_term, fee_types.amount_kobo AS fee_types_amount_kobo, fee_types.created_at AS fee_types_created_at 
FROM fee_types 
WHERE fee_types.category_id = ?
2026-08-01 17:36:52 | INFO     | sqlalchemy.engine.Engine | SELECT fee_types.id AS fee_types_id, fee_types.school_id AS fee_types_school_id, fee_types.category_id AS fee_types_category_id, fee_types.section AS fee_types_section, fee_types.term AS fee_types_term, fee_types.amount_kobo AS fee_types_amount_kobo, fee_types.created_at AS fee_types_created_at 
FROM fee_types 
WHERE fee_types.category_id = ?
2026-08-01 17:36:52,214 INFO sqlalchemy.engine.Engine [cached since 1290s ago] (3,)
2026-08-01 17:36:52 | INFO     | sqlalchemy.engine.Engine | [cached since 1290s ago] (3,)
2026-08-01 17:36:52,214 INFO sqlalchemy.engine.Engine SELECT fee_types.id AS fee_types_id, fee_types.school_id AS fee_types_school_id, fee_types.category_id AS fee_types_category_id, fee_types.section AS fee_types_section, fee_types.term AS fee_types_term, fee_types.amount_kobo AS fee_types_amount_kobo, fee_types.created_at AS fee_types_created_at 
FROM fee_types 
WHERE fee_types.category_id = ?
2026-08-01 17:36:52 | INFO     | sqlalchemy.engine.Engine | SELECT fee_types.id AS fee_types_id, fee_types.school_id AS fee_types_school_id, fee_types.category_id AS fee_types_category_id, fee_types.section AS fee_types_section, fee_types.term AS fee_types_term, fee_types.amount_kobo AS fee_types_amount_kobo, fee_types.created_at AS fee_types_created_at 
FROM fee_types 
WHERE fee_types.category_id = ?
2026-08-01 17:36:52,214 INFO sqlalchemy.engine.Engine [cached since 1291s ago] (6,)
2026-08-01 17:36:52 | INFO     | sqlalchemy.engine.Engine | [cached since 1291s ago] (6,)
2026-08-01 17:36:52,215 INFO sqlalchemy.engine.Engine SELECT fee_types.id AS fee_types_id, fee_types.school_id AS fee_types_school_id, fee_types.category_id AS fee_types_category_id, fee_types.section AS fee_types_section, fee_types.term AS fee_types_term, fee_types.amount_kobo AS fee_types_amount_kobo, fee_types.created_at AS fee_types_created_at 
FROM fee_types 
WHERE fee_types.category_id = ?
2026-08-01 17:36:52 | INFO     | sqlalchemy.engine.Engine | SELECT fee_types.id AS fee_types_id, fee_types.school_id AS fee_types_school_id, fee_types.category_id AS fee_types_category_id, fee_types.section AS fee_types_section, fee_types.term AS fee_types_term, fee_types.amount_kobo AS fee_types_amount_kobo, fee_types.created_at AS fee_types_created_at 
FROM fee_types 
WHERE fee_types.category_id = ?
2026-08-01 17:36:52,215 INFO sqlalchemy.engine.Engine [cached since 1291s ago] (4,)
2026-08-01 17:36:52 | INFO     | sqlalchemy.engine.Engine | [cached since 1291s ago] (4,)
2026-08-01 17:36:52,218 INFO sqlalchemy.engine.Engine SELECT fee_types.id AS fee_types_id, fee_types.school_id AS fee_types_school_id, fee_types.category_id AS fee_types_category_id, fee_types.section AS fee_types_section, fee_types.term AS fee_types_term, fee_types.amount_kobo AS fee_types_amount_kobo, fee_types.created_at AS fee_types_created_at 
FROM fee_types 
WHERE fee_types.category_id = ?
2026-08-01 17:36:52 | INFO     | sqlalchemy.engine.Engine | SELECT fee_types.id AS fee_types_id, fee_types.school_id AS fee_types_school_id, fee_types.category_id AS fee_types_category_id, fee_types.section AS fee_types_section, fee_types.term AS fee_types_term, fee_types.amount_kobo AS fee_types_amount_kobo, fee_types.created_at AS fee_types_created_at 
FROM fee_types 
WHERE fee_types.category_id = ?
2026-08-01 17:36:52,218 INFO sqlalchemy.engine.Engine [cached since 1291s ago] (7,)
2026-08-01 17:36:52 | INFO     | sqlalchemy.engine.Engine | [cached since 1291s ago] (7,)
2026-08-01 17:36:52,220 INFO sqlalchemy.engine.Engine SELECT fee_types.id AS fee_types_id, fee_types.school_id AS fee_types_school_id, fee_types.category_id AS fee_types_category_id, fee_types.section AS fee_types_section, fee_types.term AS fee_types_term, fee_types.amount_kobo AS fee_types_amount_kobo, fee_types.created_at AS fee_types_created_at 
FROM fee_types 
WHERE fee_types.category_id = ?
2026-08-01 17:36:52 | INFO     | sqlalchemy.engine.Engine | SELECT fee_types.id AS fee_types_id, fee_types.school_id AS fee_types_school_id, fee_types.category_id AS fee_types_category_id, fee_types.section AS fee_types_section, fee_types.term AS fee_types_term, fee_types.amount_kobo AS fee_types_amount_kobo, fee_types.created_at AS fee_types_created_at 
FROM fee_types 
WHERE fee_types.category_id = ?
2026-08-01 17:36:52,220 INFO sqlalchemy.engine.Engine [cached since 1291s ago] (2,)
2026-08-01 17:36:52 | INFO     | sqlalchemy.engine.Engine | [cached since 1291s ago] (2,)
2026-08-01 17:36:52,222 INFO sqlalchemy.engine.Engine SELECT fee_types.id AS fee_types_id, fee_types.school_id AS fee_types_school_id, fee_types.category_id AS fee_types_category_id, fee_types.section AS fee_types_section, fee_types.term AS fee_types_term, fee_types.amount_kobo AS fee_types_amount_kobo, fee_types.created_at AS fee_types_created_at 
FROM fee_types 
WHERE fee_types.category_id = ?
2026-08-01 17:36:52 | INFO     | sqlalchemy.engine.Engine | SELECT fee_types.id AS fee_types_id, fee_types.school_id AS fee_types_school_id, fee_types.category_id AS fee_types_category_id, fee_types.section AS fee_types_section, fee_types.term AS fee_types_term, fee_types.amount_kobo AS fee_types_amount_kobo, fee_types.created_at AS fee_types_created_at 
FROM fee_types 
WHERE fee_types.category_id = ?
2026-08-01 17:36:52,222 INFO sqlalchemy.engine.Engine [cached since 1291s ago] (1,)
2026-08-01 17:36:52 | INFO     | sqlalchemy.engine.Engine | [cached since 1291s ago] (1,)
2026-08-01 17:36:52,223 INFO sqlalchemy.engine.Engine SELECT fee_records.id AS fee_records_id, fee_records.student_id AS fee_records_student_id, fee_records.fee_type_id AS fee_records_fee_type_id, fee_records.total_fees_kobo AS fee_records_total_fees_kobo, fee_records.amount_paid_kobo AS fee_records_amount_paid_kobo, fee_records.status AS fee_records_status, fee_records.created_at AS fee_records_created_at, fee_records.updated_at AS fee_records_updated_at 
FROM fee_records 
WHERE fee_records.fee_type_id IN (?, ?)
2026-08-01 17:36:52 | INFO     | sqlalchemy.engine.Engine | SELECT fee_records.id AS fee_records_id, fee_records.student_id AS fee_records_student_id, fee_records.fee_type_id AS fee_records_fee_type_id, fee_records.total_fees_kobo AS fee_records_total_fees_kobo, fee_records.amount_paid_kobo AS fee_records_amount_paid_kobo, fee_records.status AS fee_records_status, fee_records.created_at AS fee_records_created_at, fee_records.updated_at AS fee_records_updated_at 
FROM fee_records 
WHERE fee_records.fee_type_id IN (?, ?)
2026-08-01 17:36:52,223 INFO sqlalchemy.engine.Engine [cached since 1290s ago] (1, 3)
2026-08-01 17:36:52 | INFO     | sqlalchemy.engine.Engine | [cached since 1290s ago] (1, 3)
2026-08-01 17:36:52,224 INFO sqlalchemy.engine.Engine SELECT fee_types.id AS fee_types_id, fee_types.school_id AS fee_types_school_id, fee_types.category_id AS fee_types_category_id, fee_types.section AS fee_types_section, fee_types.term AS fee_types_term, fee_types.amount_kobo AS fee_types_amount_kobo, fee_types.created_at AS fee_types_created_at 
FROM fee_types 
WHERE fee_types.category_id = ?
2026-08-01 17:36:52 | INFO     | sqlalchemy.engine.Engine | SELECT fee_types.id AS fee_types_id, fee_types.school_id AS fee_types_school_id, fee_types.category_id AS fee_types_category_id, fee_types.section AS fee_types_section, fee_types.term AS fee_types_term, fee_types.amount_kobo AS fee_types_amount_kobo, fee_types.created_at AS fee_types_created_at 
FROM fee_types 
WHERE fee_types.category_id = ?
2026-08-01 17:36:52,225 INFO sqlalchemy.engine.Engine [cached since 1291s ago] (5,)
2026-08-01 17:36:52 | INFO     | sqlalchemy.engine.Engine | [cached since 1291s ago] (5,)
INFO:     127.0.0.1:57773 - "GET /api/v1/dashboard/summary?school_id=1&section=Primary HTTP/1.1" 200 OK
2026-08-01 17:36:52,226 INFO sqlalchemy.engine.Engine ROLLBACK
2026-08-01 17:36:52 | INFO     | sqlalchemy.engine.Engine | ROLLBACK
2026-08-01 17:36:52,378 INFO sqlalchemy.engine.Engine SELECT activity_logs.id AS activity_logs_id, activity_logs.school_id AS activity_logs_school_id, activity_logs.student_id AS activity_logs_student_id, activity_logs.action AS activity_logs_action, activity_logs.description AS activity_logs_description, activity_logs.created_at AS activity_logs_created_at 
FROM activity_logs 
WHERE activity_logs.school_id = ? ORDER BY activity_logs.created_at DESC
 LIMIT ? OFFSET ?
2026-08-01 17:36:52 | INFO     | sqlalchemy.engine.Engine | SELECT activity_logs.id AS activity_logs_id, activity_logs.school_id AS activity_logs_school_id, activity_logs.student_id AS activity_logs_student_id, activity_logs.action AS activity_logs_action, activity_logs.description AS activity_logs_description, activity_logs.created_at AS activity_logs_created_at 
FROM activity_logs 
WHERE activity_logs.school_id = ? ORDER BY activity_logs.created_at DESC
 LIMIT ? OFFSET ?
2026-08-01 17:36:52,379 INFO sqlalchemy.engine.Engine [cached since 1291s ago] (1, 6, 0)
2026-08-01 17:36:52 | INFO     | sqlalchemy.engine.Engine | [cached since 1291s ago] (1, 6, 0)
INFO:     127.0.0.1:57774 - "GET /api/v1/activity/?school_id=1&limit=6 HTTP/1.1" 200 OK
2026-08-01 17:36:52,395 INFO sqlalchemy.engine.Engine ROLLBACK
2026-08-01 17:36:52 | INFO     | sqlalchemy.engine.Engine | ROLLBACK
2026-08-01 17:36:54,411 INFO sqlalchemy.engine.Engine BEGIN (implicit)
2026-08-01 17:36:54 | INFO     | sqlalchemy.engine.Engine | BEGIN (implicit)
2026-08-01 17:36:54,412 INFO sqlalchemy.engine.Engine SELECT users.id AS users_id, users.school_id AS users_school_id, users.email AS users_email, users.hashed_password AS users_hashed_password, users.role AS users_role, users.is_active AS users_is_active, users.created_at AS users_created_at, users.last_login AS users_last_login 
FROM users 
WHERE users.id = ?
 LIMIT ? OFFSET ?
2026-08-01 17:36:54 | INFO     | sqlalchemy.engine.Engine | SELECT users.id AS users_id, users.school_id AS users_school_id, users.email AS users_email, users.hashed_password AS users_hashed_password, users.role AS users_role, users.is_active AS users_is_active, users.created_at AS users_created_at, users.last_login AS users_last_login 
FROM users 
WHERE users.id = ?
 LIMIT ? OFFSET ?
2026-08-01 17:36:54,413 INFO sqlalchemy.engine.Engine BEGIN (implicit)
2026-08-01 17:36:54 | INFO     | sqlalchemy.engine.Engine | BEGIN (implicit)
2026-08-01 17:36:54,413 INFO sqlalchemy.engine.Engine [cached since 1355s ago] (1, 1, 0)
2026-08-01 17:36:54 | INFO     | sqlalchemy.engine.Engine | [cached since 1355s ago] (1, 1, 0)
2026-08-01 17:36:54,423 INFO sqlalchemy.engine.Engine SELECT activity_logs.id AS activity_logs_id, activity_logs.school_id AS activity_logs_school_id, activity_logs.student_id AS activity_logs_student_id, activity_logs.action AS activity_logs_action, activity_logs.description AS activity_logs_description, activity_logs.created_at AS activity_logs_created_at 
FROM activity_logs 
WHERE activity_logs.school_id = ? ORDER BY activity_logs.created_at DESC
 LIMIT ? OFFSET ?
2026-08-01 17:36:54 | INFO     | sqlalchemy.engine.Engine | SELECT activity_logs.id AS activity_logs_id, activity_logs.school_id AS activity_logs_school_id, activity_logs.student_id AS activity_logs_student_id, activity_logs.action AS activity_logs_action, activity_logs.description AS activity_logs_description, activity_logs.created_at AS activity_logs_created_at 
FROM activity_logs 
WHERE activity_logs.school_id = ? ORDER BY activity_logs.created_at DESC
 LIMIT ? OFFSET ?
2026-08-01 17:36:54,414 INFO sqlalchemy.engine.Engine SELECT users.id AS users_id, users.school_id AS users_school_id, users.email AS users_email, users.hashed_password AS users_hashed_password, users.role AS users_role, users.is_active AS users_is_active, users.created_at AS users_created_at, users.last_login AS users_last_login 
FROM users 
WHERE users.id = ?
 LIMIT ? OFFSET ?
2026-08-01 17:36:54,424 INFO sqlalchemy.engine.Engine [cached since 1293s ago] (1, 6, 0)
2026-08-01 17:36:54 | INFO     | sqlalchemy.engine.Engine | SELECT users.id AS users_id, users.school_id AS users_school_id, users.email AS users_email, users.hashed_password AS users_hashed_password, users.role AS users_role, users.is_active AS users_is_active, users.created_at AS users_created_at, users.last_login AS users_last_login 
FROM users 
WHERE users.id = ?
 LIMIT ? OFFSET ?
2026-08-01 17:36:54,424 INFO sqlalchemy.engine.Engine [cached since 1355s ago] (1, 1, 0)
2026-08-01 17:36:54 | INFO     | sqlalchemy.engine.Engine | [cached since 1355s ago] (1, 1, 0)
2026-08-01 17:36:54 | INFO     | sqlalchemy.engine.Engine | [cached since 1293s ago] (1, 6, 0)
2026-08-01 17:36:54,429 INFO sqlalchemy.engine.Engine SELECT schools.id AS schools_id, schools.name AS schools_name, schools.slug AS schools_slug, schools.phone AS schools_phone, schools.email AS schools_email, schools.address AS schools_address, schools.is_active AS schools_is_active, schools.created_at AS schools_created_at 
FROM schools 
WHERE schools.id = ?
 LIMIT ? OFFSET ?
2026-08-01 17:36:54 | INFO     | sqlalchemy.engine.Engine | SELECT schools.id AS schools_id, schools.name AS schools_name, schools.slug AS schools_slug, schools.phone AS schools_phone, schools.email AS schools_email, schools.address AS schools_address, schools.is_active AS schools_is_active, schools.created_at AS schools_created_at 
FROM schools 
WHERE schools.id = ?
 LIMIT ? OFFSET ?
2026-08-01 17:36:54,429 INFO sqlalchemy.engine.Engine [cached since 1293s ago] (1, 1, 0)
2026-08-01 17:36:54 | INFO     | sqlalchemy.engine.Engine | [cached since 1293s ago] (1, 1, 0)
2026-08-01 17:36:54,431 INFO sqlalchemy.engine.Engine SELECT students.id AS students_id, students.school_id AS students_school_id, students.student_name AS students_student_name, students.section AS students_section, students.class_name AS students_class_name, students.parent_name AS students_parent_name, students.parent_phone AS students_parent_phone, students.parent_email AS students_parent_email, students.is_active AS students_is_active, students.created_at AS students_created_at, fee_types_1.id AS fee_types_1_id, fee_types_1.school_id AS fee_types_1_school_id, fee_types_1.category_id AS fee_types_1_category_id, fee_types_1.section AS fee_types_1_section, fee_types_1.term AS fee_types_1_term, fee_types_1.amount_kobo AS fee_types_1_amount_kobo, fee_types_1.created_at AS fee_types_1_created_at, fee_records_1.id AS fee_records_1_id, fee_records_1.student_id AS fee_records_1_student_id, fee_records_1.fee_type_id AS fee_records_1_fee_type_id, fee_records_1.total_fees_kobo AS fee_records_1_total_fees_kobo, fee_records_1.amount_paid_kobo AS fee_records_1_amount_paid_kobo, fee_records_1.status AS fee_records_1_status, fee_records_1.created_at AS fee_records_1_created_at, fee_records_1.updated_at AS fee_records_1_updated_at 
FROM students LEFT OUTER JOIN fee_records AS fee_records_1 ON students.id = fee_records_1.student_id LEFT OUTER JOIN fee_types AS fee_types_1 ON fee_types_1.id = fee_records_1.fee_type_id 
WHERE students.school_id = ? AND students.is_active = 1 AND students.section = ?
2026-08-01 17:36:54 | INFO     | sqlalchemy.engine.Engine | SELECT students.id AS students_id, students.school_id AS students_school_id, students.student_name AS students_student_name, students.section AS students_section, students.class_name AS students_class_name, students.parent_name AS students_parent_name, students.parent_phone AS students_parent_phone, students.parent_email AS students_parent_email, students.is_active AS students_is_active, students.created_at AS students_created_at, fee_types_1.id AS fee_types_1_id, fee_types_1.school_id AS fee_types_1_school_id, fee_types_1.category_id AS fee_types_1_category_id, fee_types_1.section AS fee_types_1_section, fee_types_1.term AS fee_types_1_term, fee_types_1.amount_kobo AS fee_types_1_amount_kobo, fee_types_1.created_at AS fee_types_1_created_at, fee_records_1.id AS fee_records_1_id, fee_records_1.student_id AS fee_records_1_student_id, fee_records_1.fee_type_id AS fee_records_1_fee_type_id, fee_records_1.total_fees_kobo AS fee_records_1_total_fees_kobo, fee_records_1.amount_paid_kobo AS fee_records_1_amount_paid_kobo, fee_records_1.status AS fee_records_1_status, fee_records_1.created_at AS fee_records_1_created_at, fee_records_1.updated_at AS fee_records_1_updated_at 
FROM students LEFT OUTER JOIN fee_records AS fee_records_1 ON students.id = fee_records_1.student_id LEFT OUTER JOIN fee_types AS fee_types_1 ON fee_types_1.id = fee_records_1.fee_type_id 
WHERE students.school_id = ? AND students.is_active = 1 AND students.section = ?
2026-08-01 17:36:54,431 INFO sqlalchemy.engine.Engine [cached since 1237s ago] (1, 'Secondary')
2026-08-01 17:36:54 | INFO     | sqlalchemy.engine.Engine | [cached since 1237s ago] (1, 'Secondary')
INFO:     127.0.0.1:57773 - "GET /api/v1/activity/?school_id=1&limit=6 HTTP/1.1" 200 OK
2026-08-01 17:36:54,443 INFO sqlalchemy.engine.Engine SELECT students.id AS students_id, students.school_id AS students_school_id, students.student_name AS students_student_name, students.section AS students_section, students.class_name AS students_class_name, students.parent_name AS students_parent_name, students.parent_phone AS students_parent_phone, students.parent_email AS students_parent_email, students.is_active AS students_is_active, students.created_at AS students_created_at, fee_records_1.id AS fee_records_1_id, fee_records_1.student_id AS fee_records_1_student_id, fee_records_1.fee_type_id AS fee_records_1_fee_type_id, fee_records_1.total_fees_kobo AS fee_records_1_total_fees_kobo, fee_records_1.amount_paid_kobo AS fee_records_1_amount_paid_kobo, fee_records_1.status AS fee_records_1_status, fee_records_1.created_at AS fee_records_1_created_at, fee_records_1.updated_at AS fee_records_1_updated_at 
FROM students LEFT OUTER JOIN fee_records AS fee_records_1 ON students.id = fee_records_1.student_id 
WHERE students.school_id = ? AND students.is_active = 1
2026-08-01 17:36:54 | INFO     | sqlalchemy.engine.Engine | SELECT students.id AS students_id, students.school_id AS students_school_id, students.student_name AS students_student_name, students.section AS students_section, students.class_name AS students_class_name, students.parent_name AS students_parent_name, students.parent_phone AS students_parent_phone, students.parent_email AS students_parent_email, students.is_active AS students_is_active, students.created_at AS students_created_at, fee_records_1.id AS fee_records_1_id, fee_records_1.student_id AS fee_records_1_student_id, fee_records_1.fee_type_id AS fee_records_1_fee_type_id, fee_records_1.total_fees_kobo AS fee_records_1_total_fees_kobo, fee_records_1.amount_paid_kobo AS fee_records_1_amount_paid_kobo, fee_records_1.status AS fee_records_1_status, fee_records_1.created_at AS fee_records_1_created_at, fee_records_1.updated_at AS fee_records_1_updated_at 
FROM students LEFT OUTER JOIN fee_records AS fee_records_1 ON students.id = fee_records_1.student_id 
WHERE students.school_id = ? AND students.is_active = 1
2026-08-01 17:36:54,443 INFO sqlalchemy.engine.Engine ROLLBACK
2026-08-01 17:36:54,444 INFO sqlalchemy.engine.Engine [cached since 1293s ago] (1,)
2026-08-01 17:36:54 | INFO     | sqlalchemy.engine.Engine | [cached since 1293s ago] (1,)
2026-08-01 17:36:54 | INFO     | sqlalchemy.engine.Engine | ROLLBACK
2026-08-01 17:36:54,445 INFO sqlalchemy.engine.Engine SELECT fee_categories.id AS fee_categories_id, fee_categories.school_id AS fee_categories_school_id, fee_categories.name AS fee_categories_name, fee_categories.created_at AS fee_categories_created_at 
FROM fee_categories 
WHERE fee_categories.school_id = ? ORDER BY fee_categories.name
2026-08-01 17:36:54 | INFO     | sqlalchemy.engine.Engine | SELECT fee_categories.id AS fee_categories_id, fee_categories.school_id AS fee_categories_school_id, fee_categories.name AS fee_categories_name, fee_categories.created_at AS fee_categories_created_at 
FROM fee_categories 
WHERE fee_categories.school_id = ? ORDER BY fee_categories.name
2026-08-01 17:36:54,446 INFO sqlalchemy.engine.Engine [cached since 1355s ago] (1,)
2026-08-01 17:36:54 | INFO     | sqlalchemy.engine.Engine | [cached since 1355s ago] (1,)
2026-08-01 17:36:54,446 INFO sqlalchemy.engine.Engine SELECT fee_types.id AS fee_types_id, fee_types.school_id AS fee_types_school_id, fee_types.category_id AS fee_types_category_id, fee_types.section AS fee_types_section, fee_types.term AS fee_types_term, fee_types.amount_kobo AS fee_types_amount_kobo, fee_types.created_at AS fee_types_created_at 
FROM fee_types 
WHERE fee_types.category_id = ?
2026-08-01 17:36:54 | INFO     | sqlalchemy.engine.Engine | SELECT fee_types.id AS fee_types_id, fee_types.school_id AS fee_types_school_id, fee_types.category_id AS fee_types_category_id, fee_types.section AS fee_types_section, fee_types.term AS fee_types_term, fee_types.amount_kobo AS fee_types_amount_kobo, fee_types.created_at AS fee_types_created_at 
FROM fee_types 
WHERE fee_types.category_id = ?
2026-08-01 17:36:54,446 INFO sqlalchemy.engine.Engine [cached since 1293s ago] (8,)
2026-08-01 17:36:54 | INFO     | sqlalchemy.engine.Engine | [cached since 1293s ago] (8,)
2026-08-01 17:36:54,447 INFO sqlalchemy.engine.Engine SELECT fee_types.id AS fee_types_id, fee_types.school_id AS fee_types_school_id, fee_types.category_id AS fee_types_category_id, fee_types.section AS fee_types_section, fee_types.term AS fee_types_term, fee_types.amount_kobo AS fee_types_amount_kobo, fee_types.created_at AS fee_types_created_at 
FROM fee_types 
WHERE fee_types.category_id = ?
2026-08-01 17:36:54 | INFO     | sqlalchemy.engine.Engine | SELECT fee_types.id AS fee_types_id, fee_types.school_id AS fee_types_school_id, fee_types.category_id AS fee_types_category_id, fee_types.section AS fee_types_section, fee_types.term AS fee_types_term, fee_types.amount_kobo AS fee_types_amount_kobo, fee_types.created_at AS fee_types_created_at 
FROM fee_types 
WHERE fee_types.category_id = ?
2026-08-01 17:36:54,447 INFO sqlalchemy.engine.Engine [cached since 1293s ago] (3,)
2026-08-01 17:36:54 | INFO     | sqlalchemy.engine.Engine | [cached since 1293s ago] (3,)
2026-08-01 17:36:54,448 INFO sqlalchemy.engine.Engine SELECT fee_types.id AS fee_types_id, fee_types.school_id AS fee_types_school_id, fee_types.category_id AS fee_types_category_id, fee_types.section AS fee_types_section, fee_types.term AS fee_types_term, fee_types.amount_kobo AS fee_types_amount_kobo, fee_types.created_at AS fee_types_created_at 
FROM fee_types 
WHERE fee_types.category_id = ?
2026-08-01 17:36:54 | INFO     | sqlalchemy.engine.Engine | SELECT fee_types.id AS fee_types_id, fee_types.school_id AS fee_types_school_id, fee_types.category_id AS fee_types_category_id, fee_types.section AS fee_types_section, fee_types.term AS fee_types_term, fee_types.amount_kobo AS fee_types_amount_kobo, fee_types.created_at AS fee_types_created_at 
FROM fee_types 
WHERE fee_types.category_id = ?
2026-08-01 17:36:54,448 INFO sqlalchemy.engine.Engine [cached since 1293s ago] (6,)
2026-08-01 17:36:54 | INFO     | sqlalchemy.engine.Engine | [cached since 1293s ago] (6,)
2026-08-01 17:36:54,448 INFO sqlalchemy.engine.Engine SELECT fee_types.id AS fee_types_id, fee_types.school_id AS fee_types_school_id, fee_types.category_id AS fee_types_category_id, fee_types.section AS fee_types_section, fee_types.term AS fee_types_term, fee_types.amount_kobo AS fee_types_amount_kobo, fee_types.created_at AS fee_types_created_at 
FROM fee_types 
WHERE fee_types.category_id = ?
2026-08-01 17:36:54 | INFO     | sqlalchemy.engine.Engine | SELECT fee_types.id AS fee_types_id, fee_types.school_id AS fee_types_school_id, fee_types.category_id AS fee_types_category_id, fee_types.section AS fee_types_section, fee_types.term AS fee_types_term, fee_types.amount_kobo AS fee_types_amount_kobo, fee_types.created_at AS fee_types_created_at 
FROM fee_types 
WHERE fee_types.category_id = ?
2026-08-01 17:36:54,449 INFO sqlalchemy.engine.Engine [cached since 1293s ago] (4,)
2026-08-01 17:36:54 | INFO     | sqlalchemy.engine.Engine | [cached since 1293s ago] (4,)
2026-08-01 17:36:54,452 INFO sqlalchemy.engine.Engine SELECT fee_types.id AS fee_types_id, fee_types.school_id AS fee_types_school_id, fee_types.category_id AS fee_types_category_id, fee_types.section AS fee_types_section, fee_types.term AS fee_types_term, fee_types.amount_kobo AS fee_types_amount_kobo, fee_types.created_at AS fee_types_created_at 
FROM fee_types 
WHERE fee_types.category_id = ?
2026-08-01 17:36:54 | INFO     | sqlalchemy.engine.Engine | SELECT fee_types.id AS fee_types_id, fee_types.school_id AS fee_types_school_id, fee_types.category_id AS fee_types_category_id, fee_types.section AS fee_types_section, fee_types.term AS fee_types_term, fee_types.amount_kobo AS fee_types_amount_kobo, fee_types.created_at AS fee_types_created_at 
FROM fee_types 
WHERE fee_types.category_id = ?
2026-08-01 17:36:54,452 INFO sqlalchemy.engine.Engine [cached since 1293s ago] (7,)
2026-08-01 17:36:54 | INFO     | sqlalchemy.engine.Engine | [cached since 1293s ago] (7,)
2026-08-01 17:36:54,455 INFO sqlalchemy.engine.Engine SELECT fee_types.id AS fee_types_id, fee_types.school_id AS fee_types_school_id, fee_types.category_id AS fee_types_category_id, fee_types.section AS fee_types_section, fee_types.term AS fee_types_term, fee_types.amount_kobo AS fee_types_amount_kobo, fee_types.created_at AS fee_types_created_at 
FROM fee_types 
WHERE fee_types.category_id = ?
2026-08-01 17:36:54 | INFO     | sqlalchemy.engine.Engine | SELECT fee_types.id AS fee_types_id, fee_types.school_id AS fee_types_school_id, fee_types.category_id AS fee_types_category_id, fee_types.section AS fee_types_section, fee_types.term AS fee_types_term, fee_types.amount_kobo AS fee_types_amount_kobo, fee_types.created_at AS fee_types_created_at 
FROM fee_types 
WHERE fee_types.category_id = ?
2026-08-01 17:36:54,455 INFO sqlalchemy.engine.Engine [cached since 1293s ago] (2,)
2026-08-01 17:36:54 | INFO     | sqlalchemy.engine.Engine | [cached since 1293s ago] (2,)
2026-08-01 17:36:54,456 INFO sqlalchemy.engine.Engine SELECT fee_types.id AS fee_types_id, fee_types.school_id AS fee_types_school_id, fee_types.category_id AS fee_types_category_id, fee_types.section AS fee_types_section, fee_types.term AS fee_types_term, fee_types.amount_kobo AS fee_types_amount_kobo, fee_types.created_at AS fee_types_created_at 
FROM fee_types 
WHERE fee_types.category_id = ?
2026-08-01 17:36:54 | INFO     | sqlalchemy.engine.Engine | SELECT fee_types.id AS fee_types_id, fee_types.school_id AS fee_types_school_id, fee_types.category_id AS fee_types_category_id, fee_types.section AS fee_types_section, fee_types.term AS fee_types_term, fee_types.amount_kobo AS fee_types_amount_kobo, fee_types.created_at AS fee_types_created_at 
FROM fee_types 
WHERE fee_types.category_id = ?
2026-08-01 17:36:54,456 INFO sqlalchemy.engine.Engine [cached since 1293s ago] (1,)
2026-08-01 17:36:54 | INFO     | sqlalchemy.engine.Engine | [cached since 1293s ago] (1,)
2026-08-01 17:36:54,457 INFO sqlalchemy.engine.Engine SELECT fee_records.id AS fee_records_id, fee_records.student_id AS fee_records_student_id, fee_records.fee_type_id AS fee_records_fee_type_id, fee_records.total_fees_kobo AS fee_records_total_fees_kobo, fee_records.amount_paid_kobo AS fee_records_amount_paid_kobo, fee_records.status AS fee_records_status, fee_records.created_at AS fee_records_created_at, fee_records.updated_at AS fee_records_updated_at 
FROM fee_records 
WHERE fee_records.fee_type_id IN (?, ?)
2026-08-01 17:36:54 | INFO     | sqlalchemy.engine.Engine | SELECT fee_records.id AS fee_records_id, fee_records.student_id AS fee_records_student_id, fee_records.fee_type_id AS fee_records_fee_type_id, fee_records.total_fees_kobo AS fee_records_total_fees_kobo, fee_records.amount_paid_kobo AS fee_records_amount_paid_kobo, fee_records.status AS fee_records_status, fee_records.created_at AS fee_records_created_at, fee_records.updated_at AS fee_records_updated_at 
FROM fee_records 
WHERE fee_records.fee_type_id IN (?, ?)
2026-08-01 17:36:54,457 INFO sqlalchemy.engine.Engine [cached since 1293s ago] (1, 3)
2026-08-01 17:36:54 | INFO     | sqlalchemy.engine.Engine | [cached since 1293s ago] (1, 3)
2026-08-01 17:36:54,458 INFO sqlalchemy.engine.Engine SELECT fee_types.id AS fee_types_id, fee_types.school_id AS fee_types_school_id, fee_types.category_id AS fee_types_category_id, fee_types.section AS fee_types_section, fee_types.term AS fee_types_term, fee_types.amount_kobo AS fee_types_amount_kobo, fee_types.created_at AS fee_types_created_at 
FROM fee_types 
WHERE fee_types.category_id = ?
2026-08-01 17:36:54 | INFO     | sqlalchemy.engine.Engine | SELECT fee_types.id AS fee_types_id, fee_types.school_id AS fee_types_school_id, fee_types.category_id AS fee_types_category_id, fee_types.section AS fee_types_section, fee_types.term AS fee_types_term, fee_types.amount_kobo AS fee_types_amount_kobo, fee_types.created_at AS fee_types_created_at 
FROM fee_types 
WHERE fee_types.category_id = ?
2026-08-01 17:36:54,458 INFO sqlalchemy.engine.Engine [cached since 1293s ago] (5,)
2026-08-01 17:36:54 | INFO     | sqlalchemy.engine.Engine | [cached since 1293s ago] (5,)
INFO:     127.0.0.1:57774 - "GET /api/v1/dashboard/summary?school_id=1&section=Secondary HTTP/1.1" 200 OK
2026-08-01 17:36:54,459 INFO sqlalchemy.engine.Engine ROLLBACK
2026-08-01 17:36:54 | INFO     | sqlalchemy.engine.Engine | ROLLBACK
INFO:     127.0.0.1:57885 - "GET / HTTP/1.1" 200 OK
2026-08-01 17:38:22,119 INFO sqlalchemy.engine.Engine BEGIN (implicit)
2026-08-01 17:38:22 | INFO     | sqlalchemy.engine.Engine | BEGIN (implicit)
2026-08-01 17:38:22,120 INFO sqlalchemy.engine.Engine SELECT users.id AS users_id, users.school_id AS users_school_id, users.email AS users_email, users.hashed_password AS users_hashed_password, users.role AS users_role, users.is_active AS users_is_active, users.created_at AS users_created_at, users.last_login AS users_last_login 
FROM users 
WHERE users.id = ?
 LIMIT ? OFFSET ?
2026-08-01 17:38:22 | INFO     | sqlalchemy.engine.Engine | SELECT users.id AS users_id, users.school_id AS users_school_id, users.email AS users_email, users.hashed_password AS users_hashed_password, users.role AS users_role, users.is_active AS users_is_active, users.created_at AS users_created_at, users.last_login AS users_last_login 
FROM users 
WHERE users.id = ?
 LIMIT ? OFFSET ?
2026-08-01 17:38:22,121 INFO sqlalchemy.engine.Engine [cached since 1443s ago] (1, 1, 0)
2026-08-01 17:38:22 | INFO     | sqlalchemy.engine.Engine | [cached since 1443s ago] (1, 1, 0)
2026-08-01 17:38:22,130 INFO sqlalchemy.engine.Engine SELECT fee_types.id AS fee_types_id, fee_types.school_id AS fee_types_school_id, fee_types.category_id AS fee_types_category_id, fee_types.section AS fee_types_section, fee_types.term AS fee_types_term, fee_types.amount_kobo AS fee_types_amount_kobo, fee_types.created_at AS fee_types_created_at, fee_categories_1.id AS fee_categories_1_id, fee_categories_1.school_id AS fee_categories_1_school_id, fee_categories_1.name AS fee_categories_1_name, fee_categories_1.created_at AS fee_categories_1_created_at 
FROM fee_types LEFT OUTER JOIN fee_categories AS fee_categories_1 ON fee_categories_1.id = fee_types.category_id 
WHERE fee_types.school_id = ? ORDER BY fee_types.term DESC, fee_types.section
2026-08-01 17:38:22 | INFO     | sqlalchemy.engine.Engine | SELECT fee_types.id AS fee_types_id, fee_types.school_id AS fee_types_school_id, fee_types.category_id AS fee_types_category_id, fee_types.section AS fee_types_section, fee_types.term AS fee_types_term, fee_types.amount_kobo AS fee_types_amount_kobo, fee_types.created_at AS fee_types_created_at, fee_categories_1.id AS fee_categories_1_id, fee_categories_1.school_id AS fee_categories_1_school_id, fee_categories_1.name AS fee_categories_1_name, fee_categories_1.created_at AS fee_categories_1_created_at 
FROM fee_types LEFT OUTER JOIN fee_categories AS fee_categories_1 ON fee_categories_1.id = fee_types.category_id 
WHERE fee_types.school_id = ? ORDER BY fee_types.term DESC, fee_types.section
2026-08-01 17:38:22,131 INFO sqlalchemy.engine.Engine [cached since 1380s ago] (1,)
2026-08-01 17:38:22 | INFO     | sqlalchemy.engine.Engine | [cached since 1380s ago] (1,)
INFO:     127.0.0.1:57886 - "GET /api/v1/fees/types?school_id=1 HTTP/1.1" 200 OK
2026-08-01 17:38:22,135 INFO sqlalchemy.engine.Engine ROLLBACK
2026-08-01 17:38:22 | INFO     | sqlalchemy.engine.Engine | ROLLBACK
2026-08-01 17:39:04,839 INFO sqlalchemy.engine.Engine BEGIN (implicit)
2026-08-01 17:39:04 | INFO     | sqlalchemy.engine.Engine | BEGIN (implicit)
2026-08-01 17:39:04,840 INFO sqlalchemy.engine.Engine SELECT users.id AS users_id, users.school_id AS users_school_id, users.email AS users_email, users.hashed_password AS users_hashed_password, users.role AS users_role, users.is_active AS users_is_active, users.created_at AS users_created_at, users.last_login AS users_last_login 
FROM users 
WHERE users.id = ?
 LIMIT ? OFFSET ?
2026-08-01 17:39:04 | INFO     | sqlalchemy.engine.Engine | SELECT users.id AS users_id, users.school_id AS users_school_id, users.email AS users_email, users.hashed_password AS users_hashed_password, users.role AS users_role, users.is_active AS users_is_active, users.created_at AS users_created_at, users.last_login AS users_last_login 
FROM users 
WHERE users.id = ?
 LIMIT ? OFFSET ?
2026-08-01 17:39:04,841 INFO sqlalchemy.engine.Engine [cached since 1486s ago] (1, 1, 0)
2026-08-01 17:39:04 | INFO     | sqlalchemy.engine.Engine | [cached since 1486s ago] (1, 1, 0)
2026-08-01 17:39:04,859 INFO sqlalchemy.engine.Engine SELECT anon_1.students_id AS anon_1_students_id, anon_1.students_school_id AS anon_1_students_school_id, anon_1.students_student_name AS anon_1_students_student_name, anon_1.students_section AS anon_1_students_section, anon_1.students_class_name AS anon_1_students_class_name, anon_1.students_parent_name AS anon_1_students_parent_name, anon_1.students_parent_phone AS anon_1_students_parent_phone, anon_1.students_parent_email AS anon_1_students_parent_email, anon_1.students_is_active AS anon_1_students_is_active, anon_1.students_created_at AS anon_1_students_created_at, fee_categories_1.id AS fee_categories_1_id, fee_categories_1.school_id AS fee_categories_1_school_id, fee_categories_1.name AS fee_categories_1_name, fee_categories_1.created_at AS fee_categories_1_created_at, fee_types_1.id AS fee_types_1_id, fee_types_1.school_id AS fee_types_1_school_id, fee_types_1.category_id AS fee_types_1_category_id, fee_types_1.section AS fee_types_1_section, fee_types_1.term AS fee_types_1_term, fee_types_1.amount_kobo AS fee_types_1_amount_kobo, fee_types_1.created_at AS fee_types_1_created_at, payments_1.id AS payments_1_id, payments_1.fee_record_id AS payments_1_fee_record_id, payments_1.amount_kobo AS payments_1_amount_kobo, payments_1.method AS payments_1_method, payments_1.paystack_reference AS payments_1_paystack_reference, payments_1.recorded_by AS payments_1_recorded_by, payments_1.note AS payments_1_note, payments_1.paid_at AS payments_1_paid_at, payments_1.created_at AS payments_1_created_at, fee_records_1.id AS fee_records_1_id, fee_records_1.student_id AS fee_records_1_student_id, fee_records_1.fee_type_id AS fee_records_1_fee_type_id, fee_records_1.total_fees_kobo AS fee_records_1_total_fees_kobo, fee_records_1.amount_paid_kobo AS fee_records_1_amount_paid_kobo, fee_records_1.status AS fee_records_1_status, fee_records_1.created_at AS fee_records_1_created_at, fee_records_1.updated_at AS fee_records_1_updated_at 
FROM (SELECT students.id AS students_id, students.school_id AS students_school_id, students.student_name AS students_student_name, students.section AS students_section, students.class_name AS students_class_name, students.parent_name AS students_parent_name, students.parent_phone AS students_parent_phone, students.parent_email AS students_parent_email, students.is_active AS students_is_active, students.created_at AS students_created_at 
FROM students 
WHERE students.id = ?
 LIMIT ? OFFSET ?) AS anon_1 LEFT OUTER JOIN fee_records AS fee_records_1 ON anon_1.students_id = fee_records_1.student_id LEFT OUTER JOIN fee_types AS fee_types_1 ON fee_types_1.id = fee_records_1.fee_type_id LEFT OUTER JOIN fee_categories AS fee_categories_1 ON fee_categories_1.id = fee_types_1.category_id LEFT OUTER JOIN payments AS payments_1 ON fee_records_1.id = payments_1.fee_record_id
2026-08-01 17:39:04 | INFO     | sqlalchemy.engine.Engine | SELECT anon_1.students_id AS anon_1_students_id, anon_1.students_school_id AS anon_1_students_school_id, anon_1.students_student_name AS anon_1_students_student_name, anon_1.students_section AS anon_1_students_section, anon_1.students_class_name AS anon_1_students_class_name, anon_1.students_parent_name AS anon_1_students_parent_name, anon_1.students_parent_phone AS anon_1_students_parent_phone, anon_1.students_parent_email AS anon_1_students_parent_email, anon_1.students_is_active AS anon_1_students_is_active, anon_1.students_created_at AS anon_1_students_created_at, fee_categories_1.id AS fee_categories_1_id, fee_categories_1.school_id AS fee_categories_1_school_id, fee_categories_1.name AS fee_categories_1_name, fee_categories_1.created_at AS fee_categories_1_created_at, fee_types_1.id AS fee_types_1_id, fee_types_1.school_id AS fee_types_1_school_id, fee_types_1.category_id AS fee_types_1_category_id, fee_types_1.section AS fee_types_1_section, fee_types_1.term AS fee_types_1_term, fee_types_1.amount_kobo AS fee_types_1_amount_kobo, fee_types_1.created_at AS fee_types_1_created_at, payments_1.id AS payments_1_id, payments_1.fee_record_id AS payments_1_fee_record_id, payments_1.amount_kobo AS payments_1_amount_kobo, payments_1.method AS payments_1_method, payments_1.paystack_reference AS payments_1_paystack_reference, payments_1.recorded_by AS payments_1_recorded_by, payments_1.note AS payments_1_note, payments_1.paid_at AS payments_1_paid_at, payments_1.created_at AS payments_1_created_at, fee_records_1.id AS fee_records_1_id, fee_records_1.student_id AS fee_records_1_student_id, fee_records_1.fee_type_id AS fee_records_1_fee_type_id, fee_records_1.total_fees_kobo AS fee_records_1_total_fees_kobo, fee_records_1.amount_paid_kobo AS fee_records_1_amount_paid_kobo, fee_records_1.status AS fee_records_1_status, fee_records_1.created_at AS fee_records_1_created_at, fee_records_1.updated_at AS fee_records_1_updated_at 
FROM (SELECT students.id AS students_id, students.school_id AS students_school_id, students.student_name AS students_student_name, students.section AS students_section, students.class_name AS students_class_name, students.parent_name AS students_parent_name, students.parent_phone AS students_parent_phone, students.parent_email AS students_parent_email, students.is_active AS students_is_active, students.created_at AS students_created_at 
FROM students 
WHERE students.id = ?
 LIMIT ? OFFSET ?) AS anon_1 LEFT OUTER JOIN fee_records AS fee_records_1 ON anon_1.students_id = fee_records_1.student_id LEFT OUTER JOIN fee_types AS fee_types_1 ON fee_types_1.id = fee_records_1.fee_type_id LEFT OUTER JOIN fee_categories AS fee_categories_1 ON fee_categories_1.id = fee_types_1.category_id LEFT OUTER JOIN payments AS payments_1 ON fee_records_1.id = payments_1.fee_record_id
2026-08-01 17:39:04,859 INFO sqlalchemy.engine.Engine [cached since 1406s ago] (5, 1, 0)
2026-08-01 17:39:04 | INFO     | sqlalchemy.engine.Engine | [cached since 1406s ago] (5, 1, 0)
2026-08-01 17:39:04,879 INFO sqlalchemy.engine.Engine SELECT activity_logs.id AS activity_logs_id, activity_logs.school_id AS activity_logs_school_id, activity_logs.student_id AS activity_logs_student_id, activity_logs.action AS activity_logs_action, activity_logs.description AS activity_logs_description, activity_logs.created_at AS activity_logs_created_at 
FROM activity_logs 
WHERE activity_logs.student_id = ? ORDER BY activity_logs.created_at DESC
2026-08-01 17:39:04 | INFO     | sqlalchemy.engine.Engine | SELECT activity_logs.id AS activity_logs_id, activity_logs.school_id AS activity_logs_school_id, activity_logs.student_id AS activity_logs_student_id, activity_logs.action AS activity_logs_action, activity_logs.description AS activity_logs_description, activity_logs.created_at AS activity_logs_created_at 
FROM activity_logs 
WHERE activity_logs.student_id = ? ORDER BY activity_logs.created_at DESC
2026-08-01 17:39:04,880 INFO sqlalchemy.engine.Engine [cached since 1406s ago] (5,)
2026-08-01 17:39:04 | INFO     | sqlalchemy.engine.Engine | [cached since 1406s ago] (5,)
INFO:     127.0.0.1:57981 - "GET /api/v1/dashboard/students/5 HTTP/1.1" 200 OK
2026-08-01 17:39:04,891 INFO sqlalchemy.engine.Engine ROLLBACK
2026-08-01 17:39:04 | INFO     | sqlalchemy.engine.Engine | ROLLBACK
